Cycle start time,Recovery score %,Resting heart rate (bpm),Heart rate variability (ms),Day Strain
2022-10-30 02:31:40,32.0,57.0,66.0,7.9
2022-10-28 23:00:54,61.0,51.0,81.0,10.1
2022-10-27 23:57:00,58.0,48.0,80.0,16.4
2022-10-26 22:46:45,57.0,51.0,79.0,17.3
2022-10-25 20:53:45,68.0,49.0,81.0,18.1
2022-10-24 23:00:34,68.0,48.0,81.0,10.7
2022-10-23 23:24:03,71.0,46.0,83.0,8.0
2022-10-23 00:35:07,53.0,47.0,78.0,11.7
2022-10-21 22:30:35,52.0,51.0,77.0,11.8
2022-10-20 22:54:34,49.0,50.0,75.0,14.3
2022-10-19 23:06:58,68.0,47.0,88.0,15.5
2022-10-18 22:55:53,62.0,48.0,85.0,9.1
2022-10-17 22:38:03,55.0,51.0,79.0,10.1
2022-10-16 22:21:30,61.0,48.0,84.0,9.6
2022-10-15 23:13:51,70.0,48.0,91.0,14.9
2022-10-14 22:57:28,76.0,51.0,95.0,12.3
2022-10-13 22:21:51,87.0,48.0,105.0,14.1
2022-10-12 21:50:32,74.0,51.0,93.0,13.5
2022-10-12 00:31:31,13.0,66.0,57.0,12.0
2022-10-10 22:13:03,74.0,53.0,95.0,14.1
2022-10-09 21:28:46,63.0,56.0,95.0,10.4
2022-10-09 02:37:16,58.0,50.0,101.0,16.9
2022-10-07 23:14:50,70.0,49.0,87.0,14.4
2022-10-06 22:21:54,86.0,47.0,102.0,15.1
2022-10-05 23:47:53,33.0,52.0,77.0,10.9
2022-10-04 22:22:45,87.0,47.0,97.0,11.0
2022-10-03 22:40:30,83.0,47.0,93.0,9.5
2022-10-02 21:58:09,67.0,50.0,87.0,10.4
2022-10-01 20:01:29,9.0,70.0,54.0,6.7
2022-09-30 23:20:16,54.0,49.0,72.0,13.6
2022-09-29 22:39:22,79.0,46.0,87.0,15.8
2022-09-28 22:04:43,64.0,45.0,78.0,11.2
2022-09-28 01:31:16,1.0,64.0,40.0,18.7
2022-09-26 22:28:33,58.0,45.0,78.0,17.6
2022-09-25 23:02:09,66.0,45.0,81.0,10.2
2022-09-24 22:25:32,89.0,48.0,90.0,15.8
2022-09-23 23:39:02,56.0,48.0,79.0,18.5
2022-09-22 22:17:43,62.0,47.0,79.0,13.1
2022-09-21 21:57:29,71.0,47.0,82.0,15.5
2022-09-20 22:08:56,61.0,48.0,82.0,15.5
2022-09-19 22:48:18,61.0,49.0,84.0,12.6
2022-09-19 01:36:01,42.0,46.0,82.0,15.8
2022-09-17 23:01:12,71.0,46.0,89.0,16.8
2022-09-17 01:54:12,42.0,54.0,77.0,11.3
2022-09-15 21:58:45,84.0,49.0,96.0,15.8
2022-09-14 23:09:24,84.0,45.0,95.0,17.2
2022-09-13 22:07:48,92.0,45.0,91.0,15.7
2022-09-12 20:59:30,83.0,48.0,91.0,8.0
2022-09-11 21:29:11,69.0,51.0,90.0,8.9
2022-09-10 21:03:11,35.0,55.0,76.0,6.1
2022-09-09 22:55:08,63.0,50.0,81.0,10.4
2022-09-08 22:20:58,89.0,44.0,91.0,15.4
2022-09-07 22:55:03,63.0,45.0,78.0,15.8
2022-09-06 22:24:14,62.0,44.0,77.0,15.6
2022-09-05 22:43:25,93.0,45.0,93.0,13.3
2022-09-04 23:18:28,68.0,44.0,82.0,15.7
2022-09-03 23:07:23,20.0,42.0,94.0,15.4
2022-09-02 23:12:09,69.0,46.0,80.0,14.7
2022-09-01 22:41:48,70.0,47.0,81.0,8.5
2022-08-31 21:40:43,69.0,47.0,80.0,10.6
2022-08-30 22:52:46,58.0,47.0,77.0,12.8
2022-08-29 21:28:37,70.0,45.0,81.0,7.6
2022-08-28 21:10:19,40.0,47.0,65.0,7.0
2022-08-27 23:21:01,82.0,45.0,88.0,16.3
2022-08-26 23:06:04,68.0,46.0,82.0,11.4
2022-08-25 21:51:35,72.0,45.0,80.0,10.1
2022-08-24 22:09:48,65.0,47.0,80.0,12.9
2022-08-23 22:47:44,53.0,49.0,75.0,11.7
2022-08-22 22:05:24,55.0,48.0,77.0,13.3
2022-08-21 22:35:09,83.0,47.0,93.0,4.3
2022-08-20 23:57:53,21.0,67.0,58.0,6.6
2022-08-19 21:38:56,66.0,45.0,87.0,20.7
2022-08-18 22:46:10,70.0,46.0,91.0,7.5
2022-08-17 23:03:55,84.0,44.0,92.0,15.7
2022-08-16 23:50:00,81.0,46.0,91.0,13.9
2022-08-15 23:14:53,62.0,46.0,83.0,14.7
2022-08-14 22:53:40,92.0,44.0,97.0,14.2
2022-08-14 01:32:15,66.0,51.0,89.0,6.1
2022-08-13 01:34:08,54.0,46.0,78.0,17.6
2022-08-11 21:03:58,84.0,47.0,90.0,10.5
2022-08-10 22:02:33,83.0,46.0,89.0,18.8
2022-08-09 21:56:16,79.0,46.0,85.0,16.1
2022-08-08 22:39:54,85.0,44.0,89.0,15.8
2022-08-07 22:08:37,86.0,46.0,90.0,11.7
2022-08-07 01:51:07,43.0,46.0,70.0,17.1
2022-08-05 22:22:11,82.0,44.0,82.0,16.5
2022-08-04 22:13:57,49.0,50.0,70.0,6.7
2022-08-03 22:23:03,90.0,46.0,86.0,14.0
2022-08-02 22:05:42,82.0,48.0,85.0,6.0
2022-08-01 22:30:09,88.0,46.0,85.0,16.5
2022-07-31 22:40:42,45.0,45.0,68.0,15.5
2022-07-30 23:56:07,63.0,47.0,75.0,15.5
2022-07-30 00:02:19,58.0,47.0,73.0,15.3
2022-07-28 23:01:14,70.0,46.0,76.0,6.1
2022-07-27 21:41:53,81.0,45.0,80.0,15.7
2022-07-26 23:20:51,50.0,48.0,73.0,13.8
2022-07-25 22:24:32,55.0,46.0,75.0,18.0
2022-07-25 00:08:13,52.0,46.0,76.0,8.5
2022-07-24 03:44:26,20.0,51.0,69.0,4.3
2022-07-22 23:27:15,73.0,49.0,86.0,14.4
2022-07-21 23:08:56,71.0,47.0,87.0,19.1
2022-07-20 23:00:43,71.0,46.0,84.0,17.1
2022-07-19 22:25:40,86.0,44.0,86.0,7.4
2022-07-18 23:29:33,88.0,46.0,87.0,10.8
2022-07-17 22:46:15,95.0,46.0,92.0,8.7
2022-07-16 21:52:50,85.0,53.0,92.0,5.2
2022-07-15 23:21:14,41.0,56.0,63.0,13.1
2022-07-14 23:03:53,72.0,47.0,72.0,15.4
2022-07-13 22:00:52,55.0,51.0,67.0,13.6
2022-07-12 22:48:54,63.0,48.0,70.0,20.1
2022-07-11 22:49:47,57.0,48.0,68.0,17.6
2022-07-10 22:08:24,64.0,44.0,69.0,16.1
2022-07-09 23:05:13,80.0,45.0,76.0,7.2
2022-07-08 22:56:28,48.0,46.0,67.0,14.4
2022-07-07 22:21:50,88.0,43.0,81.0,5.4
2022-07-06 22:47:42,61.0,47.0,70.0,8.6
2022-07-05 22:28:26,52.0,50.0,68.0,12.3
2022-07-04 22:42:20,56.0,48.0,70.0,19.2
2022-07-03 22:17:18,84.0,48.0,81.0,14.1
2022-07-02 22:49:20,85.0,46.0,80.0,17.3
2022-07-01 22:02:52,95.0,47.0,85.0,15.9
2022-06-30 21:43:08,56.0,47.0,71.0,11.3
2022-06-29 22:10:29,52.0,48.0,71.0,6.9
2022-06-28 22:27:45,47.0,49.0,69.0,13.4
2022-06-27 20:25:51,55.0,48.0,74.0,18.4
2022-06-26 21:23:09,61.0,46.0,78.0,17.2
2022-06-25 21:58:44,83.0,44.0,83.0,17.0
2022-06-24 22:50:45,68.0,46.0,80.0,7.7
2022-06-23 21:56:08,55.0,47.0,82.0,7.8
2022-06-22 22:18:35,75.0,47.0,81.0,11.7
2022-06-21 21:46:00,74.0,48.0,80.0,17.1
2022-06-20 21:31:14,91.0,47.0,85.0,17.2
2022-06-19 21:45:21,92.0,45.0,84.0,15.6
2022-06-18 22:27:56,94.0,46.0,85.0,11.3
2022-06-17 23:21:42,82.0,49.0,78.0,13.2
2022-06-16 22:13:12,80.0,48.0,76.0,13.8
2022-06-15 22:24:50,49.0,49.0,67.0,8.7
2022-06-14 23:04:20,67.0,48.0,71.0,18.0
2022-06-13 22:34:26,80.0,47.0,75.0,8.2
2022-06-12 22:49:17,60.0,49.0,71.0,5.2
2022-06-11 23:37:19,81.0,46.0,79.0,9.2
2022-06-11 01:59:21,49.0,49.0,68.0,11.2
2022-06-09 23:19:16,52.0,49.0,68.0,17.3
2022-06-08 22:59:31,50.0,48.0,67.0,18.1
2022-06-07 22:03:42,77.0,49.0,79.0,5.2
2022-06-06 21:45:36,75.0,50.0,78.0,14.5
2022-06-05 22:13:28,94.0,49.0,92.0,9.8
2022-06-04 21:58:21,61.0,57.0,75.0,9.1
2022-06-03 23:29:10,74.0,49.0,77.0,20.7
2022-06-02 21:57:48,86.0,48.0,84.0,10.6
2022-06-01 22:45:30,90.0,50.0,85.0,12.0
2022-06-01 02:35:10,41.0,54.0,62.0,12.9
2022-05-30 22:29:17,80.0,49.0,77.0,19.3
2022-05-29 21:41:00,82.0,48.0,76.0,10.4
2022-05-28 23:46:03,92.0,48.0,81.0,8.9
2022-05-27 22:41:14,39.0,51.0,55.0,6.6
2022-05-26 21:56:51,72.0,51.0,71.0,12.1
2022-05-25 22:05:01,59.0,50.0,68.0,11.5
2022-05-24 22:36:19,92.0,46.0,81.0,18.0
2022-05-23 22:03:58,86.0,47.0,77.0,15.5
2022-05-22 21:53:09,56.0,49.0,66.0,12.4
2022-05-21 22:01:06,44.0,50.0,60.0,15.3
2022-05-20 22:27:07,81.0,47.0,76.0,19.4
2022-05-19 22:59:06,49.0,49.0,66.0,5.9
2022-05-18 22:07:56,71.0,49.0,73.0,14.2
2022-05-17 21:36:19,83.0,49.0,72.0,12.4
2022-05-16 21:49:36,88.0,46.0,78.0,18.7
2022-05-15 23:37:51,59.0,46.0,75.0,14.4
2022-05-14 21:47:16,87.0,49.0,76.0,12.0
2022-05-13 21:51:28,91.0,46.0,76.0,18.1
2022-05-12 20:31:37,85.0,49.0,72.0,9.7
2022-05-11 20:20:05,26.0,57.0,55.0,10.9
2022-05-10 21:32:30,49.0,49.0,60.0,11.4
2022-05-09 22:28:52,38.0,52.0,58.0,14.9
2022-05-08 22:58:52,56.0,46.0,67.0,20.2
2022-05-08 03:23:33,48.0,47.0,67.0,7.8
2022-05-06 23:01:26,48.0,48.0,65.0,13.8
2022-05-05 21:29:58,60.0,51.0,73.0,16.9
2022-05-04 22:19:57,54.0,49.0,71.0,14.4
2022-05-03 22:13:30,88.0,46.0,80.0,17.3
2022-05-02 22:56:03,65.0,48.0,75.0,15.9
2022-05-01 21:55:35,80.0,46.0,79.0,17.5
2022-04-30 22:10:30,86.0,46.0,80.0,18.5
2022-04-30 00:19:54,75.0,48.0,77.0,7.9
2022-04-28 22:12:01,75.0,47.0,75.0,18.9
2022-04-27 22:23:30,85.0,46.0,77.0,14.8
2022-04-26 22:30:41,92.0,47.0,83.0,11.9
2022-04-25 22:34:06,60.0,48.0,68.0,17.6
2022-04-24 22:13:40,74.0,47.0,71.0,18.4
2022-04-23 23:09:25,68.0,49.0,68.0,11.7
2022-04-22 22:29:52,77.0,46.0,72.0,18.7
2022-04-21 23:06:03,66.0,52.0,71.0,7.4
2022-04-20 23:08:25,62.0,48.0,65.0,20.1
2022-04-19 22:47:45,39.0,51.0,57.0,12.9
2022-04-18 21:59:43,27.0,53.0,51.0,16.2
2022-04-17 22:09:46,51.0,47.0,66.0,17.6
2022-04-17 00:42:05,46.0,47.0,65.0,12.3
2022-04-15 22:31:31,47.0,49.0,67.0,8.3
2022-04-14 22:48:58,87.0,47.0,80.0,15.8
2022-04-13 22:31:19,89.0,47.0,80.0,14.2
2022-04-12 21:57:50,72.0,48.0,73.0,13.8
2022-04-11 22:31:16,70.0,48.0,73.0,14.4
2022-04-10 22:26:16,82.0,47.0,77.0,15.4
2022-04-09 22:54:33,53.0,49.0,68.0,17.8
2022-04-08 22:53:42,72.0,48.0,75.0,17.4
2022-04-07 21:53:09,57.0,47.0,71.0,16.3
2022-04-06 22:07:26,50.0,52.0,70.0,8.2
2022-04-05 22:22:37,46.0,47.0,67.0,18.7
2022-04-04 22:24:39,80.0,45.0,81.0,13.1
2022-04-03 21:56:21,80.0,44.0,79.0,17.8
2022-04-02 23:33:53,69.0,46.0,73.0,10.4
2022-04-01 22:18:10,88.0,47.0,82.0,14.2
2022-03-31 22:36:47,77.0,49.0,77.0,16.6
2022-03-30 22:33:15,70.0,47.0,73.0,17.9
2022-03-29 23:03:14,51.0,50.0,68.0,18.3
2022-03-28 22:11:13,29.0,51.0,55.0,15.9
2022-03-27 22:51:16,52.0,49.0,72.0,18.3
2022-03-27 00:01:43,51.0,47.0,70.0,17.4
2022-03-25 23:47:05,78.0,47.0,81.0,5.0
2022-03-24 23:06:41,63.0,48.0,77.0,11.6
2022-03-23 22:17:19,88.0,45.0,85.0,13.8
2022-03-22 22:55:11,87.0,46.0,86.0,17.6
2022-03-21 22:22:51,66.0,46.0,77.0,19.3
2022-03-20 21:28:16,65.0,46.0,78.0,15.1
2022-03-19 23:18:26,42.0,50.0,68.0,16.7
2022-03-18 22:37:28,53.0,47.0,75.0,20.5
2022-03-17 21:56:15,62.0,46.0,79.0,13.7
2022-03-16 22:15:42,70.0,46.0,81.0,10.1
2022-03-15 23:16:46,74.0,49.0,84.0,10.3
2022-03-14 21:17:44,84.0,45.0,82.0,20.2
2022-03-13 20:36:35,81.0,46.0,81.0,11.6
2022-03-12 22:11:11,79.0,49.0,81.0,5.3
2022-03-11 21:43:15,80.0,53.0,85.0,20.4
2022-03-10 22:28:51,68.0,48.0,77.0,8.9
2022-03-09 21:55:28,57.0,48.0,74.0,16.8
2022-03-08 21:55:02,75.0,46.0,77.0,18.1
2022-03-07 21:46:17,51.0,49.0,71.0,10.1
2022-03-06 22:26:31,74.0,47.0,80.0,18.5
2022-03-06 00:04:51,48.0,46.0,69.0,8.0
2022-03-04 23:02:04,58.0,47.0,77.0,13.1
2022-03-03 22:07:52,38.0,49.0,66.0,14.8
2022-03-02 22:08:59,56.0,47.0,79.0,19.1
2022-03-01 22:38:24,46.0,49.0,73.0,15.4
2022-02-28 22:21:58,62.0,49.0,83.0,11.9
2022-02-27 22:40:54,73.0,47.0,87.0,19.7
2022-02-26 22:42:23,71.0,46.0,85.0,14.5
2022-02-25 23:03:02,80.0,46.0,87.0,12.3
2022-02-24 23:12:13,38.0,51.0,68.0,6.0
2022-02-23 23:01:48,84.0,47.0,89.0,19.4
2022-02-22 22:29:32,87.0,48.0,91.0,16.4
2022-02-21 22:30:21,72.0,47.0,83.0,18.1
2022-02-20 22:22:50,72.0,47.0,82.0,17.6
2022-02-19 21:58:59,86.0,46.0,88.0,7.8
2022-02-18 21:33:59,52.0,52.0,76.0,18.4
2022-02-17 21:39:50,68.0,47.0,82.0,19.0
2022-02-16 20:31:44,67.0,47.0,81.0,16.7
2022-02-15 23:30:14,68.0,48.0,80.0,13.3
2022-02-14 20:08:27,84.0,45.0,89.0,16.5
2022-02-13 21:37:00,90.0,45.0,98.0,7.3
2022-02-12 21:04:52,83.0,47.0,83.0,17.1
2022-02-11 22:30:00,68.0,47.0,75.0,17.9
2022-02-10 22:08:17,60.0,53.0,70.0,11.2
2022-02-09 20:34:56,58.0,56.0,72.0,12.1
2022-02-08 21:11:25,54.0,60.0,73.0,4.1
2022-02-07 20:28:59,1.0,78.0,29.0,13.0
2022-02-06 21:37:11,69.0,54.0,84.0,7.3
2022-02-05 23:32:53,77.0,45.0,82.0,19.6
2022-02-05 00:37:46,57.0,49.0,75.0,7.2
2022-02-03 22:37:52,80.0,48.0,87.0,17.8
2022-02-02 21:18:11,95.0,46.0,102.0,14.6
2022-02-01 21:27:11,84.0,53.0,94.0,17.5
2022-01-31 21:47:06,43.0,52.0,64.0,14.6
2022-01-30 22:36:35,59.0,47.0,73.0,11.1
2022-01-29 18:55:06,50.0,56.0,68.0,13.1
2022-01-28 22:04:03,85.0,47.0,83.0,20.6
2022-01-27 21:40:33,84.0,48.0,82.0,10.8
2022-01-26 22:09:48,68.0,49.0,77.0,15.5
2022-01-25 21:56:06,92.0,47.0,85.0,16.5
2022-01-24 20:28:20,74.0,48.0,78.0,17.8
2022-01-23 22:05:44,92.0,46.0,84.0,15.0
2022-01-22 22:38:29,52.0,52.0,72.0,18.2
2022-01-21 22:19:32,84.0,46.0,80.0,20.4
2022-01-20 21:07:55,89.0,45.0,79.0,6.7
2022-01-19 22:54:46,86.0,44.0,78.0,15.3
2022-01-18 23:33:36,70.0,45.0,74.0,12.0
2022-01-17 21:47:02,69.0,46.0,73.0,15.6
2022-01-16 22:04:20,84.0,44.0,76.0,14.0
2022-01-15 22:29:53,79.0,51.0,79.0,9.5
2022-01-14 22:08:17,61.0,46.0,70.0,20.6
2022-01-13 22:29:42,72.0,47.0,73.0,13.6
2022-01-12 23:26:14,62.0,46.0,71.0,15.6
2022-01-11 22:36:37,48.0,49.0,67.0,15.8
2022-01-10 22:21:25,71.0,46.0,73.0,10.6
2022-01-09 22:20:19,62.0,46.0,72.0,16.9
2022-01-08 21:27:36,57.0,45.0,70.0,15.8
2022-01-07 22:42:12,68.0,45.0,74.0,4.3
2022-01-06 22:03:30,73.0,47.0,76.0,15.0
2022-01-05 22:10:44,91.0,48.0,82.0,9.0
2022-01-04 22:16:47,63.0,47.0,72.0,13.3
2022-01-03 22:27:44,59.0,45.0,69.0,16.0
2022-01-02 21:47:14,76.0,46.0,76.0,9.1
2022-01-02 00:08:31,61.0,48.0,75.0,6.8
2022-01-01 04:04:42,35.0,52.0,64.0,4.1
2021-12-30 23:29:15,58.0,46.0,74.0,15.1
2021-12-29 22:33:00,49.0,48.0,69.0,5.2
2021-12-28 22:12:05,72.0,48.0,79.0,13.6
2021-12-27 23:03:13,88.0,45.0,83.0,6.9
2021-12-26 22:39:19,88.0,46.0,84.0,13.7
2021-12-25 23:14:11,87.0,46.0,82.0,6.9
2021-12-24 23:46:06,74.0,46.0,77.0,5.2
2021-12-23 23:04:58,74.0,49.0,77.0,8.6
2021-12-22 23:08:56,49.0,47.0,66.0,13.9
2021-12-21 22:19:05,66.0,48.0,75.0,5.6
2021-12-20 22:06:01,79.0,46.0,79.0,11.7
2021-12-19 20:35:33,45.0,48.0,64.0,10.7
2021-12-19 01:31:47,54.0,50.0,74.0,5.5
2021-12-17 21:37:38,91.0,46.0,84.0,16.5
2021-12-16 22:21:49,78.0,49.0,80.0,11.8
2021-12-15 21:44:02,70.0,46.0,77.0,16.5
2021-12-14 21:39:34,62.0,48.0,75.0,10.8
2021-12-13 21:27:50,96.0,47.0,87.0,15.1
2021-12-12 22:12:22,67.0,51.0,79.0,14.0
2021-12-11 22:40:20,66.0,49.0,77.0,17.4
2021-12-10 22:16:21,60.0,49.0,77.0,12.5
2021-12-09 22:07:35,70.0,48.0,81.0,16.7
2021-12-08 22:06:12,80.0,46.0,83.0,10.3
2021-12-07 21:48:23,62.0,48.0,78.0,9.2
2021-12-06 22:05:14,81.0,48.0,84.0,14.7
2021-12-05 21:35:11,87.0,51.0,86.0,10.9
2021-12-04 22:53:46,60.0,51.0,75.0,19.9
2021-12-03 22:03:40,83.0,49.0,83.0,17.2
2021-12-02 21:03:59,93.0,46.0,87.0,17.5
2021-12-01 21:27:11,78.0,48.0,80.0,10.0
2021-11-30 22:01:11,82.0,47.0,79.0,16.2
2021-11-29 22:16:48,93.0,46.0,85.0,15.8
2021-11-28 21:52:27,73.0,48.0,76.0,11.8
2021-11-27 23:59:09,47.0,55.0,70.0,7.8
2021-11-26 23:54:40,63.0,50.0,75.0,20.6
2021-11-25 22:35:35,83.0,45.0,80.0,15.4
2021-11-24 21:07:45,83.0,47.0,79.0,14.5
2021-11-23 21:47:20,74.0,47.0,74.0,16.2
2021-11-22 21:41:21,51.0,50.0,66.0,12.4
2021-11-21 21:47:36,55.0,52.0,71.0,12.9
2021-11-20 22:12:51,40.0,50.0,60.0,18.3
2021-11-19 23:59:25,42.0,50.0,65.0,15.2
2021-11-18 22:40:18,66.0,46.0,75.0,14.8
2021-11-17 22:37:44,95.0,43.0,90.0,16.4
2021-11-16 22:36:13,75.0,46.0,77.0,12.0
2021-11-15 22:11:28,68.0,48.0,76.0,14.8
2021-11-14 22:16:16,47.0,47.0,68.0,14.7
2021-11-14 00:17:38,56.0,52.0,75.0,13.0
2021-11-12 22:57:46,91.0,48.0,83.0,20.5
2021-11-11 21:55:07,64.0,49.0,76.0,13.9
2021-11-10 22:23:56,65.0,48.0,77.0,13.1
2021-11-09 22:35:22,53.0,49.0,74.0,12.0
2021-11-08 20:48:27,83.0,46.0,81.0,19.0
2021-11-07 22:06:03,76.0,45.0,79.0,14.4
2021-11-06 23:25:25,83.0,45.0,81.0,13.1
2021-11-05 22:42:55,54.0,48.0,74.0,6.6
2021-11-04 22:55:35,58.0,47.0,77.0,16.9
2021-11-03 21:28:32,62.0,48.0,78.0,12.0
2021-11-02 21:49:02,82.0,46.0,83.0,17.9
2021-11-01 21:36:58,52.0,49.0,74.0,14.8
2021-10-31 23:01:23,71.0,47.0,82.0,16.8
2021-10-30 23:34:34,80.0,47.0,84.0,8.2
2021-10-29 22:50:52,83.0,47.0,85.0,9.9
2021-10-28 22:13:48,76.0,46.0,82.0,11.1
2021-10-27 22:11:59,92.0,46.0,88.0,13.5
2021-10-26 21:31:25,68.0,49.0,80.0,17.7
2021-10-25 22:21:53,85.0,46.0,82.0,14.0
2021-10-24 23:13:51,88.0,45.0,83.0,12.9
2021-10-23 22:08:22,47.0,52.0,74.0,10.3
2021-10-22 23:11:22,71.0,47.0,80.0,20.6
2021-10-21 22:26:07,64.0,46.0,76.0,14.6
2021-10-20 22:22:50,52.0,47.0,74.0,11.6
2021-10-19 23:20:52,64.0,46.0,78.0,7.9
2021-10-18 22:23:53,70.0,46.0,79.0,14.2
2021-10-17 22:25:25,78.0,46.0,81.0,13.6
2021-10-16 23:29:29,62.0,47.0,75.0,14.0
2021-10-15 22:30:15,92.0,47.0,87.0,16.7
2021-10-14 21:30:14,66.0,47.0,80.0,12.8
2021-10-13 21:43:05,61.0,50.0,80.0,7.1
2021-10-12 21:58:49,54.0,47.0,77.0,17.6
2021-10-11 22:04:52,59.0,45.0,79.0,16.2
2021-10-10 21:59:47,81.0,44.0,87.0,15.5
2021-10-09 23:02:56,95.0,43.0,94.0,8.0
2021-10-08 23:14:52,85.0,44.0,87.0,10.5
2021-10-07 23:12:09,70.0,46.0,82.0,15.9
2021-10-06 22:53:00,78.0,47.0,84.0,17.7
2021-10-05 21:51:34,77.0,49.0,82.0,11.0
2021-10-04 23:14:02,52.0,48.0,77.0,17.4
2021-10-03 21:59:09,72.0,47.0,83.0,17.2
2021-10-02 23:11:33,47.0,48.0,74.0,10.7
2021-10-01 22:49:28,50.0,50.0,78.0,18.1
2021-09-30 21:40:00,69.0,47.0,85.0,19.8
2021-09-29 21:23:38,61.0,48.0,83.0,11.3
2021-09-29 01:24:02,32.0,49.0,71.0,15.7
2021-09-27 22:40:30,70.0,44.0,85.0,16.8
2021-09-26 22:32:32,80.0,45.0,86.0,11.0
2021-09-25 22:47:44,84.0,45.0,87.0,11.9
2021-09-24 21:56:18,68.0,48.0,81.0,13.4
2021-09-23 21:57:58,89.0,45.0,90.0,16.8
2021-09-22 21:20:53,73.0,48.0,83.0,10.2
2021-09-21 20:37:00,54.0,47.0,71.0,18.0
2021-09-20 21:42:18,47.0,47.0,74.0,13.7
2021-09-19 21:56:49,52.0,45.0,76.0,15.7
2021-09-18 23:17:01,47.0,45.0,74.0,8.3
2021-09-17 23:33:55,46.0,45.0,74.0,13.0
2021-09-16 23:27:04,68.0,46.0,86.0,8.8
2021-09-15 22:25:49,65.0,45.0,85.0,19.3
2021-09-14 21:59:00,92.0,44.0,95.0,16.0
2021-09-13 21:24:01,76.0,44.0,86.0,16.0
2021-09-12 22:35:39,75.0,45.0,86.0,12.2
2021-09-11 21:26:46,60.0,51.0,82.0,13.6
2021-09-10 23:22:41,78.0,47.0,89.0,20.4
2021-09-09 21:44:46,50.0,51.0,79.0,9.6
2021-09-08 22:19:51,48.0,50.0,78.0,17.9
2021-09-07 21:48:54,57.0,49.0,85.0,19.4
2021-09-06 22:49:12,67.0,49.0,92.0,13.7
2021-09-05 23:00:11,65.0,47.0,91.0,18.3
2021-09-04 23:18:31,59.0,47.0,87.0,15.4
2021-09-03 22:26:14,88.0,46.0,97.0,14.1
2021-09-02 22:11:43,89.0,46.0,96.0,13.2
2021-09-01 20:58:53,93.0,47.0,97.0,11.5
2021-08-31 21:51:51,80.0,46.0,92.0,19.3
2021-08-30 21:51:16,87.0,44.0,94.0,16.2
2021-08-29 22:23:44,62.0,45.0,87.0,15.2
2021-08-28 22:04:45,74.0,43.0,92.0,12.1
2021-08-28 00:47:00,61.0,46.0,86.0,4.1
2021-08-26 23:56:27,73.0,47.0,96.0,9.8
2021-08-25 22:41:28,80.0,47.0,97.0,18.3
2021-08-24 23:22:51,81.0,48.0,92.0,14.4
2021-08-23 23:25:39,85.0,47.0,95.0,17.0
2021-08-23 01:13:58,82.0,44.0,94.0,15.9
2021-08-22 01:14:19,88.0,46.0,95.0,5.2
2021-08-20 22:54:19,43.0,56.0,67.0,6.5
2021-08-19 21:20:00,1.0,78.0,38.0,6.2
2021-08-18 21:33:11,55.0,47.0,78.0,16.8
2021-08-17 23:40:46,62.0,45.0,83.0,9.7
2021-08-16 22:55:01,78.0,45.0,85.0,10.6
2021-08-15 22:45:06,59.0,46.0,82.0,11.0
2021-08-14 23:34:52,56.0,45.0,80.0,13.2
2021-08-13 23:09:33,62.0,46.0,83.0,10.5
2021-08-12 22:58:42,67.0,46.0,86.0,9.6
2021-08-11 23:02:02,81.0,45.0,87.0,15.8
2021-08-10 22:35:10,78.0,45.0,85.0,9.5
2021-08-09 22:49:36,56.0,48.0,80.0,12.6
2021-08-08 21:48:08,92.0,43.0,92.0,20.5
2021-08-07 22:59:51,82.0,45.0,85.0,15.5
2021-08-06 23:23:08,55.0,46.0,80.0,4.6
2021-08-05 22:47:13,62.0,46.0,82.0,8.3
2021-08-04 22:27:10,50.0,47.0,76.0,14.2
2021-08-03 22:17:06,73.0,45.0,88.0,15.8
2021-08-02 22:24:35,75.0,44.0,86.0,12.6
2021-08-01 23:09:23,74.0,45.0,85.0,15.6
2021-07-31 23:23:54,75.0,46.0,83.0,7.7
2021-07-30 23:38:07,80.0,45.0,86.0,15.2
2021-07-29 22:17:42,93.0,45.0,96.0,7.0
2021-07-28 22:36:05,49.0,49.0,71.0,10.8
2021-07-27 22:18:49,67.0,47.0,76.0,20.5
2021-07-26 22:25:45,82.0,45.0,82.0,15.8
2021-07-25 22:52:21,62.0,46.0,73.0,10.5
2021-07-25 00:03:23,52.0,47.0,68.0,13.4
2021-07-23 23:27:23,33.0,56.0,60.0,7.1
2021-07-22 23:05:07,56.0,47.0,75.0,17.1
2021-07-21 23:07:12,49.0,48.0,71.0,14.0
2021-07-20 23:03:54,60.0,47.0,78.0,8.9
2021-07-19 23:05:58,55.0,46.0,77.0,18.0
2021-07-18 23:14:34,80.0,45.0,89.0,15.6
2021-07-17 23:42:07,93.0,46.0,95.0,8.2
2021-07-16 23:40:17,87.0,49.0,95.0,11.9
2021-07-15 23:13:48,80.0,48.0,85.0,8.6
2021-07-14 22:58:13,65.0,48.0,79.0,18.1
2021-07-13 22:37:58,88.0,49.0,86.0,11.6
2021-07-12 22:09:13,93.0,48.0,89.0,12.1
2021-07-11 23:07:18,94.0,48.0,91.0,12.5
2021-07-10 22:58:00,72.0,49.0,78.0,15.6
2021-07-09 22:46:23,71.0,47.0,79.0,11.0
2021-07-08 21:54:09,65.0,48.0,76.0,14.3
2021-07-07 23:42:42,87.0,45.0,83.0,17.6
2021-07-06 22:18:37,77.0,45.0,78.0,11.7
2021-07-05 22:48:31,88.0,45.0,81.0,11.1
2021-07-04 22:36:34,82.0,49.0,78.0,13.2
2021-07-03 22:57:50,55.0,53.0,70.0,10.3
2021-07-02 23:37:12,53.0,50.0,66.0,20.3
2021-07-01 22:29:29,78.0,50.0,76.0,12.3
2021-06-30 23:00:06,78.0,48.0,75.0,18.1
2021-06-29 23:49:31,63.0,50.0,68.0,16.5
2021-06-28 23:56:57,75.0,48.0,73.0,18.8
2021-06-27 23:28:23,40.0,50.0,57.0,11.3
2021-06-27 00:18:22,52.0,50.0,64.0,12.8
2021-06-26 01:32:11,47.0,51.0,65.0,7.2
2021-06-25 00:12:03,55.0,50.0,67.0,12.1
2021-06-23 22:46:32,65.0,48.0,71.0,17.5
2021-06-22 23:35:57,62.0,48.0,71.0,15.1
2021-06-21 22:34:20,92.0,47.0,85.0,18.2
2021-06-20 23:06:37,50.0,51.0,63.0,6.8
2021-06-19 22:35:35,27.0,59.0,62.0,14.8
2021-06-19 03:24:16,45.0,50.0,71.0,13.3
2021-06-17 22:51:54,60.0,50.0,76.0,12.4
2021-06-16 22:18:59,49.0,50.0,70.0,18.8
2021-06-15 22:28:05,48.0,53.0,70.0,11.8
2021-06-14 23:08:43,73.0,50.0,83.0,20.0
2021-06-13 22:24:46,86.0,46.0,86.0,18.1
2021-06-12 22:10:58,79.0,47.0,84.0,16.1
2021-06-11 22:57:28,82.0,47.0,83.0,14.5
2021-06-10 22:30:39,93.0,46.0,87.0,12.6
2021-06-09 21:57:02,78.0,49.0,79.0,9.8
2021-06-08 21:17:20,94.0,49.0,89.0,13.6
2021-06-07 22:01:32,88.0,50.0,83.0,12.4
2021-06-06 22:22:02,75.0,50.0,76.0,14.5
2021-06-05 22:54:26,67.0,50.0,72.0,6.8
2021-06-05 00:47:27,47.0,52.0,64.0,4.6
2021-06-04 00:05:30,56.0,50.0,71.0,14.7
2021-06-02 21:30:18,90.0,47.0,83.0,15.9
2021-06-02 00:00:06,81.0,47.0,80.0,11.2
2021-05-31 22:11:41,86.0,48.0,83.0,7.4
2021-05-30 23:03:26,45.0,50.0,64.0,10.0
2021-05-29 23:51:44,39.0,53.0,60.0,11.2
2021-05-29 00:51:35,40.0,51.0,63.0,11.9
2021-05-27 23:32:10,80.0,50.0,79.0,7.5
2021-05-26 22:42:53,66.0,50.0,74.0,13.1
2021-05-25 22:49:51,74.0,50.0,76.0,15.9
2021-05-24 22:10:57,85.0,47.0,79.0,10.7
2021-05-23 22:35:05,88.0,47.0,80.0,16.2
2021-05-22 23:09:52,74.0,48.0,75.0,12.3
2021-05-21 22:33:55,68.0,49.0,74.0,11.8
2021-05-20 22:10:34,59.0,51.0,73.0,15.1
2021-05-19 21:59:52,53.0,51.0,71.0,15.9
2021-05-18 22:48:02,45.0,46.0,65.0,17.2
2021-05-17 22:45:14,52.0,47.0,69.0,12.5
2021-05-16 22:31:54,70.0,49.0,80.0,15.1
2021-05-15 23:40:50,67.0,49.0,79.0,4.7
2021-05-14 23:09:12,76.0,50.0,79.0,13.0
2021-05-13 23:00:58,46.0,52.0,61.0,18.0
2021-05-12 23:03:57,88.0,51.0,89.0,12.3
2021-05-11 22:01:06,63.0,48.0,67.0,14.4
2021-05-10 22:15:33,93.0,47.0,95.0,13.4
2021-05-09 22:26:52,88.0,49.0,82.0,16.6
2021-05-08 23:32:33,37.0,52.0,53.0,5.4
2021-05-07 23:35:01,63.0,48.0,67.0,15.7
2021-05-06 22:34:56,42.0,49.0,56.0,14.2
2021-05-05 22:20:40,64.0,53.0,70.0,8.7
2021-05-04 21:47:47,43.0,50.0,58.0,16.6
2021-05-03 22:15:52,90.0,50.0,83.0,15.4
2021-05-02 22:47:52,89.0,45.0,79.0,15.3
2021-05-01 23:11:32,47.0,46.0,59.0,4.7
2021-04-30 23:38:54,61.0,50.0,67.0,6.9
2021-04-29 22:01:35,57.0,48.0,64.0,11.5
2021-04-28 22:11:58,66.0,47.0,68.0,11.9
2021-04-27 21:50:23,81.0,49.0,75.0,6.6
2021-04-26 22:09:31,46.0,51.0,62.0,18.0
2021-04-25 22:27:40,55.0,49.0,67.0,16.9
2021-04-25 01:16:27,46.0,49.0,65.0,6.2
2021-04-23 22:35:11,76.0,51.0,81.0,13.5
2021-04-22 22:17:02,66.0,52.0,75.0,18.0
2021-04-21 21:42:03,54.0,56.0,67.0,13.8
2021-04-20 21:31:42,61.0,54.0,70.0,17.1
2021-04-19 22:11:27,74.0,50.0,78.0,15.2
2021-04-18 21:38:49,95.0,50.0,97.0,15.8
2021-04-17 23:53:45,82.0,47.0,81.0,10.4
2021-04-17 00:36:58,85.0,47.0,78.0,11.3
2021-04-16 01:16:23,63.0,53.0,65.0,5.8
2021-04-14 22:44:35,95.0,49.0,86.0,10.3
2021-04-14 01:43:01,38.0,58.0,59.0,10.6
2021-04-13 01:17:32,31.0,56.0,50.0,11.4
2021-04-12 00:33:15,86.0,52.0,85.0,12.6
2021-04-10 23:11:04,43.0,53.0,59.0,8.1
2021-04-09 23:41:03,38.0,54.0,54.0,12.3
2021-04-08 22:11:21,59.0,50.0,67.0,15.2
2021-04-07 22:37:19,38.0,52.0,56.0,9.9
2021-04-06 19:38:29,70.0,50.0,67.0,17.3
2021-04-05 22:49:59,91.0,48.0,81.0,14.1
2021-04-04 22:18:36,72.0,48.0,71.0,16.4
2021-04-04 00:07:30,95.0,47.0,84.0,7.0
2021-04-02 23:14:44,54.0,48.0,63.0,5.4
2021-04-01 23:27:39,43.0,50.0,58.0,11.6
2021-03-31 22:46:56,75.0,50.0,72.0,14.6
2021-03-30 22:44:46,49.0,53.0,66.0,14.4
2021-03-29 22:41:41,59.0,51.0,67.0,19.3
2021-03-28 22:23:53,88.0,49.0,79.0,12.0
2021-03-27 23:00:06,88.0,49.0,80.0,9.4
2021-03-26 23:43:00,55.0,53.0,68.0,8.1
2021-03-25 22:50:42,51.0,52.0,65.0,16.7
2021-03-24 21:59:42,54.0,55.0,64.0,4.1
2021-03-23 22:21:17,86.0,52.0,77.0,14.0
2021-03-23 00:01:06,88.0,52.0,81.0,14.9
2021-03-21 21:00:20,84.0,50.0,72.0,17.3
2021-03-20 23:55:53,63.0,49.0,65.0,7.0
2021-03-20 01:59:57,82.0,51.0,75.0,6.6
2021-03-18 22:38:26,61.0,50.0,65.0,15.3
2021-03-17 22:06:15,57.0,51.0,63.0,10.9
2021-03-16 22:32:50,65.0,52.0,67.0,12.0
2021-03-15 23:31:36,60.0,52.0,68.0,16.4
2021-03-14 22:31:40,56.0,51.0,62.0,13.7
2021-03-13 23:30:31,51.0,52.0,62.0,8.2
2021-03-13 01:14:12,61.0,52.0,66.0,4.8
2021-03-11 22:33:47,94.0,50.0,83.0,17.2
2021-03-10 21:46:30,52.0,51.0,62.0,12.8
2021-03-10 00:15:49,50.0,50.0,61.0,12.9
2021-03-09 00:41:24,67.0,50.0,71.0,4.8
2021-03-07 23:34:00,93.0,48.0,85.0,17.7
2021-03-06 23:15:37,54.0,55.0,62.0,6.7
2021-03-05 23:19:13,54.0,53.0,62.0,11.9
2021-03-04 22:01:58,86.0,52.0,78.0,13.5
2021-03-03 22:48:30,57.0,49.0,62.0,15.2
2021-03-02 22:29:45,74.0,52.0,71.0,6.1
2021-03-01 20:39:58,83.0,49.0,76.0,16.8
2021-02-28 21:01:55,90.0,49.0,79.0,12.5
2021-02-27 23:33:27,34.0,53.0,51.0,10.2
2021-02-27 01:53:27,53.0,54.0,66.0,7.8
2021-02-25 22:41:36,67.0,51.0,69.0,18.6
2021-02-24 22:01:10,89.0,54.0,84.0,12.7
2021-02-23 22:04:38,52.0,49.0,65.0,18.0
2021-02-22 22:16:00,76.0,49.0,72.0,5.9
2021-02-21 23:33:02,67.0,51.0,70.0,16.6
2021-02-21 00:37:14,74.0,50.0,73.0,8.4
2021-02-20 00:47:22,65.0,52.0,71.0,7.2
2021-02-18 20:56:11,78.0,52.0,70.0,15.7
2021-02-17 21:16:32,65.0,52.0,65.0,9.4
2021-02-16 21:24:01,82.0,49.0,73.0,10.5
2021-02-15 21:31:52,93.0,50.0,84.0,14.6
2021-02-14 23:40:12,43.0,49.0,56.0,14.3
2021-02-13 23:37:34,85.0,50.0,77.0,5.8
2021-02-12 23:48:52,54.0,53.0,62.0,10.0
2021-02-11 21:42:09,50.0,51.0,58.0,17.3
2021-02-10 23:10:21,37.0,53.0,53.0,15.5
2021-02-09 22:31:59,69.0,49.0,69.0,14.8
2021-02-08 22:52:12,71.0,49.0,70.0,14.4
2021-02-07 22:59:42,76.0,49.0,70.0,6.5
2021-02-07 01:27:31,33.0,54.0,51.0,7.9
2021-02-06 00:33:04,50.0,52.0,64.0,8.9
2021-02-04 22:24:36,35.0,51.0,50.0,15.8
2021-02-03 21:18:52,52.0,49.0,65.0,11.3
2021-02-03 00:28:20,39.0,48.0,57.0,18.4
2021-02-01 22:32:46,69.0,47.0,75.0,7.5
2021-01-31 22:22:15,38.0,49.0,50.0,15.8
2021-01-30 23:05:54,64.0,45.0,71.0,5.0
2021-01-30 01:14:12,77.0,48.0,81.0,13.1
2021-01-28 22:19:34,62.0,51.0,70.0,6.5
2021-01-27 21:19:26,75.0,49.0,75.0,12.6
2021-01-26 22:32:35,60.0,48.0,78.0,15.8
2021-01-25 22:29:28,91.0,51.0,90.0,13.2
2021-01-24 22:33:26,65.0,50.0,71.0,14.7
2021-01-24 02:55:39,22.0,56.0,41.0,6.0
2021-01-22 23:24:19,75.0,54.0,78.0,8.1
2021-01-21 22:59:22,64.0,51.0,71.0,18.6
2021-01-20 22:44:03,82.0,52.0,82.0,5.6
2021-01-19 22:44:53,60.0,54.0,69.0,12.4
2021-01-18 22:47:51,56.0,51.0,65.0,17.4
2021-01-17 22:57:31,96.0,48.0,98.0,15.2
2021-01-17 00:23:10,78.0,51.0,77.0,6.1
2021-01-16 03:25:28,45.0,54.0,65.0,12.0
2021-01-14 23:31:04,26.0,55.0,46.0,6.9
2021-01-13 22:18:07,95.0,51.0,86.0,4.4
2021-01-12 22:44:28,92.0,50.0,73.0,12.0
2021-01-11 21:52:14,54.0,52.0,68.0,9.3
2021-01-10 23:49:07,71.0,48.0,76.0,15.7
2021-01-10 00:10:44,54.0,50.0,69.0,6.9
2021-01-09 01:07:55,58.0,49.0,69.0,5.7
