Cycle start time,Workout start time,Cycle end time,Workout end time,Duration (min),Activity name,Energy burned (cal),HR Zone 1 %,HR Zone 2 %,HR Zone 3 %,HR Zone 4 %,HR Zone 5 %,GPS enabled,Distance (meters),Altitude gain (meters),Altitude change (meters)
2022-10-27 23:57:00,2022-10-28 07:43:15,2022-10-28 23:00:54,2022-10-28 08:51:48,68,Other,149.0,49,5,0,0,0,False,,,
2022-10-27 23:57:00,2022-10-28 07:04:43,2022-10-28 23:00:54,2022-10-28 07:35:03,30,Cycling,351.0,0,14,37,46,0,False,,,
2022-10-26 22:46:45,2022-10-27 17:42:51,2022-10-27 23:57:00,2022-10-27 19:46:03,123,Swimming,971.0,16,35,40,4,0,False,,,
2022-10-26 22:46:45,2022-10-27 07:16:33,2022-10-27 23:57:00,2022-10-27 07:38:07,21,Commuting,217.0,2,23,61,14,0,False,,,
2022-10-25 20:53:45,2022-10-26 19:27:08,2022-10-26 22:46:45,2022-10-26 20:34:04,66,Running,891.0,0,4,17,77,2,True,5607.47,29.45,0.17
2022-10-19 23:06:58,2022-10-20 07:08:21,2022-10-20 22:54:34,2022-10-20 08:36:13,87,Other,290.0,42,16,7,3,0,False,,,
2022-10-19 23:06:58,2022-10-20 06:32:44,2022-10-20 22:54:34,2022-10-20 07:02:50,30,Cycling,364.0,3,10,20,67,0,False,,,
2022-10-15 23:13:51,2022-10-16 08:11:17,2022-10-16 22:21:30,2022-10-16 10:02:18,111,Swimming,800.0,16,37,31,8,0,False,,,
2022-10-13 22:21:51,2022-10-14 07:12:35,2022-10-14 22:57:28,2022-10-14 08:16:25,63,Other,153.0,38,10,2,0,0,False,,,
2022-10-13 22:21:51,2022-10-14 06:36:32,2022-10-14 22:57:28,2022-10-14 07:06:42,30,Cycling,329.0,0,17,45,36,0,False,,,
2022-10-12 21:50:32,2022-10-13 15:29:31,2022-10-13 22:21:51,2022-10-13 16:48:49,79,Activity,504.0,26,53,18,0,0,False,,,
2022-10-09 02:37:16,2022-10-09 17:33:39,2022-10-09 21:28:46,2022-10-09 18:32:00,58,Running,748.0,1,2,18,78,1,True,6028.65,23.86,-0.18
2022-10-07 23:14:50,2022-10-08 15:12:24,2022-10-09 02:37:16,2022-10-08 16:33:09,80,Swimming,549.0,24,40,23,6,0,False,,,
2022-10-06 22:21:54,2022-10-07 14:57:19,2022-10-07 23:14:50,2022-10-07 15:58:18,60,Other,168.0,28,9,6,0,0,False,,,
2022-10-06 22:21:54,2022-10-07 14:22:09,2022-10-07 23:14:50,2022-10-07 14:57:06,34,Stairmaster,257.0,19,55,12,10,0,False,,,
2022-09-29 22:39:22,2022-09-30 10:09:20,2022-09-30 23:20:16,2022-09-30 11:09:25,60,Cycling,589.0,2,20,77,0,0,False,,,
2022-09-28 01:31:16,2022-09-28 15:18:38,2022-09-28 22:04:43,2022-09-28 16:37:55,79,Running,988.0,10,10,7,72,1,False,,,
2022-09-26 22:28:33,2022-09-27 07:17:38,2022-09-28 01:31:16,2022-09-27 08:24:40,67,Other,206.0,23,6,8,3,0,False,,,
2022-09-26 22:28:33,2022-09-27 06:40:26,2022-09-28 01:31:16,2022-09-27 07:10:31,30,Cycling,367.0,0,7,55,38,0,False,,,
2022-09-24 22:25:32,2022-09-25 15:01:05,2022-09-25 23:02:09,2022-09-25 16:29:01,87,Swimming,746.0,13,26,24,30,0,False,,,
2022-09-23 23:39:02,2022-09-24 13:34:15,2022-09-24 22:25:32,2022-09-24 15:14:28,100,Running,1273.0,0,1,40,59,0,False,,,
2022-09-21 21:57:29,2022-09-22 06:50:34,2022-09-22 22:17:43,2022-09-22 07:50:39,60,Cycling,556.0,1,53,46,0,0,False,,,
2022-09-20 22:08:56,2022-09-21 14:28:37,2022-09-21 21:57:29,2022-09-21 15:04:39,36,Swimming,322.0,14,24,37,22,0,False,,,
2022-09-19 01:36:01,2022-09-19 18:08:05,2022-09-19 22:48:18,2022-09-19 18:53:35,45,Running,542.0,1,9,35,54,1,False,,,
2022-09-17 23:01:12,2022-09-18 07:50:28,2022-09-19 01:36:01,2022-09-18 09:38:36,108,Swimming,1042.0,14,21,25,36,3,False,,,
2022-09-14 23:09:24,2022-09-15 17:43:42,2022-09-15 21:58:45,2022-09-15 18:10:51,27,Running,365.0,1,1,26,69,3,False,,,
2022-09-13 22:07:48,2022-09-14 07:21:25,2022-09-14 23:09:24,2022-09-14 08:26:43,65,Other,154.0,25,9,2,0,0,False,,,
2022-09-13 22:07:48,2022-09-14 06:44:37,2022-09-14 23:09:24,2022-09-14 07:14:44,30,Cycling,348.0,2,7,56,33,0,False,,,
2022-09-08 22:20:58,2022-09-09 07:30:06,2022-09-09 22:55:08,2022-09-09 08:06:49,36,Other,50.0,12,0,0,0,0,False,,,
2022-09-08 22:20:58,2022-09-09 06:36:47,2022-09-09 22:55:08,2022-09-09 07:21:54,45,Cycling,509.0,3,11,78,7,0,False,,,
2022-09-07 22:55:03,2022-09-08 14:53:08,2022-09-08 22:20:58,2022-09-08 16:22:01,88,Swimming,797.0,16,41,25,17,1,False,,,
2022-09-06 22:24:14,2022-09-07 07:04:21,2022-09-07 22:55:03,2022-09-07 08:13:22,69,Other,163.0,31,10,0,0,0,False,,,
2022-09-06 22:24:14,2022-09-07 06:30:20,2022-09-07 22:55:03,2022-09-07 07:00:24,30,Cycling,339.0,5,11,55,28,0,False,,,
2022-09-04 23:18:28,2022-09-05 14:47:43,2022-09-05 22:43:25,2022-09-05 16:48:09,120,Swimming,835.0,27,38,14,13,0,False,,,
2022-09-03 23:07:23,2022-09-04 14:05:38,2022-09-04 23:18:28,2022-09-04 14:15:54,10,Cycling,95.0,4,8,79,0,0,False,,,
2022-08-30 22:52:46,2022-08-31 07:34:54,2022-08-31 21:40:43,2022-08-31 08:36:14,61,Other,188.0,13,9,11,1,0,False,,,
2022-08-30 22:52:46,2022-08-31 06:59:25,2022-08-31 21:40:43,2022-08-31 07:29:29,30,Cycling,307.0,4,21,75,0,0,False,,,
2022-08-27 23:21:01,2022-08-28 10:08:07,2022-08-28 21:10:19,2022-08-28 11:08:26,60,Cycling,777.0,0,7,28,65,0,False,,,
2022-08-26 23:06:04,2022-08-27 06:54:04,2022-08-27 23:21:01,2022-08-27 08:22:01,87,Walking,408.0,56,34,0,0,0,True,6860.54,35.82,-22.73
2022-08-25 21:51:35,2022-08-26 06:59:00,2022-08-26 23:06:04,2022-08-26 08:06:12,67,Walking,321.0,64,31,0,0,0,True,6716.34,99.65,-0.41
2022-08-24 22:09:48,2022-08-25 09:42:47,2022-08-25 21:51:35,2022-08-25 10:16:03,33,Cycling,303.0,8,23,65,1,0,True,17220.38,189.11,0.86
2022-08-22 22:05:24,2022-08-23 16:13:31,2022-08-23 22:47:44,2022-08-23 17:22:08,68,Other,159.0,15,3,7,0,0,False,,,
2022-08-22 22:05:24,2022-08-23 15:38:21,2022-08-23 22:47:44,2022-08-23 16:08:24,30,Cycling,300.0,3,18,77,0,0,False,,,
2022-08-19 21:38:56,2022-08-20 07:10:00,2022-08-20 23:57:53,2022-08-20 18:41:00,691,Triathlon,7102.0,8,17,54,21,0,False,,,
2022-08-17 23:03:55,2022-08-18 15:59:33,2022-08-18 22:46:10,2022-08-18 17:59:18,119,Cycling,827.0,20,67,10,0,0,False,,,
2022-08-15 23:14:53,2022-08-16 21:39:39,2022-08-16 23:50:00,2022-08-16 22:19:25,39,Running,498.0,0,1,60,39,0,False,,,
2022-08-14 22:53:40,2022-08-15 16:11:39,2022-08-15 23:14:53,2022-08-15 17:15:47,64,Other,200.0,34,8,8,0,0,False,,,
2022-08-14 22:53:40,2022-08-15 15:34:12,2022-08-15 23:14:53,2022-08-15 16:04:15,30,Cycling,376.0,4,2,35,59,0,False,,,
2022-08-13 01:34:08,2022-08-13 21:43:03,2022-08-14 01:32:15,2022-08-13 22:28:26,45,Running,624.0,0,0,8,82,5,True,346.14,2.6,2.6
2022-08-10 22:02:33,2022-08-11 14:02:41,2022-08-11 21:03:58,2022-08-11 14:25:29,22,Running,308.0,0,1,30,60,9,True,4810.0,105.66,-2.71
2022-08-10 22:02:33,2022-08-11 11:16:39,2022-08-11 21:03:58,2022-08-11 12:59:04,102,Swimming,1148.0,9,12,31,41,6,False,,,
2022-08-09 21:56:16,2022-08-10 10:32:07,2022-08-10 22:02:33,2022-08-10 11:16:29,44,Running,652.0,0,0,7,88,5,False,,,
2022-08-08 22:39:54,2022-08-09 15:54:06,2022-08-09 21:56:16,2022-08-09 16:54:10,60,Cycling,753.0,0,5,43,52,0,False,,,
2022-08-07 22:08:37,2022-08-08 07:05:02,2022-08-08 22:39:54,2022-08-08 08:30:07,85,Other,287.0,22,15,9,0,0,False,,,
2022-08-07 22:08:37,2022-08-08 06:46:18,2022-08-08 22:39:54,2022-08-08 07:00:44,14,Walking,88.0,27,65,6,0,0,False,,,
2022-08-07 01:51:07,2022-08-07 14:35:36,2022-08-07 22:08:37,2022-08-07 15:23:10,47,Running,644.0,0,7,13,77,3,True,9827.12,199.82,-2.11
2022-08-05 22:22:11,2022-08-06 09:10:53,2022-08-07 01:51:07,2022-08-06 10:15:30,64,Cycling,686.0,10,11,45,34,0,True,34198.23,388.25,-7.62
2022-08-03 22:23:03,2022-08-04 16:04:56,2022-08-04 22:13:57,2022-08-04 17:25:59,81,Other,284.0,34,15,8,0,0,False,,,
2022-08-03 22:23:03,2022-08-04 15:23:24,2022-08-04 22:13:57,2022-08-04 15:53:30,30,Cycling,377.0,0,2,51,45,0,False,,,
2022-08-01 22:30:09,2022-08-02 19:01:09,2022-08-02 22:05:42,2022-08-02 19:42:25,41,Running,632.0,0,0,7,65,28,True,9839.04,207.31,-4.69
2022-07-31 22:40:42,2022-08-01 16:41:15,2022-08-01 22:30:09,2022-08-01 17:32:23,51,Swimming,616.0,1,18,25,52,4,False,,,
2022-07-30 23:56:07,2022-07-31 10:52:15,2022-07-31 22:40:42,2022-07-31 11:34:39,42,Swimming,558.0,0,6,30,58,6,False,,,
2022-07-30 00:02:19,2022-07-30 12:23:39,2022-07-30 23:56:07,2022-07-30 12:55:27,31,Swimming,322.0,4,27,52,17,0,False,,,
2022-07-30 00:02:19,2022-07-30 10:39:40,2022-07-30 23:56:07,2022-07-30 11:58:31,78,Cycling,492.0,40,34,22,0,0,False,,,
2022-07-27 21:41:53,2022-07-28 17:03:55,2022-07-28 23:01:14,2022-07-28 17:49:57,46,Swimming,600.0,0,1,40,59,0,False,,,
2022-07-26 23:20:51,2022-07-27 15:59:48,2022-07-27 21:41:53,2022-07-27 17:15:27,75,Other,270.0,26,5,13,2,0,False,,,
2022-07-26 23:20:51,2022-07-27 15:24:11,2022-07-27 21:41:53,2022-07-27 15:54:14,30,Cycling,361.0,1,13,55,31,0,False,,,
2022-07-25 22:24:32,2022-07-26 15:56:00,2022-07-26 23:20:51,2022-07-26 17:29:26,93,Running,1195.0,0,1,42,57,0,True,18241.38,364.37,0.64
2022-07-22 23:27:15,2022-07-23 11:34:08,2022-07-24 03:44:26,2022-07-23 13:54:01,139,Cycling,797.0,47,26,19,3,0,False,,,
2022-07-21 23:08:56,2022-07-22 15:28:14,2022-07-22 23:27:15,2022-07-22 17:00:48,92,Running,1321.0,0,0,9,88,3,True,19632.0,415.3,-1.3
2022-07-20 23:00:43,2022-07-21 16:15:49,2022-07-21 23:08:56,2022-07-21 17:02:25,46,Running,712.0,0,0,7,66,27,True,10251.78,199.04,-0.16
2022-07-18 23:29:33,2022-07-19 15:49:11,2022-07-19 22:25:40,2022-07-19 16:56:05,66,Other,192.0,21,9,6,2,0,False,,,
2022-07-18 23:29:33,2022-07-19 15:29:55,2022-07-19 22:25:40,2022-07-19 15:45:06,15,Cycling,122.0,18,29,48,0,0,False,,,
2022-07-17 22:46:15,2022-07-18 15:59:51,2022-07-18 23:29:33,2022-07-18 16:51:08,51,Walking,185.0,43,27,0,0,0,True,4620.42,89.33,1.51
2022-07-14 23:03:53,2022-07-15 13:19:56,2022-07-15 23:21:14,2022-07-15 14:55:31,95,Cycling,579.0,34,51,11,0,0,True,15199.37,3.17,3.17
2022-07-14 23:03:53,2022-07-15 10:45:30,2022-07-15 23:21:14,2022-07-15 12:43:57,118,Cycling,641.0,40,34,12,0,0,True,17450.0,247.7,8.66
2022-07-13 22:00:52,2022-07-14 12:05:46,2022-07-14 23:03:53,2022-07-14 12:23:58,18,Running,214.0,0,1,66,32,0,True,3252.09,86.54,-6.32
2022-07-13 22:00:52,2022-07-14 10:23:49,2022-07-14 23:03:53,2022-07-14 11:56:02,92,Cycling,540.0,23,64,5,0,0,True,0.0,0.0,0.0
2022-07-12 22:48:54,2022-07-13 15:29:13,2022-07-13 22:00:52,2022-07-13 16:09:29,40,Swimming,432.0,6,17,47,30,0,False,,,
2022-07-12 22:48:54,2022-07-13 12:23:57,2022-07-13 22:00:52,2022-07-13 12:54:15,30,Running,439.0,1,0,6,86,7,True,6351.56,139.07,-8.19
2022-07-12 22:48:54,2022-07-13 10:02:59,2022-07-13 22:00:52,2022-07-13 12:23:45,140,Cycling,1324.0,12,8,55,18,0,True,31331.49,224.14,1.19
2022-07-11 22:49:47,2022-07-12 10:05:57,2022-07-12 22:48:54,2022-07-12 11:05:23,59,Running,862.0,0,0,12,77,11,True,12703.95,328.77,0.07
2022-07-10 22:08:24,2022-07-11 15:53:39,2022-07-11 22:49:47,2022-07-11 16:15:10,21,Swimming,239.0,3,7,76,14,0,False,,,
2022-07-10 22:08:24,2022-07-11 11:15:57,2022-07-11 22:49:47,2022-07-11 11:36:20,20,Running,272.0,0,5,14,81,0,True,781.3,20.9,9.35
2022-07-10 22:08:24,2022-07-11 09:35:08,2022-07-11 22:49:47,2022-07-11 11:15:46,100,Cycling,485.0,54,39,1,0,0,True,16369.75,217.34,15.45
2022-07-08 22:56:28,2022-07-09 10:50:41,2022-07-09 23:05:13,2022-07-09 11:26:07,35,Swimming,462.0,1,0,38,57,4,False,,,
2022-07-06 22:47:42,2022-07-07 18:29:13,2022-07-07 22:21:50,2022-07-07 19:33:12,63,Other,184.0,24,11,8,0,0,False,,,
2022-07-05 22:28:26,2022-07-06 17:05:27,2022-07-06 22:47:42,2022-07-06 18:15:02,69,Tennis,583.0,12,34,53,0,0,False,,,
2022-07-04 22:42:20,2022-07-05 18:31:16,2022-07-05 22:28:26,2022-07-05 20:07:34,96,Running,1362.0,1,2,9,87,1,True,14514.96,265.25,-1.24
2022-07-03 22:17:18,2022-07-04 06:41:15,2022-07-04 22:42:20,2022-07-04 07:31:23,50,Cycling,532.0,1,13,86,0,0,False,,,
2022-07-02 22:49:20,2022-07-03 09:00:08,2022-07-03 22:17:18,2022-07-03 09:47:06,46,Running,689.0,0,0,7,82,11,False,,,
2022-07-01 22:02:52,2022-07-02 15:31:01,2022-07-02 22:49:20,2022-07-02 16:37:04,66,Cycling,606.0,12,28,49,11,0,True,17452.64,190.11,-6.6
2022-07-01 22:02:52,2022-07-02 12:05:11,2022-07-02 22:49:20,2022-07-02 14:03:13,118,Activity,422.0,66,0,3,4,0,False,,,
2022-06-30 21:43:08,2022-07-01 16:16:42,2022-07-01 22:02:52,2022-07-01 17:00:44,44,Tennis,379.0,5,49,46,0,0,False,,,
2022-06-28 22:27:45,2022-06-29 18:52:17,2022-06-29 22:10:29,2022-06-29 19:59:35,67,Other,220.0,51,10,6,1,0,False,,,
2022-06-27 20:25:51,2022-06-28 18:55:30,2022-06-28 22:27:45,2022-06-28 19:31:33,36,Golf,327.0,3,35,61,0,0,False,,,
2022-06-27 20:25:51,2022-06-28 06:00:13,2022-06-28 22:27:45,2022-06-28 06:39:36,39,Running,582.0,0,0,9,72,19,True,5700.04,44.11,13.67
2022-06-26 21:23:09,2022-06-27 06:39:02,2022-06-27 20:25:51,2022-06-27 07:29:12,50,Cycling,704.0,1,6,21,56,16,False,,,
2022-06-25 21:58:44,2022-06-26 16:58:53,2022-06-26 21:23:09,2022-06-26 17:47:39,48,Running,736.0,0,0,3,87,10,False,,,
2022-06-22 22:18:35,2022-06-23 06:39:46,2022-06-23 21:56:08,2022-06-23 08:06:37,86,Other,274.0,24,21,5,0,0,False,,,
2022-06-21 21:46:00,2022-06-22 06:39:40,2022-06-22 22:18:35,2022-06-22 07:19:45,40,Cycling,565.0,2,1,9,82,5,False,,,
2022-06-20 21:31:14,2022-06-21 18:59:25,2022-06-21 21:46:00,2022-06-21 19:42:23,42,Running,633.0,0,0,14,60,26,True,9822.74,203.66,-1.01
2022-06-20 21:31:14,2022-06-21 06:38:52,2022-06-21 21:46:00,2022-06-21 07:38:24,59,Other,138.0,41,10,0,0,0,False,,,
2022-06-19 21:45:21,2022-06-20 06:41:42,2022-06-20 21:31:14,2022-06-20 07:31:48,50,Cycling,615.0,0,4,54,41,0,False,,,
2022-06-18 22:27:56,2022-06-19 14:59:54,2022-06-19 21:45:21,2022-06-19 15:40:03,40,Swimming,363.0,3,36,53,6,0,False,,,
2022-06-16 22:13:12,2022-06-17 06:39:35,2022-06-17 23:21:42,2022-06-17 08:01:14,81,Other,270.0,29,16,8,0,0,False,,,
2022-06-15 22:24:50,2022-06-16 06:39:25,2022-06-16 22:13:12,2022-06-16 07:54:29,75,Other,182.0,39,11,0,0,0,False,,,
2022-06-14 23:04:20,2022-06-15 06:38:52,2022-06-15 22:24:50,2022-06-15 07:39:32,60,Cycling,838.0,0,1,23,74,1,False,,,
2022-06-11 23:37:19,2022-06-12 14:58:50,2022-06-12 22:49:17,2022-06-12 16:19:57,81,Other,278.0,43,29,2,0,0,False,,,
2022-06-09 23:19:16,2022-06-10 06:48:45,2022-06-11 01:59:21,2022-06-10 07:48:48,60,Cycling,752.0,0,1,41,57,0,False,,,
2022-06-08 22:59:31,2022-06-09 19:49:08,2022-06-09 23:19:16,2022-06-09 20:34:34,45,Activity,480.0,0,17,59,24,0,False,,,
2022-06-08 22:59:31,2022-06-09 18:29:48,2022-06-09 23:19:16,2022-06-09 19:06:09,36,Activity,364.0,0,19,65,16,0,False,,,
2022-06-08 22:59:31,2022-06-09 07:26:40,2022-06-09 23:19:16,2022-06-09 08:33:04,66,Other,143.0,38,15,0,0,0,False,,,
2022-06-08 22:59:31,2022-06-09 06:51:04,2022-06-09 23:19:16,2022-06-09 07:21:11,30,Cycling,370.0,0,1,43,55,0,False,,,
2022-06-06 21:45:36,2022-06-07 15:33:27,2022-06-07 22:03:42,2022-06-07 16:49:07,75,Swimming,543.0,33,20,12,19,4,False,,,
2022-06-05 22:13:28,2022-06-06 11:17:51,2022-06-06 21:45:36,2022-06-06 12:28:15,70,Other,164.0,50,6,0,0,0,False,,,
2022-06-03 23:29:10,2022-06-04 11:58:15,2022-06-04 21:58:21,2022-06-04 15:40:07,221,Running,3290.0,0,1,4,79,16,True,78.24,1.56,1.47
2022-06-01 02:35:10,2022-06-01 18:26:52,2022-06-01 22:45:30,2022-06-01 19:32:06,65,Swimming,400.0,30,49,14,3,0,False,,,
2022-05-30 22:29:17,2022-05-31 16:36:38,2022-06-01 02:35:10,2022-05-31 17:24:48,48,Activity,427.0,10,46,35,9,0,False,,,
2022-05-30 22:29:17,2022-05-31 13:18:37,2022-06-01 02:35:10,2022-05-31 14:29:26,70,Running,981.0,0,0,13,87,0,True,5764.39,50.57,0.03
2022-05-26 21:56:51,2022-05-27 07:36:55,2022-05-27 22:41:14,2022-05-27 09:40:37,123,Other,423.0,51,23,0,0,0,False,,,
2022-05-24 22:36:19,2022-05-25 14:39:35,2022-05-25 22:05:01,2022-05-25 15:33:24,53,Running,729.0,0,1,16,82,0,True,11019.29,200.38,-0.45
2022-05-23 22:03:58,2022-05-24 19:03:45,2022-05-24 22:36:19,2022-05-24 20:24:34,80,Swimming,509.0,19,46,22,1,0,False,,,
2022-05-23 22:03:58,2022-05-24 07:19:33,2022-05-24 22:36:19,2022-05-24 08:21:48,62,Other,135.0,52,4,0,0,0,False,,,
2022-05-23 22:03:58,2022-05-24 06:43:45,2022-05-24 22:36:19,2022-05-24 07:13:48,30,Cycling,348.0,0,4,71,24,0,False,,,
2022-05-21 22:01:06,2022-05-22 08:07:16,2022-05-22 21:53:09,2022-05-22 09:22:03,74,Swimming,625.0,21,34,26,18,0,False,,,
2022-05-20 22:27:07,2022-05-21 08:06:22,2022-05-21 22:01:06,2022-05-21 11:06:25,180,Cycling,2044.0,0,2,84,14,0,False,,,
2022-05-18 22:07:56,2022-05-19 07:13:20,2022-05-19 22:59:06,2022-05-19 08:28:07,74,Other,169.0,37,11,2,0,0,False,,,
2022-05-18 22:07:56,2022-05-19 06:41:40,2022-05-19 22:59:06,2022-05-19 07:08:19,26,Cycling,290.0,0,11,74,14,0,False,,,
2022-05-17 21:36:19,2022-05-18 15:26:07,2022-05-18 22:07:56,2022-05-18 16:39:18,73,Swimming,484.0,24,35,26,6,0,False,,,
2022-05-16 21:49:36,2022-05-17 16:32:54,2022-05-17 21:36:19,2022-05-17 17:52:07,79,Running,1036.0,2,2,21,65,7,True,5960.55,41.6,0.69
2022-05-15 23:37:51,2022-05-16 16:27:21,2022-05-16 21:49:36,2022-05-16 18:15:30,108,Swimming,712.0,28,42,20,5,0,False,,,
2022-05-14 21:47:16,2022-05-15 08:36:00,2022-05-15 23:37:51,2022-05-15 09:41:00,65,Other,159.0,33,10,2,0,0,False,,,
2022-05-14 21:47:16,2022-05-15 08:06:40,2022-05-15 23:37:51,2022-05-15 08:35:16,28,Walking,230.0,0,74,26,0,0,False,,,
2022-05-13 21:51:28,2022-05-14 08:05:56,2022-05-14 21:47:16,2022-05-14 10:05:58,120,Cycling,1417.0,0,2,72,26,0,False,,,
2022-05-10 21:32:30,2022-05-11 06:59:22,2022-05-11 20:20:05,2022-05-11 08:09:10,69,Other,178.0,51,7,1,0,0,False,,,
2022-05-09 22:28:52,2022-05-10 15:00:52,2022-05-10 21:32:30,2022-05-10 16:23:59,83,Swimming,611.0,15,35,25,11,0,False,,,
2022-05-08 22:58:52,2022-05-09 19:49:28,2022-05-09 22:28:52,2022-05-09 20:14:20,24,Activity,341.0,0,5,21,54,20,False,,,
2022-05-08 22:58:52,2022-05-09 16:16:49,2022-05-09 22:28:52,2022-05-09 17:46:55,90,Running,1230.0,0,1,16,81,2,True,2879.56,36.76,-1.14
2022-05-05 21:29:58,2022-05-06 16:02:28,2022-05-06 23:01:26,2022-05-06 17:11:13,68,Other,146.0,41,4,0,0,0,False,,,
2022-05-05 21:29:58,2022-05-06 06:27:36,2022-05-06 23:01:26,2022-05-06 07:17:41,50,Cycling,625.0,1,2,43,53,0,False,,,
2022-05-04 22:19:57,2022-05-05 15:04:56,2022-05-05 21:29:58,2022-05-05 16:16:38,71,Tennis,467.0,28,54,15,0,0,False,,,
2022-05-03 22:13:30,2022-05-04 18:39:21,2022-05-04 22:19:57,2022-05-04 19:23:09,43,Activity,457.0,4,13,67,16,0,False,,,
2022-05-03 22:13:30,2022-05-04 16:11:35,2022-05-04 22:19:57,2022-05-04 17:08:44,57,Running,625.0,8,14,25,52,1,True,6162.41,84.34,17.47
2022-05-02 22:56:03,2022-05-03 18:35:12,2022-05-03 22:13:30,2022-05-03 20:54:54,139,Swimming,791.0,22,33,20,5,0,False,,,
2022-05-01 21:55:35,2022-05-02 16:26:58,2022-05-02 22:56:03,2022-05-02 17:32:13,65,Running,852.0,1,3,24,71,1,False,,,
2022-04-30 22:10:30,2022-05-01 11:08:47,2022-05-01 21:55:35,2022-05-01 13:19:23,130,Swimming,1377.0,12,8,47,31,0,False,,,
2022-04-28 22:12:01,2022-04-29 06:27:22,2022-04-30 00:19:54,2022-04-29 08:36:47,129,Cycling,1545.0,0,2,61,37,0,False,,,
2022-04-27 22:23:30,2022-04-28 06:46:53,2022-04-28 22:12:01,2022-04-28 07:16:57,30,Cycling,320.0,1,9,78,12,0,False,,,
2022-04-25 22:34:06,2022-04-26 16:59:25,2022-04-26 22:30:41,2022-04-26 18:13:36,74,Running,954.0,0,3,35,58,4,False,,,
2022-04-24 22:13:40,2022-04-25 19:30:46,2022-04-25 22:34:06,2022-04-25 19:56:53,26,Activity,359.0,0,2,24,56,18,False,,,
2022-04-24 22:13:40,2022-04-25 16:15:06,2022-04-25 22:34:06,2022-04-25 17:21:12,66,Swimming,809.0,2,5,32,61,0,False,,,
2022-04-23 23:09:25,2022-04-24 08:22:50,2022-04-24 22:13:40,2022-04-24 09:46:18,83,Other,199.0,54,7,0,0,0,False,,,
2022-04-22 22:29:52,2022-04-23 08:08:49,2022-04-23 23:09:25,2022-04-23 09:38:52,90,Cycling,1204.0,0,3,28,69,0,False,,,
2022-04-20 23:08:25,2022-04-21 16:38:32,2022-04-21 23:06:03,2022-04-21 18:10:56,92,Running,1223.0,4,4,20,65,7,False,,,
2022-04-19 22:47:45,2022-04-20 07:16:24,2022-04-20 23:08:25,2022-04-20 08:12:15,55,Other,124.0,39,8,1,0,0,False,,,
2022-04-19 22:47:45,2022-04-20 06:41:22,2022-04-20 23:08:25,2022-04-20 07:11:25,30,Cycling,327.0,1,12,78,9,0,False,,,
2022-04-18 21:59:43,2022-04-19 15:03:28,2022-04-19 22:47:45,2022-04-19 16:59:40,116,Swimming,687.0,37,33,12,8,0,False,,,
2022-04-18 21:59:43,2022-04-19 06:34:53,2022-04-19 22:47:45,2022-04-19 07:29:56,55,Other,101.0,37,0,0,0,0,False,,,
2022-04-17 22:09:46,2022-04-18 13:21:50,2022-04-18 21:59:43,2022-04-18 15:01:04,99,Cycling,1216.0,0,1,57,42,0,False,,,
2022-04-17 00:42:05,2022-04-17 13:39:25,2022-04-17 22:09:46,2022-04-17 14:43:56,64,Other,208.0,42,17,5,0,0,False,,,
2022-04-17 00:42:05,2022-04-17 13:20:40,2022-04-17 22:09:46,2022-04-17 13:36:08,15,Walking,88.0,17,81,0,0,0,False,,,
2022-04-14 22:48:58,2022-04-15 11:26:50,2022-04-15 22:31:31,2022-04-15 12:30:40,63,Other,138.0,49,6,0,0,0,False,,,
2022-04-13 22:31:19,2022-04-14 18:20:30,2022-04-14 22:48:58,2022-04-14 19:56:16,95,Swimming,640.0,29,44,19,7,0,False,,,
2022-04-12 21:57:50,2022-04-13 18:43:11,2022-04-13 22:31:19,2022-04-13 19:12:08,28,Running,259.0,33,20,17,18,11,False,,,
2022-04-10 22:26:16,2022-04-11 18:38:34,2022-04-11 22:31:16,2022-04-11 19:55:04,76,Swimming,545.0,27,38,21,9,0,False,,,
2022-04-09 22:54:33,2022-04-10 08:08:09,2022-04-10 22:26:16,2022-04-10 09:44:41,96,Swimming,1065.0,12,14,8,63,0,False,,,
2022-04-08 22:53:42,2022-04-09 16:01:07,2022-04-09 22:54:33,2022-04-09 16:58:48,57,Activity,574.0,5,17,43,30,0,False,,,
2022-04-07 21:53:09,2022-04-08 16:07:30,2022-04-08 22:53:42,2022-04-08 16:53:51,46,Cycling,459.0,0,32,63,5,0,False,,,
2022-04-07 21:53:09,2022-04-08 07:02:58,2022-04-08 22:53:42,2022-04-08 08:12:05,69,Other,199.0,60,8,2,0,0,False,,,
2022-04-07 21:53:09,2022-04-08 06:55:56,2022-04-08 22:53:42,2022-04-08 07:00:34,4,Running,54.0,4,4,24,64,0,False,,,
2022-04-07 21:53:09,2022-04-08 06:40:25,2022-04-08 22:53:42,2022-04-08 06:55:12,14,Walking,94.0,8,80,8,0,0,False,,,
2022-04-05 22:22:37,2022-04-06 17:01:32,2022-04-06 22:07:26,2022-04-06 17:29:14,27,Running,362.0,1,0,24,75,0,False,,,
2022-04-05 22:22:37,2022-04-06 16:00:32,2022-04-06 22:07:26,2022-04-06 16:45:28,44,Running,487.0,3,16,54,21,6,False,,,
2022-04-05 22:22:37,2022-04-06 06:13:29,2022-04-06 22:07:26,2022-04-06 07:34:32,81,Swimming,609.0,18,42,29,8,0,False,,,
2022-04-04 22:24:39,2022-04-05 14:38:59,2022-04-05 22:22:37,2022-04-05 15:41:04,62,Other,124.0,40,7,0,0,0,False,,,
2022-04-04 22:24:39,2022-04-05 14:22:26,2022-04-05 22:22:37,2022-04-05 14:36:58,14,Walking,77.0,28,69,0,0,0,False,,,
2022-04-03 21:56:21,2022-04-04 18:41:01,2022-04-04 22:24:39,2022-04-04 19:39:31,58,Swimming,508.0,15,24,25,29,0,False,,,
2022-04-03 21:56:21,2022-04-04 07:20:53,2022-04-04 22:24:39,2022-04-04 08:32:41,71,Other,211.0,44,7,7,0,0,False,,,
2022-04-03 21:56:21,2022-04-04 06:44:27,2022-04-04 22:24:39,2022-04-04 07:14:30,30,Cycling,402.0,3,2,20,75,0,False,,,
2022-03-31 22:36:47,2022-04-01 14:29:17,2022-04-01 22:18:10,2022-04-01 16:00:17,91,Cycling,1029.0,0,1,96,3,0,False,,,
2022-03-30 22:33:15,2022-03-31 18:52:55,2022-03-31 22:36:47,2022-03-31 20:05:21,72,Running,879.0,4,4,35,56,0,False,,,
2022-03-29 23:03:14,2022-03-30 06:36:31,2022-03-30 22:33:15,2022-03-30 07:26:35,50,Cycling,589.0,2,2,80,16,0,False,,,
2022-03-28 22:11:13,2022-03-29 14:59:43,2022-03-29 23:03:14,2022-03-29 16:18:29,78,Swimming,539.0,18,48,27,1,0,False,,,
2022-03-27 22:51:16,2022-03-28 19:10:46,2022-03-28 22:11:13,2022-03-28 20:17:38,66,Other,205.0,59,11,4,0,0,False,,,
2022-03-27 22:51:16,2022-03-28 08:23:45,2022-03-28 22:11:13,2022-03-28 09:01:39,37,Commuting,329.0,6,52,42,0,0,False,,,
2022-03-27 22:51:16,2022-03-28 06:39:42,2022-03-28 22:11:13,2022-03-28 07:29:45,50,Cycling,700.0,0,0,19,81,0,False,,,
2022-03-27 00:01:43,2022-03-27 13:53:49,2022-03-27 21:51:16,2022-03-27 14:38:44,44,Running,681.0,0,1,4,74,21,True,349.06,0.94,-1.09
2022-03-23 22:17:19,2022-03-24 07:34:59,2022-03-24 23:06:41,2022-03-24 08:40:35,65,Other,120.0,16,6,0,0,0,False,,,
2022-03-23 22:17:19,2022-03-24 06:49:49,2022-03-24 23:06:41,2022-03-24 07:24:46,34,Cycling,334.0,9,8,83,0,0,False,,,
2022-03-22 22:55:11,2022-03-23 19:09:24,2022-03-23 22:17:19,2022-03-23 20:05:01,55,Swimming,380.0,13,40,24,8,0,False,,,
2022-03-22 22:55:11,2022-03-23 10:02:44,2022-03-23 22:17:19,2022-03-23 11:24:33,81,Tennis,734.0,12,22,64,0,0,False,,,
2022-03-21 22:22:51,2022-03-22 13:55:14,2022-03-22 22:55:11,2022-03-22 14:15:37,20,Running,311.0,2,2,3,65,28,True,2.24,0.0,-0.05
2022-03-21 22:22:51,2022-03-22 06:31:36,2022-03-22 22:55:11,2022-03-22 07:28:27,56,Other,103.0,27,5,0,0,0,False,,,
2022-03-20 21:28:16,2022-03-21 07:16:32,2022-03-21 22:22:51,2022-03-21 08:30:23,73,Other,199.0,51,10,0,0,0,False,,,
2022-03-20 21:28:16,2022-03-21 06:48:18,2022-03-21 22:22:51,2022-03-21 07:08:35,20,Running,292.0,0,1,5,86,7,False,,,
2022-03-19 23:18:26,2022-03-20 08:07:03,2022-03-20 21:28:16,2022-03-20 09:12:39,65,Swimming,813.0,1,2,39,58,0,False,,,
2022-03-18 22:37:28,2022-03-19 08:08:34,2022-03-19 23:18:26,2022-03-19 11:08:37,180,Cycling,2211.0,0,1,58,41,0,False,,,
2022-03-17 21:56:15,2022-03-18 07:21:27,2022-03-18 22:37:28,2022-03-18 08:23:25,61,Other,141.0,36,9,1,0,0,False,,,
2022-03-17 21:56:15,2022-03-18 06:45:42,2022-03-18 22:37:28,2022-03-18 07:15:45,30,Cycling,349.0,0,2,75,22,0,False,,,
2022-03-14 21:17:44,2022-03-15 18:49:38,2022-03-15 23:16:46,2022-03-15 21:10:19,140,Running,1781.0,0,0,42,58,0,True,513.89,0.83,0.97
2022-03-11 21:43:15,2022-03-12 15:19:37,2022-03-12 22:11:11,2022-03-12 15:46:26,26,Activity,274.0,0,23,73,4,0,False,,,
2022-03-11 21:43:15,2022-03-12 08:07:07,2022-03-12 22:11:11,2022-03-12 09:49:05,101,Cycling,1371.0,0,3,18,79,0,False,,,
2022-03-09 21:55:28,2022-03-10 07:19:45,2022-03-10 22:28:51,2022-03-10 08:17:08,57,Other,123.0,35,9,1,0,0,False,,,
2022-03-09 21:55:28,2022-03-10 06:44:17,2022-03-10 22:28:51,2022-03-10 07:14:20,30,Cycling,408.0,0,1,19,79,0,False,,,
2022-03-08 21:55:02,2022-03-09 06:46:51,2022-03-09 21:55:28,2022-03-09 07:48:53,62,Running,868.0,0,0,13,84,3,False,,,
2022-03-07 21:46:17,2022-03-08 06:57:30,2022-03-08 21:55:02,2022-03-08 08:07:20,69,Other,108.0,25,2,0,0,0,False,,,
2022-03-06 22:26:31,2022-03-07 06:43:45,2022-03-07 21:46:17,2022-03-07 08:13:48,90,Cycling,1170.0,0,2,37,61,0,False,,,
2022-03-04 23:02:04,2022-03-05 09:43:34,2022-03-06 00:04:51,2022-03-05 10:32:57,49,Activity,394.0,10,54,35,1,0,False,,,
2022-03-03 22:07:52,2022-03-04 07:12:02,2022-03-04 23:02:04,2022-03-04 08:16:44,64,Other,171.0,56,10,0,0,0,False,,,
2022-03-03 22:07:52,2022-03-04 06:47:14,2022-03-04 23:02:04,2022-03-04 07:09:00,21,Running,280.0,1,1,31,67,0,False,,,
2022-03-02 22:08:59,2022-03-03 06:30:33,2022-03-03 22:07:52,2022-03-03 08:24:44,114,Cycling,1348.0,0,13,51,36,0,False,,,
2022-03-01 22:38:24,2022-03-02 18:42:40,2022-03-02 22:08:59,2022-03-02 20:22:13,99,Swimming,689.0,22,32,21,13,0,False,,,
2022-02-28 22:21:58,2022-03-01 06:28:14,2022-03-01 22:38:24,2022-03-01 07:25:41,57,Other,96.0,18,6,0,0,0,False,,,
2022-02-27 22:40:54,2022-02-28 16:13:35,2022-02-28 22:21:58,2022-02-28 17:59:13,105,Running,1199.0,0,1,80,19,0,True,79.09,0.0,-0.54
2022-02-27 22:40:54,2022-02-28 07:24:20,2022-02-28 22:21:58,2022-02-28 08:19:24,55,Other,155.0,52,13,0,0,0,False,,,
2022-02-27 22:40:54,2022-02-28 06:48:08,2022-02-28 22:21:58,2022-02-28 07:17:40,29,Cycling,386.0,0,1,31,68,0,False,,,
2022-02-26 22:42:23,2022-02-27 14:23:03,2022-02-27 22:40:54,2022-02-27 15:29:17,66,Swimming,516.0,25,29,21,21,0,False,,,
2022-02-25 23:03:02,2022-02-26 10:00:33,2022-02-26 22:42:23,2022-02-26 12:03:58,123,Activity,697.0,31,52,11,0,0,False,,,
2022-02-23 23:01:48,2022-02-24 14:01:39,2022-02-24 23:12:13,2022-02-24 15:02:37,60,Tennis,601.0,2,23,74,0,0,False,,,
2022-02-23 23:01:48,2022-02-24 09:46:15,2022-02-24 23:12:13,2022-02-24 10:13:15,26,Cycling,248.0,10,25,60,5,0,False,,,
2022-02-23 23:01:48,2022-02-24 06:49:08,2022-02-24 23:12:13,2022-02-24 07:39:36,50,Running,689.0,0,0,15,85,0,False,,,
2022-02-22 22:29:32,2022-02-23 19:06:02,2022-02-23 23:01:48,2022-02-23 20:54:33,108,Swimming,625.0,31,46,14,0,0,False,,,
2022-02-22 22:29:32,2022-02-23 07:21:26,2022-02-23 23:01:48,2022-02-23 07:48:44,27,Walking,159.0,32,68,0,0,0,False,,,
2022-02-22 22:29:32,2022-02-23 06:53:25,2022-02-23 23:01:48,2022-02-23 07:21:07,27,Cycling,300.0,2,18,47,31,0,False,,,
2022-02-21 22:30:21,2022-02-22 15:39:43,2022-02-22 22:29:32,2022-02-22 16:36:15,56,Running,490.0,19,33,30,17,0,False,,,
2022-02-21 22:30:21,2022-02-22 07:13:36,2022-02-22 22:29:32,2022-02-22 08:22:36,69,Other,221.0,66,10,0,0,0,False,,,
2022-02-21 22:30:21,2022-02-22 07:04:12,2022-02-22 22:29:32,2022-02-22 07:08:50,4,Running,59.0,7,4,18,62,9,False,,,
2022-02-21 22:30:21,2022-02-22 06:47:11,2022-02-22 22:29:32,2022-02-22 07:02:44,15,Cycling,178.0,4,7,64,24,0,False,,,
2022-02-20 22:22:50,2022-02-21 19:02:31,2022-02-21 22:30:21,2022-02-21 20:29:42,87,Swimming,879.0,15,13,21,47,0,False,,,
2022-02-18 21:33:59,2022-02-19 08:29:35,2022-02-19 21:58:59,2022-02-19 10:17:26,107,Running,1331.0,0,0,53,47,0,True,176.89,0.0,-3.45
2022-02-17 21:39:50,2022-02-18 10:30:09,2022-02-18 21:33:59,2022-02-18 10:53:01,22,Cycling,245.0,2,10,64,24,0,False,,,
2022-02-17 21:39:50,2022-02-18 06:32:14,2022-02-18 21:33:59,2022-02-18 09:26:59,174,Cycling,1648.0,1,26,73,0,0,False,,,
2022-02-16 20:31:44,2022-02-17 07:12:00,2022-02-17 21:39:50,2022-02-17 07:42:00,30,Walking,111.0,55,45,0,0,0,False,,,
2022-02-16 20:31:44,2022-02-17 06:48:45,2022-02-17 21:39:50,2022-02-17 07:08:55,20,Cycling,193.0,1,24,65,8,0,False,,,
2022-02-15 23:30:14,2022-02-16 15:36:00,2022-02-16 20:31:44,2022-02-16 16:29:02,53,Other,75.0,53,7,0,0,0,False,,,
2022-02-15 23:30:14,2022-02-16 14:43:12,2022-02-16 20:31:44,2022-02-16 15:15:49,32,Running,301.0,10,10,47,30,2,False,,,
2022-02-14 20:08:27,2022-02-15 16:13:18,2022-02-15 23:30:14,2022-02-15 17:04:03,50,Cycling,522.0,0,8,64,28,0,False,,,
2022-02-14 20:08:27,2022-02-15 07:21:41,2022-02-15 23:30:14,2022-02-15 08:14:12,52,Other,77.0,52,7,0,0,0,False,,,
2022-02-14 20:08:27,2022-02-15 06:46:10,2022-02-15 23:30:14,2022-02-15 07:16:13,30,Cycling,374.0,1,3,20,76,0,False,,,
2022-02-13 21:37:00,2022-02-14 07:18:40,2022-02-14 20:08:27,2022-02-14 08:05:46,47,Other,79.0,31,3,0,0,0,False,,,
2022-02-13 21:37:00,2022-02-14 06:45:46,2022-02-14 20:08:27,2022-02-14 06:55:49,10,Walking,24.0,65,7,0,0,0,False,,,
2022-02-12 21:04:52,2022-02-13 08:10:43,2022-02-13 21:37:00,2022-02-13 09:23:44,73,Swimming,890.0,0,0,69,31,0,False,,,
2022-02-11 22:30:00,2022-02-12 08:06:56,2022-02-12 21:04:52,2022-02-12 09:27:00,80,Cycling,1006.0,0,5,25,69,0,False,,,
2022-02-10 22:08:17,2022-02-11 07:01:04,2022-02-11 22:30:00,2022-02-11 08:07:36,66,Other,184.0,40,16,0,0,0,False,,,
2022-02-10 22:08:17,2022-02-11 06:47:25,2022-02-11 22:30:00,2022-02-11 06:57:27,10,Walking,33.0,73,18,0,0,0,False,,,
2022-02-09 20:34:56,2022-02-10 07:02:23,2022-02-10 22:08:17,2022-02-10 08:11:36,69,Other,121.0,39,1,0,0,0,False,,,
2022-02-09 20:34:56,2022-02-10 06:47:52,2022-02-10 22:08:17,2022-02-10 06:57:29,9,Walking,42.0,51,48,0,0,0,False,,,
2022-02-05 23:32:53,2022-02-06 15:43:59,2022-02-06 21:37:11,2022-02-06 17:52:51,128,Running,1680.0,0,1,29,70,0,True,6300.99,25.8,6.13
2022-02-03 22:37:52,2022-02-04 07:15:55,2022-02-05 00:37:46,2022-02-04 07:46:59,31,Running,436.0,1,0,10,83,6,False,,,
2022-02-03 22:37:52,2022-02-04 06:41:58,2022-02-05 00:37:46,2022-02-04 07:12:01,30,Cycling,357.0,3,2,56,39,0,False,,,
2022-02-02 21:18:11,2022-02-03 17:46:38,2022-02-03 22:37:52,2022-02-03 18:42:50,56,Swimming,377.0,17,18,31,12,0,False,,,
2022-02-02 21:18:11,2022-02-03 08:47:07,2022-02-03 22:37:52,2022-02-03 09:53:11,66,Other,153.0,40,9,0,0,0,False,,,
2022-02-01 21:27:11,2022-02-02 15:23:04,2022-02-02 21:18:11,2022-02-02 17:13:58,110,Swimming,758.0,32,39,22,5,0,False,,,
2022-02-01 21:27:11,2022-02-02 07:16:04,2022-02-02 21:18:11,2022-02-02 08:24:11,68,Other,251.0,53,27,0,0,0,False,,,
2022-02-01 21:27:11,2022-02-02 06:49:17,2022-02-02 21:18:11,2022-02-02 07:09:24,20,Running,284.0,1,1,10,87,1,False,,,
2022-01-31 21:47:06,2022-02-01 06:58:09,2022-02-01 21:27:11,2022-02-01 07:38:50,40,Cycling,453.0,1,10,85,4,0,False,,,
2022-01-28 22:04:03,2022-01-29 08:10:57,2022-01-29 18:55:06,2022-01-29 11:11:00,180,Cycling,2442.0,0,0,36,64,0,False,,,
2022-01-26 22:09:48,2022-01-27 15:52:41,2022-01-27 21:40:33,2022-01-27 17:25:24,92,Swimming,641.0,40,30,17,9,0,False,,,
2022-01-26 22:09:48,2022-01-27 06:56:59,2022-01-27 21:40:33,2022-01-27 08:14:07,77,Other,128.0,21,0,0,0,0,False,,,
2022-01-26 22:09:48,2022-01-27 06:45:15,2022-01-27 21:40:33,2022-01-27 06:54:24,9,Walking,40.0,78,18,0,0,0,False,,,
2022-01-25 21:56:06,2022-01-26 14:53:08,2022-01-26 22:09:48,2022-01-26 15:56:51,63,Swimming,366.0,38,40,15,0,0,False,,,
2022-01-25 21:56:06,2022-01-26 07:16:21,2022-01-26 22:09:48,2022-01-26 08:20:32,64,Other,120.0,35,3,0,0,0,False,,,
2022-01-25 21:56:06,2022-01-26 06:39:59,2022-01-26 22:09:48,2022-01-26 07:10:02,30,Cycling,397.0,0,2,24,73,0,False,,,
2022-01-24 20:28:20,2022-01-25 06:50:08,2022-01-25 21:56:06,2022-01-25 07:42:22,52,Running,777.0,0,0,10,75,15,False,,,
2022-01-23 22:05:44,2022-01-24 07:17:56,2022-01-24 20:28:20,2022-01-24 08:27:19,69,Other,166.0,56,6,0,0,0,False,,,
2022-01-23 22:05:44,2022-01-24 06:41:31,2022-01-24 20:28:20,2022-01-24 07:11:35,30,Cycling,389.0,0,2,25,71,0,False,,,
2022-01-22 22:38:29,2022-01-23 08:09:23,2022-01-23 22:05:44,2022-01-23 10:25:15,135,Swimming,1480.0,5,12,55,28,0,False,,,
2022-01-21 22:19:32,2022-01-22 09:14:25,2022-01-22 22:38:29,2022-01-22 09:53:33,39,Running,567.0,0,4,5,74,17,False,,,
2022-01-21 22:19:32,2022-01-22 08:10:38,2022-01-22 22:38:29,2022-01-22 09:10:42,60,Cycling,876.0,0,0,6,93,0,False,,,
2022-01-19 22:54:46,2022-01-20 06:11:47,2022-01-20 21:07:55,2022-01-20 07:50:02,98,Swimming,821.0,25,26,35,14,0,False,,,
2022-01-18 23:33:36,2022-01-19 07:01:07,2022-01-19 22:54:46,2022-01-19 08:03:11,62,Other,95.0,23,0,0,0,0,False,,,
2022-01-18 23:33:36,2022-01-19 06:41:27,2022-01-19 22:54:46,2022-01-19 06:57:31,16,Walking,50.0,87,0,0,0,0,False,,,
2022-01-17 21:47:02,2022-01-18 07:22:39,2022-01-18 23:33:36,2022-01-18 08:23:22,60,Other,101.0,26,3,0,0,0,False,,,
2022-01-17 21:47:02,2022-01-18 06:41:55,2022-01-18 23:33:36,2022-01-18 07:11:10,29,Running,404.0,1,1,19,79,0,False,,,
2022-01-16 22:04:20,2022-01-17 07:18:18,2022-01-17 21:47:02,2022-01-17 08:21:06,62,Other,128.0,38,2,0,0,0,False,,,
2022-01-16 22:04:20,2022-01-17 06:41:25,2022-01-17 21:47:02,2022-01-17 07:11:31,30,Cycling,346.0,2,3,85,9,0,False,,,
2022-01-14 22:08:17,2022-01-15 10:36:57,2022-01-15 22:29:53,2022-01-15 10:55:59,19,Running,274.0,0,2,8,88,2,False,,,
2022-01-14 22:08:17,2022-01-15 08:06:02,2022-01-15 22:29:53,2022-01-15 10:30:38,144,Cycling,2000.0,0,0,23,77,0,False,,,
2022-01-13 22:29:42,2022-01-14 06:14:08,2022-01-14 22:08:17,2022-01-14 07:30:46,76,Swimming,552.0,24,34,37,2,0,False,,,
2022-01-12 23:26:14,2022-01-13 07:19:39,2022-01-13 22:29:42,2022-01-13 08:13:15,53,Other,104.0,38,3,0,0,0,False,,,
2022-01-12 23:26:14,2022-01-13 06:42:17,2022-01-13 22:29:42,2022-01-13 07:14:55,32,Running,442.0,0,4,16,80,0,False,,,
2022-01-11 22:36:37,2022-01-12 07:22:44,2022-01-12 23:26:14,2022-01-12 08:20:14,57,Other,144.0,47,8,1,0,0,False,,,
2022-01-11 22:36:37,2022-01-12 06:46:43,2022-01-12 23:26:14,2022-01-12 07:16:46,30,Cycling,412.0,0,1,16,79,2,False,,,
2022-01-09 22:20:19,2022-01-10 07:06:36,2022-01-10 22:21:25,2022-01-10 07:27:02,20,Running,303.0,0,2,5,93,0,False,,,
2022-01-09 22:20:19,2022-01-10 06:32:17,2022-01-10 22:21:25,2022-01-10 07:02:20,30,Cycling,406.0,0,2,20,75,2,False,,,
2022-01-08 21:27:36,2022-01-09 08:47:22,2022-01-09 22:20:19,2022-01-09 09:53:32,66,Other,237.0,33,27,4,0,0,False,,,
2022-01-08 21:27:36,2022-01-09 08:11:08,2022-01-09 22:20:19,2022-01-09 08:41:10,30,Cycling,425.0,0,1,13,79,5,False,,,
2022-01-06 22:03:30,2022-01-07 06:12:23,2022-01-07 22:42:12,2022-01-07 07:30:59,78,Swimming,701.0,28,11,42,18,0,False,,,
2022-01-04 22:16:47,2022-01-05 07:11:06,2022-01-05 22:10:44,2022-01-05 08:00:17,49,Other,93.0,31,6,0,0,0,False,,,
2022-01-04 22:16:47,2022-01-05 06:43:51,2022-01-05 22:10:44,2022-01-05 07:00:24,16,Running,201.0,2,3,44,51,0,False,,,
2022-01-03 22:27:44,2022-01-04 07:15:01,2022-01-04 22:16:47,2022-01-04 08:15:05,60,Other,264.0,44,40,1,0,0,False,,,
2022-01-03 22:27:44,2022-01-04 06:38:26,2022-01-04 22:16:47,2022-01-04 07:08:28,30,Cycling,417.0,3,1,19,73,4,False,,,
2021-12-30 23:29:15,2021-12-31 15:15:36,2022-01-01 04:04:42,2021-12-31 15:40:39,25,Running,355.0,1,0,9,87,3,True,5357.98,114.55,15.96
2021-12-28 22:12:05,2021-12-29 08:32:12,2021-12-29 22:33:00,2021-12-29 09:46:04,73,Swimming,640.0,11,41,37,11,0,False,,,
2021-12-26 22:39:19,2021-12-27 15:14:55,2021-12-27 23:03:13,2021-12-27 16:25:11,70,Activity,465.0,31,16,9,17,5,False,,,
2021-12-22 23:08:56,2021-12-23 14:39:55,2021-12-23 23:04:58,2021-12-23 15:02:55,23,Running,351.0,0,3,4,75,18,True,,,
2021-12-20 22:06:01,2021-12-21 11:46:24,2021-12-21 22:19:05,2021-12-21 13:05:38,79,Swimming,454.0,33,39,20,1,0,False,,,
2021-12-17 21:37:38,2021-12-18 05:32:51,2021-12-19 01:31:47,2021-12-18 06:10:23,37,Running,567.0,0,0,2,82,15,True,137.15,3.11,0.15
2021-12-16 22:21:49,2021-12-17 06:32:24,2021-12-17 21:37:38,2021-12-17 07:08:33,36,Walking,110.0,85,2,0,0,0,True,3178.14,38.37,0.44
2021-12-15 21:44:02,2021-12-16 07:19:33,2021-12-16 22:21:49,2021-12-16 08:03:26,43,Other,85.0,44,1,0,0,0,False,,,
2021-12-15 21:44:02,2021-12-16 06:44:17,2021-12-16 22:21:49,2021-12-16 07:14:20,30,Cycling,383.0,3,2,31,64,0,False,,,
2021-12-14 21:39:34,2021-12-15 06:57:47,2021-12-15 21:44:02,2021-12-15 08:05:07,67,Other,84.0,5,0,0,0,0,False,,,
2021-12-14 21:39:34,2021-12-15 06:44:47,2021-12-15 21:44:02,2021-12-15 06:50:49,6,Walking,14.0,65,2,0,0,0,False,,,
2021-12-13 21:27:50,2021-12-14 07:17:31,2021-12-14 21:39:34,2021-12-14 08:14:40,57,Other,102.0,37,5,0,0,0,False,,,
2021-12-13 21:27:50,2021-12-14 06:41:27,2021-12-14 21:39:34,2021-12-14 07:11:29,30,Cycling,395.0,1,2,23,74,0,False,,,
2021-12-12 22:12:22,2021-12-13 07:18:51,2021-12-13 21:27:50,2021-12-13 08:15:29,56,Other,117.0,58,0,0,0,0,False,,,
2021-12-12 22:12:22,2021-12-13 06:42:44,2021-12-13 21:27:50,2021-12-13 07:12:47,30,Cycling,390.0,1,3,23,72,0,False,,,
2021-12-11 22:40:20,2021-12-12 15:31:53,2021-12-12 22:12:22,2021-12-12 16:20:33,48,Running,721.0,0,0,3,85,11,True,10340.59,146.36,0.16
2021-12-10 22:16:21,2021-12-11 07:54:51,2021-12-11 22:40:20,2021-12-11 09:26:40,91,Swimming,606.0,31,36,23,5,0,False,,,
2021-12-09 22:07:35,2021-12-10 11:24:07,2021-12-10 22:16:21,2021-12-10 12:11:41,47,Cycling,324.0,16,22,31,8,0,False,,,
2021-12-09 22:07:35,2021-12-10 07:27:23,2021-12-10 22:16:21,2021-12-10 08:06:08,38,Other,89.0,61,0,0,0,0,False,,,
2021-12-09 22:07:35,2021-12-10 06:49:50,2021-12-10 22:16:21,2021-12-10 07:19:53,30,Cycling,437.0,0,0,12,81,6,False,,,
2021-12-08 22:06:12,2021-12-09 07:03:44,2021-12-09 22:07:35,2021-12-09 08:06:00,62,Other,76.0,1,0,0,0,0,False,,,
2021-12-08 22:06:12,2021-12-09 06:46:28,2021-12-09 22:07:35,2021-12-09 07:00:13,13,Walking,34.0,71,2,0,0,0,False,,,
2021-12-07 21:48:23,2021-12-08 07:05:44,2021-12-08 22:06:12,2021-12-08 08:14:34,68,Other,145.0,31,7,0,0,0,False,,,
2021-12-07 21:48:23,2021-12-08 06:46:08,2021-12-08 22:06:12,2021-12-08 07:01:22,15,Walking,38.0,53,7,0,0,0,False,,,
2021-12-06 22:05:14,2021-12-07 07:05:00,2021-12-07 21:48:23,2021-12-07 08:13:00,68,Other,136.0,32,5,0,0,0,False,,,
2021-12-06 22:05:14,2021-12-07 06:43:38,2021-12-07 21:48:23,2021-12-07 07:03:43,20,Cycling,222.0,3,2,85,8,0,False,,,
2021-12-04 22:53:46,2021-12-05 14:24:19,2021-12-05 21:35:11,2021-12-05 15:57:30,93,Running,1310.0,1,0,8,83,8,True,18235.93,189.42,-0.73
2021-12-03 22:03:40,2021-12-04 08:08:17,2021-12-04 22:53:46,2021-12-04 09:26:23,78,Swimming,752.0,17,28,16,39,0,False,,,
2021-12-02 21:03:59,2021-12-03 07:20:44,2021-12-03 22:03:40,2021-12-03 07:50:49,30,Running,443.0,0,1,3,79,17,False,,,
2021-12-02 21:03:59,2021-12-03 06:45:19,2021-12-03 22:03:40,2021-12-03 07:15:22,30,Cycling,324.0,6,2,88,2,0,False,,,
2021-12-01 21:27:11,2021-12-02 06:43:03,2021-12-02 21:03:59,2021-12-02 07:59:45,76,Other,120.0,21,1,0,0,0,False,,,
2021-11-30 22:01:11,2021-12-01 07:02:50,2021-12-01 21:27:11,2021-12-01 08:08:16,65,Other,109.0,26,3,0,0,0,False,,,
2021-11-30 22:01:11,2021-12-01 06:38:49,2021-12-01 21:27:11,2021-12-01 06:58:53,20,Running,276.0,0,0,20,77,3,False,,,
2021-11-29 22:16:48,2021-11-30 10:58:36,2021-11-30 22:01:11,2021-11-30 12:04:31,65,Other,204.0,50,21,0,0,0,False,,,
2021-11-29 22:16:48,2021-11-30 10:21:26,2021-11-30 22:01:11,2021-11-30 10:51:29,30,Cycling,416.0,1,2,11,81,3,False,,,
2021-11-27 23:59:09,2021-11-28 11:30:59,2021-11-28 21:52:27,2021-11-28 12:09:24,38,Walking,163.0,74,24,0,0,0,True,4244.31,61.42,-1.87
2021-11-26 23:54:40,2021-11-27 11:40:48,2021-11-27 23:59:09,2021-11-27 12:23:39,42,Activity,145.0,7,26,8,2,0,False,,,
2021-11-26 23:54:40,2021-11-27 11:10:30,2021-11-27 23:59:09,2021-11-27 11:25:23,14,Running,203.0,0,3,27,70,0,False,,,
2021-11-26 23:54:40,2021-11-27 08:06:51,2021-11-27 23:59:09,2021-11-27 11:06:54,180,Cycling,2430.0,0,0,29,71,0,False,,,
2021-11-25 22:35:35,2021-11-26 07:05:27,2021-11-26 23:54:40,2021-11-26 07:57:46,52,Other,160.0,28,18,2,0,0,False,,,
2021-11-25 22:35:35,2021-11-26 06:43:58,2021-11-26 23:54:40,2021-11-26 07:01:22,17,Running,253.0,1,0,9,77,12,False,,,
2021-11-24 21:07:45,2021-11-25 06:12:48,2021-11-25 22:35:35,2021-11-25 07:35:37,82,Swimming,531.0,25,46,19,2,0,False,,,
2021-11-23 21:47:20,2021-11-24 07:08:27,2021-11-24 21:07:45,2021-11-24 08:01:49,53,Other,162.0,39,15,2,0,0,False,,,
2021-11-23 21:47:20,2021-11-24 06:32:37,2021-11-24 21:07:45,2021-11-24 07:02:40,30,Cycling,367.0,2,2,53,43,0,False,,,
2021-11-21 21:47:36,2021-11-22 07:00:21,2021-11-22 21:41:21,2021-11-22 07:57:39,57,Other,93.0,18,3,0,0,0,False,,,
2021-11-21 21:47:36,2021-11-22 06:48:51,2021-11-22 21:41:21,2021-11-22 06:57:20,8,Walking,37.0,71,29,0,0,0,True,5.31,1.5,1.5
2021-11-20 22:12:51,2021-11-21 16:49:21,2021-11-21 21:47:36,2021-11-21 17:13:55,24,Activity,172.0,14,44,34,0,0,False,,,
2021-11-20 22:12:51,2021-11-21 15:25:20,2021-11-21 21:47:36,2021-11-21 15:51:00,25,Running,424.0,1,0,0,21,78,True,5586.41,94.58,11.72
2021-11-19 23:59:25,2021-11-20 07:48:32,2021-11-20 22:12:51,2021-11-20 08:56:26,67,Swimming,476.0,26,29,18,19,0,False,,,
2021-11-18 22:40:18,2021-11-19 07:16:37,2021-11-19 23:59:25,2021-11-19 08:08:53,52,Other,158.0,34,20,0,0,0,False,,,
2021-11-18 22:40:18,2021-11-19 06:40:28,2021-11-19 23:59:25,2021-11-19 07:10:34,30,Cycling,348.0,5,13,32,50,0,False,,,
2021-11-17 22:37:44,2021-11-18 07:25:14,2021-11-18 22:40:18,2021-11-18 08:01:06,35,Other,76.0,37,6,0,0,0,False,,,
2021-11-17 22:37:44,2021-11-18 06:49:56,2021-11-18 22:40:18,2021-11-18 07:19:59,30,Cycling,359.0,19,4,2,70,2,False,,,
2021-11-15 22:11:28,2021-11-16 07:21:52,2021-11-16 22:36:13,2021-11-16 08:15:44,53,Other,108.0,23,8,0,0,0,False,,,
2021-11-15 22:11:28,2021-11-16 06:46:45,2021-11-16 22:36:13,2021-11-16 07:17:00,30,Cycling,282.0,9,20,70,0,0,False,,,
2021-11-14 22:16:16,2021-11-15 06:58:05,2021-11-15 22:11:28,2021-11-15 07:54:08,56,Other,213.0,28,11,9,2,0,False,,,
2021-11-14 22:16:16,2021-11-15 06:45:51,2021-11-15 22:11:28,2021-11-15 06:57:48,11,Walking,80.0,16,71,13,0,0,False,,,
2021-11-12 22:57:46,2021-11-13 18:01:02,2021-11-14 00:17:38,2021-11-13 18:30:22,29,Activity,385.0,0,9,28,39,24,False,,,
2021-11-12 22:57:46,2021-11-13 14:59:08,2021-11-14 00:17:38,2021-11-13 16:15:01,75,Running,1209.0,0,0,5,56,39,True,15473.2,241.53,-0.37
2021-11-12 22:57:46,2021-11-13 07:23:15,2021-11-14 00:17:38,2021-11-13 08:04:55,41,Walking,173.0,80,17,0,0,0,True,4499.31,38.67,-0.72
2021-11-11 21:55:07,2021-11-12 06:14:32,2021-11-12 22:57:46,2021-11-12 07:05:34,51,Swimming,346.0,20,48,30,1,0,False,,,
2021-11-10 22:23:56,2021-11-11 06:30:54,2021-11-11 21:55:07,2021-11-11 07:46:55,76,Walking,285.0,45,24,0,0,0,True,3509.18,45.06,0.41
2021-11-09 22:35:22,2021-11-10 06:57:00,2021-11-10 22:23:56,2021-11-10 08:08:00,71,Other,128.0,27,3,0,0,0,False,,,
2021-11-09 22:35:22,2021-11-10 06:49:57,2021-11-10 22:23:56,2021-11-10 06:56:55,6,Walking,29.0,68,26,0,0,0,False,,,
2021-11-08 20:48:27,2021-11-09 19:00:19,2021-11-09 22:35:22,2021-11-09 19:29:25,29,Activity,373.0,0,4,46,34,16,False,,,
2021-11-08 20:48:27,2021-11-09 16:50:18,2021-11-09 22:35:22,2021-11-09 18:09:31,79,Activity,578.0,8,62,22,1,0,False,,,
2021-11-08 20:48:27,2021-11-09 15:46:03,2021-11-09 22:35:22,2021-11-09 16:45:30,59,Other,105.0,34,3,0,0,0,False,,,
2021-11-08 20:48:27,2021-11-09 15:09:19,2021-11-09 22:35:22,2021-11-09 15:39:22,30,Cycling,398.0,6,2,15,74,3,False,,,
2021-11-07 22:06:03,2021-11-08 09:22:57,2021-11-08 20:48:27,2021-11-08 09:54:33,31,Cycling,271.0,7,39,51,1,0,False,,,
2021-11-07 22:06:03,2021-11-08 07:00:17,2021-11-08 20:48:27,2021-11-08 08:12:41,72,Other,104.0,13,0,0,0,0,False,,,
2021-11-07 22:06:03,2021-11-08 06:53:21,2021-11-08 20:48:27,2021-11-08 06:57:01,3,Walking,25.0,27,45,28,0,0,False,,,
2021-11-04 22:55:35,2021-11-05 07:20:09,2021-11-05 22:42:55,2021-11-05 08:24:19,64,Other,160.0,48,9,0,0,0,False,,,
2021-11-04 22:55:35,2021-11-05 06:43:41,2021-11-05 22:42:55,2021-11-05 07:13:44,30,Cycling,416.0,2,1,20,75,2,False,,,
2021-11-03 21:28:32,2021-11-04 06:49:59,2021-11-04 22:55:35,2021-11-04 08:05:58,75,Other,115.0,7,4,0,0,0,False,,,
2021-11-02 21:49:02,2021-11-03 06:13:47,2021-11-03 21:28:32,2021-11-03 08:05:56,112,Swimming,1142.0,6,22,43,27,2,False,,,
2021-11-01 21:36:58,2021-11-02 17:08:12,2021-11-02 21:49:02,2021-11-02 17:48:53,40,Activity,323.0,23,54,9,7,7,False,,,
2021-11-01 21:36:58,2021-11-02 07:02:30,2021-11-02 21:49:02,2021-11-02 07:53:47,51,Other,90.0,33,0,0,0,0,False,,,
2021-11-01 21:36:58,2021-11-02 06:40:30,2021-11-02 21:49:02,2021-11-02 07:00:33,20,Walking,111.0,55,45,0,0,0,False,,,
2021-10-31 23:01:23,2021-11-01 17:13:29,2021-11-01 22:36:58,2021-11-01 18:13:48,60,Other,121.0,50,2,0,0,0,False,,,
2021-10-31 23:01:23,2021-11-01 16:32:05,2021-11-01 22:36:58,2021-11-01 17:02:07,30,Cycling,432.0,2,0,8,84,5,False,,,
2021-10-28 22:13:48,2021-10-29 07:02:17,2021-10-29 22:50:52,2021-10-29 08:12:53,70,Other,169.0,29,10,0,0,0,False,,,
2021-10-28 22:13:48,2021-10-29 06:47:02,2021-10-29 22:50:52,2021-10-29 07:01:42,14,Walking,76.0,60,37,0,0,0,False,,,
2021-10-27 22:11:59,2021-10-28 06:40:03,2021-10-28 22:13:48,2021-10-28 07:15:26,35,Walking,344.0,13,22,39,25,1,True,771.96,6.49,-0.27
2021-10-26 21:31:25,2021-10-27 16:47:09,2021-10-27 22:11:59,2021-10-27 17:16:21,29,Activity,310.0,2,19,57,22,0,False,,,
2021-10-26 21:31:25,2021-10-27 14:47:16,2021-10-27 22:11:59,2021-10-27 16:01:30,74,Other,196.0,34,15,0,0,0,False,,,
2021-10-26 21:31:25,2021-10-27 14:09:08,2021-10-27 22:11:59,2021-10-27 14:39:11,30,Cycling,392.0,4,1,11,82,0,False,,,
2021-10-25 22:21:53,2021-10-26 06:58:34,2021-10-26 21:31:25,2021-10-26 08:47:35,109,Other,443.0,19,22,9,1,0,False,,,
2021-10-25 22:21:53,2021-10-26 06:38:53,2021-10-26 21:31:25,2021-10-26 06:56:42,17,Walking,82.0,61,33,0,0,0,False,,,
2021-10-24 23:13:51,2021-10-25 17:37:59,2021-10-25 22:21:53,2021-10-25 17:59:29,21,Activity,292.0,0,15,16,41,28,False,,,
2021-10-22 23:11:22,2021-10-23 08:14:45,2021-10-23 22:08:22,2021-10-23 11:14:48,180,Cycling,2439.0,0,0,28,72,0,False,,,
2021-10-21 22:26:07,2021-10-22 07:03:48,2021-10-22 23:11:22,2021-10-22 07:15:00,11,Other,49.0,59,35,0,0,0,False,,,
2021-10-21 22:26:07,2021-10-22 06:42:05,2021-10-22 23:11:22,2021-10-22 07:00:57,18,Running,220.0,3,22,11,54,7,False,,,
2021-10-20 22:22:50,2021-10-21 06:48:03,2021-10-21 22:26:07,2021-10-21 07:45:40,57,Other,105.0,38,0,0,0,0,False,,,
2021-10-20 22:22:50,2021-10-21 06:30:14,2021-10-21 22:26:07,2021-10-21 06:45:17,15,Walking,53.0,56,23,0,0,0,False,,,
2021-10-18 22:23:53,2021-10-19 06:57:47,2021-10-19 23:20:52,2021-10-19 07:52:35,54,Other,156.0,28,18,0,0,0,False,,,
2021-10-18 22:23:53,2021-10-19 06:39:46,2021-10-19 23:20:52,2021-10-19 06:54:24,14,Walking,32.0,33,3,0,0,0,False,,,
2021-10-17 22:25:25,2021-10-18 07:01:27,2021-10-18 22:23:53,2021-10-18 07:53:23,51,Other,95.0,17,5,0,0,0,False,,,
2021-10-17 22:25:25,2021-10-18 06:44:31,2021-10-18 22:23:53,2021-10-18 07:01:14,16,Walking,53.0,46,18,0,0,0,False,,,
2021-10-16 23:29:29,2021-10-17 08:37:53,2021-10-17 22:25:25,2021-10-17 09:47:13,69,Other,105.0,15,0,0,0,0,False,,,
2021-10-16 23:29:29,2021-10-17 08:06:26,2021-10-17 22:25:25,2021-10-17 08:37:37,31,Walking,70.0,45,0,0,0,0,False,,,
2021-10-15 22:30:15,2021-10-16 08:11:51,2021-10-16 23:29:29,2021-10-16 09:19:52,68,Swimming,702.0,9,11,50,30,0,False,,,
2021-10-14 21:30:14,2021-10-15 07:15:32,2021-10-15 22:30:15,2021-10-15 08:16:06,60,Other,161.0,31,16,0,0,0,False,,,
2021-10-12 21:58:49,2021-10-13 15:45:26,2021-10-13 21:43:05,2021-10-13 16:23:16,37,Running,581.0,0,0,7,61,32,True,8346.9,83.02,-4.29
2021-10-12 21:58:49,2021-10-13 07:02:30,2021-10-13 21:43:05,2021-10-13 07:55:13,52,Swimming,360.0,26,42,30,0,0,False,,,
2021-10-11 22:04:52,2021-10-12 07:27:12,2021-10-12 21:58:49,2021-10-12 08:33:57,66,Other,220.0,50,19,1,0,0,False,,,
2021-10-11 22:04:52,2021-10-12 06:53:22,2021-10-12 21:58:49,2021-10-12 07:21:47,28,Running,439.0,0,0,4,51,44,False,,,
2021-10-10 21:59:47,2021-10-11 07:23:55,2021-10-11 22:04:52,2021-10-11 08:36:16,72,Other,213.0,28,17,1,0,0,False,,,
2021-10-10 21:59:47,2021-10-11 06:47:49,2021-10-11 22:04:52,2021-10-11 07:17:53,30,Cycling,255.0,17,23,59,0,0,False,,,
2021-10-07 23:12:09,2021-10-08 07:35:57,2021-10-08 23:14:52,2021-10-08 08:08:47,32,Other,53.0,27,2,0,0,0,False,,,
2021-10-07 23:12:09,2021-10-08 06:58:10,2021-10-08 23:14:52,2021-10-08 07:28:14,30,Cycling,358.0,1,6,42,48,0,False,,,
2021-10-06 22:53:00,2021-10-07 09:06:32,2021-10-07 23:12:09,2021-10-07 09:57:17,50,Activity,493.0,1,27,67,5,0,False,,,
2021-10-06 22:53:00,2021-10-07 06:50:54,2021-10-07 23:12:09,2021-10-07 07:20:57,30,Cycling,325.0,2,13,63,19,0,False,,,
2021-10-04 23:14:02,2021-10-05 15:13:06,2021-10-05 21:51:34,2021-10-05 15:56:10,43,Other,148.0,61,15,0,0,0,False,,,
2021-10-04 23:14:02,2021-10-05 14:48:48,2021-10-05 21:51:34,2021-10-05 15:08:01,19,Running,299.0,1,1,8,31,58,False,,,
2021-10-03 21:59:09,2021-10-04 07:35:17,2021-10-04 23:14:02,2021-10-04 08:25:27,50,Other,98.0,30,3,0,0,0,False,,,
2021-10-03 21:59:09,2021-10-04 06:56:35,2021-10-04 23:14:02,2021-10-04 07:26:38,30,Cycling,382.0,3,3,23,71,0,False,,,
2021-10-01 22:49:28,2021-10-02 09:13:38,2021-10-02 23:11:33,2021-10-02 09:55:31,41,Running,677.0,0,0,3,37,60,True,9285.15,170.92,3.24
2021-09-30 21:40:00,2021-10-01 12:26:21,2021-10-01 22:49:28,2021-10-01 13:11:27,45,Cycling,412.0,8,43,33,16,0,False,,,
2021-09-30 21:40:00,2021-10-01 10:42:11,2021-10-01 22:49:28,2021-10-01 11:39:32,57,Running,919.0,0,0,3,36,61,True,12979.62,269.44,0.17
2021-09-29 01:24:02,2021-09-29 07:27:38,2021-09-29 21:23:38,2021-09-29 08:37:07,69,Other,196.0,66,6,0,0,0,False,,,
2021-09-29 01:24:02,2021-09-29 07:03:31,2021-09-29 21:23:38,2021-09-29 07:23:38,20,Running,276.0,0,0,23,59,17,False,,,
2021-09-27 22:40:30,2021-09-28 06:41:52,2021-09-29 01:24:02,2021-09-28 07:15:19,33,Running,525.0,0,0,6,40,54,True,7500.06,143.9,0.3
2021-09-26 22:32:32,2021-09-27 21:57:40,2021-09-27 22:40:30,2021-09-27 22:38:31,40,Activity,177.0,12,17,13,3,3,False,,,
2021-09-25 22:47:44,2021-09-26 08:08:22,2021-09-26 22:32:32,2021-09-26 10:15:52,127,Other,398.0,29,14,4,0,0,False,,,
2021-09-23 21:57:58,2021-09-24 07:19:22,2021-09-24 21:56:18,2021-09-24 08:23:20,63,Other,132.0,34,5,0,0,0,False,,,
2021-09-23 21:57:58,2021-09-24 06:43:31,2021-09-24 21:56:18,2021-09-24 07:13:36,30,Cycling,373.0,9,1,24,65,0,False,,,
2021-09-21 20:37:00,2021-09-22 17:47:25,2021-09-22 21:20:53,2021-09-22 18:09:42,22,Activity,298.0,0,14,17,54,15,False,,,
2021-09-21 20:37:00,2021-09-22 14:47:30,2021-09-22 21:20:53,2021-09-22 17:23:30,156,Swimming,1075.0,27,38,20,7,0,False,,,
2021-09-20 21:42:18,2021-09-21 06:56:09,2021-09-21 20:37:00,2021-09-21 07:57:54,61,Other,95.0,12,0,0,0,0,False,,,
2021-09-19 21:56:49,2021-09-20 07:24:52,2021-09-20 21:42:18,2021-09-20 08:20:54,56,Other,129.0,38,8,1,0,0,False,,,
2021-09-19 21:56:49,2021-09-20 06:44:48,2021-09-20 21:42:18,2021-09-20 07:14:55,30,Cycling,376.0,5,5,23,67,0,False,,,
2021-09-15 22:25:49,2021-09-16 15:04:04,2021-09-16 23:27:04,2021-09-16 16:06:28,62,Running,1000.0,0,0,6,20,74,True,13306.06,249.15,0.75
2021-09-14 21:59:00,2021-09-15 07:03:25,2021-09-15 22:25:49,2021-09-15 07:59:16,55,Other,109.0,32,4,1,0,0,False,,,
2021-09-14 21:59:00,2021-09-15 06:37:30,2021-09-15 22:25:49,2021-09-15 06:59:30,22,Running,318.0,1,0,8,78,13,False,,,
2021-09-13 21:24:01,2021-09-14 15:12:28,2021-09-14 21:59:00,2021-09-14 15:40:20,27,Cycling,260.0,0,36,64,0,0,False,,,
2021-09-11 21:26:46,2021-09-12 10:53:30,2021-09-12 22:35:39,2021-09-12 11:54:11,60,Other,154.0,37,10,1,0,0,False,,,
2021-09-10 23:22:41,2021-09-11 08:07:53,2021-09-11 21:26:46,2021-09-11 11:08:08,180,Cycling,2158.0,1,10,62,27,0,False,,,
2021-09-08 22:19:51,2021-09-09 18:33:59,2021-09-09 21:44:46,2021-09-09 19:32:04,58,Activity,478.0,0,0,24,36,0,False,,,
2021-09-08 22:19:51,2021-09-09 15:51:52,2021-09-09 21:44:46,2021-09-09 16:36:15,44,Other,179.0,50,24,5,0,0,False,,,
2021-09-08 22:19:51,2021-09-09 15:16:45,2021-09-09 21:44:46,2021-09-09 15:46:51,30,Cycling,383.0,8,5,16,70,0,False,,,
2021-09-07 21:48:54,2021-09-08 13:56:35,2021-09-08 22:19:51,2021-09-08 14:29:56,33,Running,541.0,0,0,2,27,71,True,6669.31,136.33,0.06
2021-09-07 21:48:54,2021-09-08 07:39:38,2021-09-08 22:19:51,2021-09-08 08:27:19,47,Cycling,323.0,18,38,24,6,0,False,,,
2021-09-06 22:49:12,2021-09-07 15:40:28,2021-09-07 21:48:54,2021-09-07 16:49:15,68,Other,133.0,32,3,0,0,0,False,,,
2021-09-05 23:00:11,2021-09-06 16:02:10,2021-09-06 22:49:12,2021-09-06 16:59:57,57,Other,153.0,52,8,0,0,0,False,,,
2021-09-05 23:00:11,2021-09-06 15:26:43,2021-09-06 22:49:12,2021-09-06 15:56:45,30,Cycling,397.0,4,1,20,74,0,False,,,
2021-09-04 23:18:31,2021-09-05 12:48:59,2021-09-05 23:00:11,2021-09-05 14:58:30,129,Swimming,775.0,31,50,11,0,0,False,,,
2021-09-02 22:11:43,2021-09-03 10:32:50,2021-09-03 22:26:14,2021-09-03 11:42:05,69,Swimming,476.0,26,58,10,5,0,False,,,
2021-08-31 21:51:51,2021-09-01 07:05:40,2021-09-01 20:58:53,2021-09-01 07:48:57,43,Running,704.0,0,0,1,23,76,True,9459.17,214.16,-1.09
2021-08-30 21:51:16,2021-08-31 15:13:10,2021-08-31 21:51:51,2021-08-31 16:37:34,84,Other,297.0,43,24,0,0,0,False,,,
2021-08-29 22:23:44,2021-08-30 07:11:44,2021-08-30 21:51:16,2021-08-30 08:10:00,58,Other,115.0,28,3,0,0,0,False,,,
2021-08-29 22:23:44,2021-08-30 06:35:57,2021-08-30 21:51:16,2021-08-30 07:06:01,30,Cycling,273.0,7,35,58,0,0,False,,,
2021-08-28 22:04:45,2021-08-29 20:54:40,2021-08-29 22:23:44,2021-08-29 21:49:16,54,Activity,366.0,17,23,32,15,0,False,,,
2021-08-26 23:56:27,2021-08-27 07:40:00,2021-08-28 00:47:00,2021-08-27 08:21:00,41,Swimming,129.0,51,36,5,0,0,False,,,
2021-08-25 22:41:28,2021-08-26 19:49:18,2021-08-26 23:56:27,2021-08-26 20:31:40,42,Running,721.0,1,0,2,11,86,True,2205.13,44.47,1.5
2021-08-24 23:22:51,2021-08-25 16:03:51,2021-08-25 22:41:28,2021-08-25 17:04:59,61,Other,210.0,24,5,5,6,0,False,,,
2021-08-24 23:22:51,2021-08-25 15:24:21,2021-08-25 22:41:28,2021-08-25 15:54:25,30,Cycling,275.0,3,33,63,0,0,False,,,
2021-08-23 23:25:39,2021-08-24 11:14:54,2021-08-24 23:22:51,2021-08-24 11:50:04,35,Other,46.0,6,0,0,0,0,False,,,
2021-08-23 23:25:39,2021-08-24 10:32:58,2021-08-24 23:22:51,2021-08-24 11:03:01,30,Cycling,199.0,12,88,0,0,0,False,,,
2021-08-23 01:13:58,2021-08-23 16:39:47,2021-08-23 23:25:39,2021-08-23 17:04:21,24,Walking,100.0,44,23,2,0,0,True,2609.55,22.85,-4.69
2021-08-23 01:13:58,2021-08-23 16:24:42,2021-08-23 23:25:39,2021-08-23 16:32:22,7,Running,109.0,2,2,26,40,30,True,1933.12,35.82,-26.05
2021-08-23 01:13:58,2021-08-23 16:01:36,2021-08-23 23:25:39,2021-08-23 16:20:17,18,Running,286.0,1,0,11,37,51,True,4320.38,24.75,17.49
2021-08-18 21:33:11,2021-08-19 16:06:08,2021-08-19 21:20:00,2021-08-19 16:57:26,51,Other,244.0,34,36,7,0,0,False,,,
2021-08-18 21:33:11,2021-08-19 15:29:24,2021-08-19 21:20:00,2021-08-19 15:59:29,30,Cycling,388.0,2,12,17,67,0,False,,,
2021-08-11 23:02:02,2021-08-12 16:48:09,2021-08-12 22:58:42,2021-08-12 17:46:14,58,Other,124.0,21,10,0,0,0,False,,,
2021-08-11 23:02:02,2021-08-12 16:04:41,2021-08-12 22:58:42,2021-08-12 16:24:46,20,Running,315.0,1,0,13,20,66,True,5024.39,79.36,-2.14
2021-08-10 22:35:10,2021-08-11 06:20:47,2021-08-11 23:02:02,2021-08-11 07:04:10,43,Walking,248.0,32,51,5,0,0,True,675.76,83.76,-0.41
2021-08-09 22:49:36,2021-08-10 19:02:36,2021-08-10 22:35:10,2021-08-10 20:02:23,59,Other,133.0,22,10,0,0,0,False,,,
2021-08-09 22:49:36,2021-08-10 18:26:02,2021-08-10 22:35:10,2021-08-10 18:56:27,30,Cycling,280.0,6,23,68,0,0,False,,,
2021-08-08 21:48:08,2021-08-09 18:40:02,2021-08-09 22:49:36,2021-08-09 20:16:40,96,Running,1504.0,0,0,2,86,12,True,6266.63,300.3,-1.43
2021-08-08 21:48:08,2021-08-09 06:13:43,2021-08-09 22:49:36,2021-08-09 06:55:09,41,Walking,294.0,27,58,14,0,0,True,934.21,85.11,-1.44
2021-08-07 22:59:51,2021-08-08 11:20:04,2021-08-08 21:48:08,2021-08-08 12:11:56,51,Other,259.0,46,13,18,2,0,False,,,
2021-08-07 22:59:51,2021-08-08 10:08:07,2021-08-08 21:48:08,2021-08-08 10:38:21,30,Cycling,356.0,9,9,19,62,0,False,,,
2021-08-04 22:27:10,2021-08-05 19:15:00,2021-08-05 22:47:13,2021-08-05 20:05:00,50,Other,113.0,53,3,0,0,0,False,,,
2021-08-04 22:27:10,2021-08-05 18:39:02,2021-08-05 22:47:13,2021-08-05 19:09:23,30,Cycling,335.0,10,5,46,38,0,False,,,
2021-08-03 22:17:06,2021-08-04 18:57:51,2021-08-04 22:27:10,2021-08-04 19:49:36,51,Other,163.0,67,8,1,0,0,False,,,
2021-08-03 22:17:06,2021-08-04 18:22:27,2021-08-04 22:27:10,2021-08-04 18:51:01,28,Running,417.0,0,1,11,88,0,False,,,
2021-08-02 22:24:35,2021-08-03 19:05:15,2021-08-03 22:17:06,2021-08-03 20:09:55,64,Other,145.0,36,5,0,0,0,False,,,
2021-08-01 23:09:23,2021-08-02 18:58:37,2021-08-02 22:24:35,2021-08-02 19:18:26,19,Running,315.0,0,0,8,19,72,True,5026.25,75.96,-2.78
2021-07-30 23:38:07,2021-07-31 11:29:35,2021-07-31 23:23:54,2021-07-31 12:05:11,35,Other,66.0,29,8,0,0,0,False,,,
2021-07-30 23:38:07,2021-07-31 11:03:29,2021-07-31 23:23:54,2021-07-31 11:25:03,21,Running,298.0,1,3,14,81,0,False,,,
2021-07-30 23:38:07,2021-07-31 10:28:18,2021-07-31 23:23:54,2021-07-31 10:58:33,30,Cycling,317.0,4,12,84,0,0,False,,,
2021-07-28 22:36:05,2021-07-29 19:14:09,2021-07-29 22:17:42,2021-07-29 20:10:43,56,Other,107.0,32,2,0,0,0,False,,,
2021-07-27 22:18:49,2021-07-28 18:53:24,2021-07-28 22:36:05,2021-07-28 20:31:03,97,Running,1526.0,0,0,1,86,13,True,6345.42,293.66,-0.66
2021-07-26 22:25:45,2021-07-27 20:38:21,2021-07-27 22:18:49,2021-07-27 21:16:11,37,Other,147.0,21,23,7,0,0,False,,,
2021-07-26 22:25:45,2021-07-27 19:30:00,2021-07-27 22:18:49,2021-07-27 20:30:00,60,Other,252.0,48,28,4,0,0,False,,,
2021-07-26 22:25:45,2021-07-27 18:51:31,2021-07-27 22:18:49,2021-07-27 19:21:26,29,Cycling,422.0,1,7,12,78,2,False,,,
2021-07-22 23:05:07,2021-07-23 17:37:00,2021-07-23 23:27:23,2021-07-23 19:40:00,123,Cycling,552.0,37,31,9,0,0,False,,,
2021-07-22 23:05:07,2021-07-23 12:30:22,2021-07-23 23:27:23,2021-07-23 15:49:08,198,Cycling,1261.0,25,53,17,1,0,True,6221.08,535.75,283.24
2021-07-21 23:07:12,2021-07-22 16:44:23,2021-07-22 23:05:07,2021-07-22 18:09:07,84,Other,237.0,56,10,0,0,0,False,,,
2021-07-21 23:07:12,2021-07-22 10:26:41,2021-07-22 23:05:07,2021-07-22 11:33:45,67,Running,482.0,45,13,24,17,0,True,19.71,124.15,25.5
2021-07-20 23:03:54,2021-07-21 17:28:24,2021-07-21 23:07:12,2021-07-21 18:34:18,65,Cycling,183.0,49,13,0,0,0,True,12883.44,152.44,-1.37
2021-07-19 23:05:58,2021-07-20 19:46:00,2021-07-20 23:03:54,2021-07-20 20:41:56,55,Running,735.0,0,0,51,40,9,True,4591.1,120.54,-2.14
2021-07-18 23:14:34,2021-07-19 09:30:45,2021-07-19 23:05:58,2021-07-19 11:21:58,111,Cycling,729.0,34,22,14,6,8,False,,,
2021-07-14 22:58:13,2021-07-15 14:50:15,2021-07-15 23:13:48,2021-07-15 15:15:41,25,Running,428.0,0,0,1,16,83,True,5968.17,71.47,3.22
2021-07-13 22:37:58,2021-07-14 17:20:00,2021-07-14 22:58:13,2021-07-14 18:10:00,50,Swimming,214.0,41,38,1,0,0,False,,,
2021-07-12 22:09:13,2021-07-13 19:23:42,2021-07-13 22:37:58,2021-07-13 20:19:14,55,Other,164.0,48,10,2,0,0,False,,,
2021-07-12 22:09:13,2021-07-13 19:07:38,2021-07-13 22:37:58,2021-07-13 19:20:55,13,Cycling,121.0,14,26,57,3,0,False,,,
2021-07-11 23:07:18,2021-07-12 19:43:15,2021-07-12 22:09:13,2021-07-12 20:40:09,56,Other,278.0,46,50,2,0,0,False,,,
2021-07-10 22:58:00,2021-07-11 13:35:19,2021-07-11 23:07:18,2021-07-11 14:11:29,36,Cycling,455.0,2,10,13,74,0,True,740.3,126.41,-0.2
2021-07-08 21:54:09,2021-07-09 13:46:51,2021-07-09 22:46:23,2021-07-09 14:10:35,23,Activity,229.0,3,11,68,10,0,False,,,
2021-07-08 21:54:09,2021-07-09 11:34:26,2021-07-09 22:46:23,2021-07-09 12:13:07,38,Other,72.0,32,2,0,0,0,False,,,
2021-07-08 21:54:09,2021-07-09 10:32:58,2021-07-09 22:46:23,2021-07-09 11:03:09,30,Cycling,291.0,3,14,75,0,0,False,,,
2021-07-07 23:42:42,2021-07-08 16:41:02,2021-07-08 21:54:09,2021-07-08 17:24:14,43,Running,706.0,0,0,2,21,77,True,2250.49,148.56,-1.54
2021-07-06 22:18:37,2021-07-07 11:27:09,2021-07-07 23:42:42,2021-07-07 12:31:47,64,Other,106.0,30,1,0,0,0,False,,,
2021-07-06 22:18:37,2021-07-07 10:49:15,2021-07-07 23:42:42,2021-07-07 11:19:29,30,Cycling,251.0,9,37,51,0,0,False,,,
2021-07-06 22:18:37,2021-07-07 06:16:10,2021-07-07 23:42:42,2021-07-07 06:43:24,27,Walking,112.0,78,21,0,0,0,True,3007.44,67.13,-0.5
2021-07-05 22:48:31,2021-07-06 11:16:49,2021-07-06 22:18:37,2021-07-06 12:18:22,61,Other,189.0,30,15,4,0,0,False,,,
2021-07-05 22:48:31,2021-07-06 10:36:25,2021-07-06 22:18:37,2021-07-06 11:05:40,29,Cycling,191.0,12,84,0,0,0,False,,,
2021-07-04 22:36:34,2021-07-05 19:58:03,2021-07-05 22:48:31,2021-07-05 21:23:02,84,Other,231.0,52,14,0,0,0,False,,,
2021-07-02 23:37:12,2021-07-03 10:31:34,2021-07-03 22:57:50,2021-07-03 11:41:17,69,Running,1137.0,0,0,0,39,61,True,607.78,224.73,-4.23
2021-06-30 23:00:06,2021-07-01 18:32:47,2021-07-01 22:29:29,2021-07-01 18:58:29,25,Other,361.0,0,1,14,75,10,False,,,
2021-06-30 23:00:06,2021-07-01 16:00:22,2021-07-01 22:29:29,2021-07-01 17:02:27,62,Other,171.0,50,13,0,0,0,False,,,
2021-06-30 23:00:06,2021-07-01 15:13:34,2021-07-01 22:29:29,2021-07-01 15:34:16,20,Running,329.0,0,0,8,20,72,True,5035.58,75.6,-2.39
2021-06-29 23:49:31,2021-06-30 09:35:43,2021-06-30 23:00:06,2021-06-30 10:21:43,45,Other,282.0,29,40,22,0,0,False,,,
2021-06-29 23:49:31,2021-06-30 08:55:37,2021-06-30 23:00:06,2021-06-30 09:28:06,32,Cycling,432.0,4,9,13,71,3,False,,,
2021-06-28 23:56:57,2021-06-29 11:22:54,2021-06-29 23:49:31,2021-06-29 12:22:54,59,Running,971.0,0,0,2,39,59,True,5558.35,216.24,-2.13
2021-06-27 23:28:23,2021-06-28 11:14:28,2021-06-28 23:56:57,2021-06-28 11:39:26,24,Activity,243.0,1,20,59,20,0,False,,,
2021-06-27 00:18:22,2021-06-27 16:28:38,2021-06-27 23:28:23,2021-06-27 20:36:01,247,Golf,834.0,60,26,1,0,0,True,964.2,276.21,-3.22
2021-06-23 22:46:32,2021-06-24 09:23:22,2021-06-25 00:12:03,2021-06-24 10:10:27,47,Other,138.0,58,21,0,0,0,False,,,
2021-06-23 22:46:32,2021-06-24 08:39:17,2021-06-25 00:12:03,2021-06-24 08:59:25,20,Running,319.0,1,1,2,43,53,True,5053.77,74.59,-2.02
2021-06-22 23:35:57,2021-06-23 10:58:34,2021-06-23 22:46:32,2021-06-23 12:01:52,63,Other,128.0,45,7,0,0,0,False,,,
2021-06-22 23:35:57,2021-06-23 10:25:55,2021-06-23 22:46:32,2021-06-23 10:51:08,25,Cycling,273.0,13,1,14,66,0,False,,,
2021-06-22 23:35:57,2021-06-23 06:28:57,2021-06-23 22:46:32,2021-06-23 06:57:50,28,Walking,286.0,8,26,27,34,5,True,3283.76,65.19,2.0
2021-06-21 22:34:20,2021-06-22 10:53:29,2021-06-22 23:35:57,2021-06-22 11:45:32,52,Running,819.0,0,0,3,58,39,True,3665.29,201.55,-2.02
2021-06-21 22:34:20,2021-06-22 06:23:59,2021-06-22 23:35:57,2021-06-22 06:57:01,33,Walking,139.0,73,25,0,0,0,True,3146.99,50.63,-0.5
2021-06-17 22:51:54,2021-06-18 06:23:56,2021-06-19 03:24:16,2021-06-18 07:02:32,38,Walking,233.0,24,71,3,0,0,True,439.05,86.02,-0.32
2021-06-16 22:18:59,2021-06-17 11:39:28,2021-06-17 22:51:54,2021-06-17 12:31:25,51,Other,191.0,29,23,9,0,0,False,,,
2021-06-16 22:18:59,2021-06-17 10:20:16,2021-06-17 22:51:54,2021-06-17 10:58:50,38,Running,675.0,0,0,0,5,95,True,1154.58,152.4,-3.37
2021-06-16 22:18:59,2021-06-17 06:19:11,2021-06-17 22:51:54,2021-06-17 06:46:24,27,Walking,188.0,30,49,7,13,0,True,3038.55,72.23,-3.74
2021-06-15 22:28:05,2021-06-16 11:17:18,2021-06-16 22:18:59,2021-06-16 12:17:25,60,Other,112.0,32,4,0,0,0,False,,,
2021-06-15 22:28:05,2021-06-16 10:42:20,2021-06-16 22:18:59,2021-06-16 11:12:23,30,Cycling,258.0,10,17,72,0,0,False,,,
2021-06-14 23:08:43,2021-06-15 17:35:42,2021-06-15 22:28:05,2021-06-15 19:36:37,120,Golf,625.0,35,59,1,0,0,True,1453.14,155.62,-0.86
2021-06-14 23:08:43,2021-06-15 09:59:52,2021-06-15 22:28:05,2021-06-15 10:41:51,41,Running,746.0,0,0,1,12,87,True,1959.09,73.75,-0.57
2021-06-13 22:24:46,2021-06-14 16:45:00,2021-06-14 23:08:43,2021-06-14 18:15:00,90,Walking,610.0,22,35,17,13,0,False,,,
2021-06-13 22:24:46,2021-06-14 11:40:57,2021-06-14 23:08:43,2021-06-14 12:32:11,51,Other,145.0,28,25,0,0,0,False,,,
2021-06-13 22:24:46,2021-06-14 11:05:05,2021-06-14 23:08:43,2021-06-14 11:35:14,30,Cycling,400.0,6,5,12,74,3,False,,,
2021-06-13 22:24:46,2021-06-14 06:19:13,2021-06-14 23:08:43,2021-06-14 06:59:29,40,Walking,269.0,20,48,23,4,0,True,551.19,83.88,-0.28
2021-06-12 22:10:58,2021-06-13 11:15:43,2021-06-13 22:24:46,2021-06-13 12:15:28,59,Other,108.0,42,1,0,0,0,False,,,
2021-06-12 22:10:58,2021-06-13 10:23:08,2021-06-13 22:24:46,2021-06-13 11:03:58,40,Running,464.0,16,26,7,14,37,False,,,
2021-06-10 22:30:39,2021-06-11 11:17:19,2021-06-11 22:57:28,2021-06-11 12:22:43,65,Other,103.0,19,1,0,0,0,False,,,
2021-06-08 21:17:20,2021-06-09 16:22:45,2021-06-09 21:57:02,2021-06-09 17:11:49,49,Other,94.0,40,2,0,0,0,False,,,
2021-06-08 21:17:20,2021-06-09 15:48:03,2021-06-09 21:57:02,2021-06-09 16:18:07,30,Cycling,282.0,2,26,69,0,0,False,,,
2021-06-07 22:01:32,2021-06-08 16:01:31,2021-06-08 21:17:20,2021-06-08 16:45:53,44,Other,58.0,9,0,0,0,0,False,,,
2021-06-07 22:01:32,2021-06-08 15:23:05,2021-06-08 21:17:20,2021-06-08 15:53:07,30,Cycling,289.0,8,16,65,10,0,False,,,
2021-06-06 22:22:02,2021-06-07 16:50:57,2021-06-07 22:01:32,2021-06-07 17:38:00,47,Other,108.0,65,6,0,0,0,False,,,
2021-06-06 22:22:02,2021-06-07 16:15:44,2021-06-07 22:01:32,2021-06-07 16:45:46,30,Cycling,344.0,10,9,17,64,0,False,,,
2021-06-06 22:22:02,2021-06-07 06:20:28,2021-06-07 22:01:32,2021-06-07 06:54:27,33,Walking,204.0,21,73,5,0,0,True,75.04,25.16,0.19
2021-06-04 00:05:30,2021-06-04 16:54:03,2021-06-05 00:47:27,2021-06-04 17:35:26,41,Other,80.0,44,4,0,0,0,False,,,
2021-06-04 00:05:30,2021-06-04 16:19:08,2021-06-05 00:47:27,2021-06-04 16:49:14,30,Cycling,369.0,8,13,16,62,1,False,,,
2021-06-02 21:30:18,2021-06-03 19:54:49,2021-06-04 00:05:30,2021-06-03 20:49:56,55,Other,233.0,48,36,3,0,0,False,,,
2021-06-02 21:30:18,2021-06-03 19:16:18,2021-06-04 00:05:30,2021-06-03 19:46:23,30,Cycling,364.0,7,4,31,58,0,False,,,
2021-06-02 21:30:18,2021-06-03 06:20:15,2021-06-04 00:05:30,2021-06-03 06:54:21,34,Walking,200.0,32,63,2,0,0,True,89.27,27.96,-0.67
2021-06-02 00:00:06,2021-06-02 14:40:57,2021-06-02 21:30:18,2021-06-02 15:25:09,44,Activity,300.0,18,61,19,0,0,False,,,
2021-06-02 00:00:06,2021-06-02 13:39:39,2021-06-02 21:30:18,2021-06-02 14:31:13,51,Other,179.0,66,18,0,0,0,False,,,
2021-05-31 22:11:41,2021-06-01 06:21:03,2021-06-02 00:00:06,2021-06-01 06:57:40,36,Walking,150.0,80,17,0,0,0,True,401.71,27.44,0.68
2021-05-30 23:03:26,2021-05-31 06:22:06,2021-05-31 22:11:41,2021-05-31 06:57:30,35,Walking,135.0,89,8,0,0,0,True,223.57,30.16,0.48
2021-05-29 23:51:44,2021-05-30 09:13:00,2021-05-30 23:03:26,2021-05-30 09:56:00,43,Other,81.0,44,3,0,0,0,False,,,
2021-05-29 23:51:44,2021-05-30 08:36:11,2021-05-30 23:03:26,2021-05-30 09:06:16,30,Cycling,233.0,32,16,51,0,0,False,,,
2021-05-29 00:51:35,2021-05-29 07:53:19,2021-05-29 23:51:44,2021-05-29 09:29:11,95,Walking,407.0,35,18,13,1,0,True,1635.95,7.14,5.06
2021-05-27 23:32:10,2021-05-28 06:24:44,2021-05-29 00:51:35,2021-05-28 06:58:33,33,Walking,159.0,62,37,0,0,0,True,56.55,29.89,-0.03
2021-05-26 22:42:53,2021-05-27 20:16:53,2021-05-27 23:32:10,2021-05-27 22:06:13,109,Other,272.0,39,11,0,0,0,False,,,
2021-05-26 22:42:53,2021-05-27 06:26:02,2021-05-27 23:32:10,2021-05-27 06:59:24,33,Walking,174.0,46,52,1,0,0,True,3865.36,38.25,0.43
2021-05-25 22:49:51,2021-05-26 18:41:11,2021-05-26 22:42:53,2021-05-26 19:03:14,22,Running,339.0,0,0,2,64,33,False,,,
2021-05-25 22:49:51,2021-05-26 18:35:29,2021-05-26 22:42:53,2021-05-26 18:39:19,3,Cycling,20.0,12,65,4,0,0,False,,,
2021-05-24 22:10:57,2021-05-25 20:18:09,2021-05-25 22:49:51,2021-05-25 21:31:38,73,Other,243.0,63,17,0,0,0,False,,,
2021-05-24 22:10:57,2021-05-25 06:18:36,2021-05-25 22:49:51,2021-05-25 06:52:56,34,Walking,188.0,56,37,6,0,0,True,127.9,28.51,-0.16
2021-05-23 22:35:05,2021-05-24 16:28:00,2021-05-24 22:10:57,2021-05-24 17:08:01,40,Other,128.0,51,21,0,0,0,False,,,
2021-05-23 22:35:05,2021-05-24 15:47:10,2021-05-24 22:10:57,2021-05-24 16:08:40,21,Running,339.0,1,0,4,28,66,False,,,
2021-05-23 22:35:05,2021-05-24 06:22:39,2021-05-24 22:10:57,2021-05-24 07:01:04,38,Walking,185.0,52,45,0,0,0,True,586.25,24.19,0.05
2021-05-22 23:09:52,2021-05-23 16:48:04,2021-05-23 22:35:05,2021-05-23 18:33:02,104,Other,450.0,50,31,5,0,0,False,,,
2021-05-20 22:10:34,2021-05-21 06:40:38,2021-05-21 22:33:55,2021-05-21 07:02:14,21,Running,339.0,0,0,2,30,67,True,5181.18,26.87,1.47
2021-05-19 21:59:52,2021-05-20 16:05:13,2021-05-20 22:10:34,2021-05-20 16:47:27,42,Other,125.0,51,17,0,0,0,False,,,
2021-05-19 21:59:52,2021-05-20 15:13:57,2021-05-20 22:10:34,2021-05-20 15:44:01,30,Cycling,404.0,1,2,12,85,0,False,,,
2021-05-19 21:59:52,2021-05-20 06:27:04,2021-05-20 22:10:34,2021-05-20 06:58:10,31,Walking,199.0,47,30,21,2,0,True,3768.66,37.78,0.38
2021-05-18 22:48:02,2021-05-19 16:30:52,2021-05-19 21:59:52,2021-05-19 17:04:51,33,Other,81.0,63,2,0,0,0,False,,,
2021-05-18 22:48:02,2021-05-19 15:48:27,2021-05-19 21:59:52,2021-05-19 16:20:57,32,Running,532.0,0,0,3,19,78,True,7196.02,45.87,-0.4
2021-05-18 22:48:02,2021-05-19 06:19:45,2021-05-19 21:59:52,2021-05-19 06:55:16,35,Walking,196.0,39,58,0,0,0,True,206.38,29.1,-0.09
2021-05-17 22:45:14,2021-05-18 19:06:30,2021-05-18 22:48:02,2021-05-18 21:02:37,116,Other,285.0,34,13,0,0,0,False,,,
2021-05-17 22:45:14,2021-05-18 06:24:27,2021-05-18 22:48:02,2021-05-18 07:01:00,36,Walking,266.0,38,26,27,9,0,True,399.03,24.49,-0.01
2021-05-16 22:31:54,2021-05-17 15:11:43,2021-05-17 22:45:14,2021-05-17 15:53:26,41,Other,86.0,45,4,0,0,0,False,,,
2021-05-16 22:31:54,2021-05-17 14:34:53,2021-05-17 22:45:14,2021-05-17 15:04:56,30,Cycling,379.0,4,5,18,73,0,False,,,
2021-05-14 23:09:12,2021-05-15 14:31:51,2021-05-15 23:40:50,2021-05-15 15:31:57,60,Other,261.0,56,31,3,0,0,False,,,
2021-05-13 23:00:58,2021-05-14 11:30:00,2021-05-14 23:09:12,2021-05-14 11:45:00,15,Swimming,130.0,4,40,56,0,0,False,,,
2021-05-13 23:00:58,2021-05-14 10:43:40,2021-05-14 23:09:12,2021-05-14 11:14:08,30,Running,507.0,1,0,1,19,79,True,7153.74,42.54,0.66
2021-05-13 23:00:58,2021-05-14 06:24:55,2021-05-14 23:09:12,2021-05-14 06:59:17,34,Walking,113.0,92,6,0,0,0,True,119.19,28.66,-0.09
2021-05-12 23:03:57,2021-05-13 13:10:00,2021-05-13 23:00:58,2021-05-13 13:45:00,35,Swimming,220.0,33,45,22,0,0,False,,,
2021-05-12 23:03:57,2021-05-13 12:37:23,2021-05-13 23:00:58,2021-05-13 13:06:18,28,Other,115.0,22,40,7,0,0,False,,,
2021-05-12 23:03:57,2021-05-13 06:23:23,2021-05-13 23:00:58,2021-05-13 06:58:05,34,Walking,130.0,86,9,0,0,0,True,144.8,40.16,-0.17
2021-05-11 22:01:06,2021-05-12 16:24:07,2021-05-12 23:03:57,2021-05-12 18:19:47,115,Other,253.0,37,10,0,0,0,False,,,
2021-05-11 22:01:06,2021-05-12 06:19:36,2021-05-12 23:03:57,2021-05-12 06:58:48,39,Walking,183.0,56,41,0,0,0,True,664.8,20.99,-0.25
2021-05-10 22:15:33,2021-05-11 16:16:52,2021-05-11 22:01:06,2021-05-11 17:02:55,46,Swimming,339.0,12,62,26,0,0,False,,,
2021-05-10 22:15:33,2021-05-11 15:31:57,2021-05-11 22:01:06,2021-05-11 16:10:32,38,Other,160.0,63,28,0,0,0,False,,,
2021-05-10 22:15:33,2021-05-11 06:24:58,2021-05-11 22:01:06,2021-05-11 06:56:20,31,Walking,142.0,79,18,0,0,0,True,3662.28,34.3,-2.1
2021-05-09 22:26:52,2021-05-10 16:00:39,2021-05-10 22:15:33,2021-05-10 16:54:42,54,Swimming,422.0,11,52,36,1,0,False,,,
2021-05-09 22:26:52,2021-05-10 15:23:09,2021-05-10 22:15:33,2021-05-10 15:43:27,20,Running,328.0,3,0,1,23,73,True,1196.37,1.4,0.26
2021-05-07 23:35:01,2021-05-08 08:13:57,2021-05-08 23:32:33,2021-05-08 08:58:00,44,Swimming,376.0,19,19,58,4,0,False,,,
2021-05-07 23:35:01,2021-05-08 07:47:11,2021-05-08 23:32:33,2021-05-08 08:04:49,17,Walking,74.0,72,19,0,0,0,True,1908.16,10.09,4.67
2021-05-06 22:34:56,2021-05-07 19:05:15,2021-05-07 23:35:01,2021-05-07 19:32:37,27,Other,99.0,62,23,0,0,0,False,,,
2021-05-06 22:34:56,2021-05-07 18:30:24,2021-05-07 23:35:01,2021-05-07 19:00:23,29,Cycling,340.0,5,19,23,53,0,False,,,
2021-05-06 22:34:56,2021-05-07 06:18:43,2021-05-07 23:35:01,2021-05-07 06:54:13,35,Walking,151.0,80,13,0,0,0,True,220.73,37.58,-0.29
2021-05-05 22:20:40,2021-05-06 06:20:38,2021-05-06 22:34:56,2021-05-06 06:59:19,38,Walking,183.0,59,37,0,0,0,True,503.78,35.16,0.14
2021-05-04 21:47:47,2021-05-05 18:49:10,2021-05-05 22:20:40,2021-05-05 19:39:37,50,Other,247.0,46,51,1,0,0,False,,,
2021-05-04 21:47:47,2021-05-05 18:34:37,2021-05-05 22:20:40,2021-05-05 18:44:22,9,Walking,77.0,0,78,15,7,0,False,,,
2021-05-04 21:47:47,2021-05-05 18:14:25,2021-05-05 22:20:40,2021-05-05 18:34:17,19,Running,325.0,2,0,4,14,80,False,,,
2021-05-04 21:47:47,2021-05-05 06:19:36,2021-05-05 22:20:40,2021-05-05 06:53:12,33,Walking,173.0,42,54,0,0,0,True,16.14,49.73,0.8
2021-05-03 22:15:52,2021-05-04 16:00:34,2021-05-04 21:47:47,2021-05-04 16:49:02,48,Other,116.0,59,6,0,0,0,False,,,
2021-05-03 22:15:52,2021-05-04 15:25:23,2021-05-04 21:47:47,2021-05-04 15:55:35,30,Cycling,412.0,4,3,15,77,1,False,,,
2021-05-03 22:15:52,2021-05-04 06:13:48,2021-05-04 21:47:47,2021-05-04 06:53:16,39,Walking,211.0,56,41,2,0,0,True,738.41,31.64,-0.28
2021-05-02 22:47:52,2021-05-03 18:50:30,2021-05-03 22:15:52,2021-05-03 20:11:47,81,Other,352.0,60,30,1,0,0,False,,,
2021-05-02 22:47:52,2021-05-03 18:15:17,2021-05-03 22:15:52,2021-05-03 18:39:48,24,Running,335.0,1,0,9,87,3,True,5492.9,33.01,-4.06
2021-05-02 22:47:52,2021-05-03 06:18:12,2021-05-03 22:15:52,2021-05-03 06:54:57,36,Walking,125.0,80,11,0,0,0,True,384.48,41.8,-0.41
2021-04-30 23:38:54,2021-05-01 07:45:56,2021-05-01 23:11:32,2021-05-01 08:17:05,31,Walking,127.0,82,16,0,0,0,True,3627.94,23.85,0.7
2021-04-29 22:01:35,2021-04-30 07:08:26,2021-04-30 23:38:54,2021-04-30 07:59:32,51,Activity,322.0,28,26,34,2,0,False,,,
2021-04-29 22:01:35,2021-04-30 05:46:14,2021-04-30 23:38:54,2021-04-30 06:20:04,33,Walking,141.0,75,25,0,0,0,True,47.6,35.12,-0.07
2021-04-28 22:11:58,2021-04-29 06:17:36,2021-04-29 22:01:35,2021-04-29 06:57:43,40,Walking,149.0,56,40,0,0,0,True,269.33,75.79,0.02
2021-04-27 21:50:23,2021-04-28 06:23:22,2021-04-28 22:11:58,2021-04-28 06:55:25,32,Walking,108.0,90,7,0,0,0,True,3675.02,30.06,0.39
2021-04-26 22:09:31,2021-04-27 06:35:41,2021-04-27 21:50:23,2021-04-27 07:17:57,42,Running,709.0,0,0,0,10,90,True,2065.81,49.53,0.62
2021-04-25 22:27:40,2021-04-26 17:56:38,2021-04-26 22:09:31,2021-04-26 18:20:02,23,Yoga,332.0,0,4,26,37,33,False,,,
2021-04-25 22:27:40,2021-04-26 16:04:43,2021-04-26 22:09:31,2021-04-26 16:53:33,48,Other,196.0,64,26,1,0,0,False,,,
2021-04-25 22:27:40,2021-04-26 15:28:52,2021-04-26 22:09:31,2021-04-26 15:58:54,30,Cycling,351.0,2,13,27,55,0,False,,,
2021-04-25 22:27:40,2021-04-26 06:18:20,2021-04-26 22:09:31,2021-04-26 06:56:53,38,Walking,185.0,62,37,0,0,0,True,569.47,43.89,-0.02
2021-04-23 22:35:11,2021-04-24 08:09:46,2021-04-25 01:16:27,2021-04-24 09:05:33,55,Swimming,441.0,16,39,41,2,0,False,,,
2021-04-22 22:17:02,2021-04-23 16:21:30,2021-04-23 22:35:11,2021-04-23 17:06:18,44,Other,152.0,52,27,1,0,0,False,,,
2021-04-22 22:17:02,2021-04-23 15:28:22,2021-04-23 22:35:11,2021-04-23 16:10:03,41,Running,677.0,0,0,2,29,69,True,1963.32,71.63,2.49
2021-04-22 22:17:02,2021-04-23 06:20:22,2021-04-23 22:35:11,2021-04-23 06:55:16,34,Walking,154.0,67,33,0,0,0,True,155.67,31.0,0.03
2021-04-21 21:42:03,2021-04-22 16:13:43,2021-04-22 22:17:02,2021-04-22 16:43:32,29,Other,58.0,59,3,0,0,0,False,,,
2021-04-21 21:42:03,2021-04-22 15:33:28,2021-04-22 22:17:02,2021-04-22 16:03:38,30,Cycling,321.0,12,17,16,54,0,False,,,
2021-04-20 21:31:42,2021-04-21 16:06:17,2021-04-21 21:42:03,2021-04-21 16:32:23,26,Other,47.0,58,0,0,0,0,False,,,
2021-04-20 21:31:42,2021-04-21 15:20:52,2021-04-21 21:42:03,2021-04-21 15:51:28,30,Running,495.0,1,0,2,32,65,True,7125.85,42.14,-0.22
2021-04-20 21:31:42,2021-04-21 06:19:26,2021-04-21 21:42:03,2021-04-21 06:58:31,39,Walking,194.0,46,52,0,0,0,True,602.42,28.14,0.41
2021-04-19 22:11:27,2021-04-20 15:56:34,2021-04-20 21:31:42,2021-04-20 16:19:51,23,Other,73.0,67,16,0,0,0,False,,,
2021-04-19 22:11:27,2021-04-20 15:19:34,2021-04-20 21:31:42,2021-04-20 15:49:09,29,Cycling,426.0,1,1,8,76,13,False,,,
2021-04-18 21:38:49,2021-04-19 17:56:35,2021-04-19 22:11:27,2021-04-19 18:44:23,47,Swimming,322.0,14,69,17,0,0,False,,,
2021-04-18 21:38:49,2021-04-19 17:18:09,2021-04-19 22:11:27,2021-04-19 17:49:12,31,Running,406.0,4,20,6,43,27,True,5833.43,34.44,1.17
2021-04-18 21:38:49,2021-04-19 06:21:12,2021-04-19 22:11:27,2021-04-19 07:59:27,98,Walking,228.0,27,8,0,0,0,True,42.61,29.57,0.01
2021-04-14 01:43:01,2021-04-14 15:15:22,2021-04-14 22:44:35,2021-04-14 15:54:56,39,Skiing,124.0,42,22,0,0,0,False,,,
2021-04-09 23:41:03,2021-04-10 11:00:00,2021-04-10 23:11:04,2021-04-10 11:35:00,35,Swimming,209.0,31,39,22,0,0,False,,,
2021-04-08 22:11:21,2021-04-09 16:19:44,2021-04-09 23:41:03,2021-04-09 16:58:22,38,Other,70.0,39,5,0,0,0,False,,,
2021-04-08 22:11:21,2021-04-09 15:43:25,2021-04-09 23:41:03,2021-04-09 16:13:36,30,Cycling,387.0,2,5,27,64,0,False,,,
2021-04-08 22:11:21,2021-04-09 06:23:00,2021-04-09 23:41:03,2021-04-09 07:01:07,38,Walking,178.0,68,32,0,0,0,True,543.56,29.88,0.1
2021-04-07 22:37:19,2021-04-08 15:12:21,2021-04-08 22:11:21,2021-04-08 15:41:01,28,Walking,186.0,29,59,8,4,0,True,3450.19,32.53,3.29
2021-04-07 22:37:19,2021-04-08 06:22:18,2021-04-08 22:11:21,2021-04-08 06:52:55,30,Walking,143.0,52,42,0,0,0,True,3420.68,36.45,-0.64
2021-04-06 19:38:29,2021-04-07 15:43:56,2021-04-07 22:37:19,2021-04-07 16:47:41,63,Other,167.0,41,12,0,0,0,False,,,
2021-04-06 19:38:29,2021-04-07 14:55:40,2021-04-07 22:37:19,2021-04-07 15:22:38,26,Running,462.0,2,0,2,4,92,True,6317.65,40.2,-9.54
2021-04-06 19:38:29,2021-04-07 06:18:49,2021-04-07 22:37:19,2021-04-07 06:54:22,35,Walking,180.0,63,24,9,1,0,True,235.93,32.85,0.02
2021-04-05 22:49:59,2021-04-06 16:34:14,2021-04-06 19:38:29,2021-04-06 17:15:53,41,Other,101.0,50,9,0,0,0,False,,,
2021-04-05 22:49:59,2021-04-06 15:56:59,2021-04-06 19:38:29,2021-04-06 16:27:02,30,Cycling,289.0,18,20,12,46,0,False,,,
2021-04-05 22:49:59,2021-04-06 06:19:34,2021-04-06 19:38:29,2021-04-06 07:01:28,41,Walking,144.0,98,1,0,0,0,True,873.4,47.07,0.7
2021-04-04 22:18:36,2021-04-05 16:27:59,2021-04-05 22:49:59,2021-04-05 17:01:57,33,Running,559.0,1,0,1,21,77,True,128.85,64.49,2.05
2021-03-31 22:46:56,2021-04-01 16:05:00,2021-04-01 23:27:39,2021-04-01 16:50:00,45,Other,229.0,35,55,3,0,0,False,,,
2021-03-31 22:46:56,2021-04-01 15:32:54,2021-04-01 23:27:39,2021-04-01 16:02:55,30,Cycling,388.0,0,2,36,62,0,False,,,
2021-03-30 22:44:46,2021-03-31 13:11:46,2021-03-31 22:46:56,2021-03-31 13:21:49,10,Cycling,103.0,12,4,74,10,0,False,,,
2021-03-30 22:44:46,2021-03-31 12:01:00,2021-03-31 22:46:56,2021-03-31 13:07:00,66,Other,180.0,44,18,0,0,0,False,,,
2021-03-29 22:41:41,2021-03-30 12:06:13,2021-03-30 22:44:46,2021-03-30 12:46:13,40,Other,124.0,63,18,0,0,0,False,,,
2021-03-29 22:41:41,2021-03-30 11:41:17,2021-03-30 22:44:46,2021-03-30 11:55:16,13,Running,231.0,2,1,1,15,81,True,3093.64,32.8,-9.99
2021-03-29 22:41:41,2021-03-30 11:06:02,2021-03-30 22:44:46,2021-03-30 11:33:57,27,Running,451.0,3,0,3,17,77,True,5916.1,31.99,4.69
2021-03-28 22:23:53,2021-03-29 09:47:30,2021-03-29 22:41:41,2021-03-29 10:52:36,65,Swimming,395.0,19,66,11,0,0,False,,,
2021-03-28 22:23:53,2021-03-29 09:00:00,2021-03-29 22:41:41,2021-03-29 09:40:00,40,Other,138.0,85,11,0,0,0,False,,,
2021-03-27 23:00:06,2021-03-28 14:21:12,2021-03-28 21:23:53,2021-03-28 15:36:00,74,Other,180.0,51,9,0,0,0,False,,,
2021-03-25 22:50:42,2021-03-26 15:44:25,2021-03-26 23:43:00,2021-03-26 16:15:05,30,Running,515.0,0,0,5,6,87,True,6837.47,43.95,-9.8
2021-03-23 22:21:17,2021-03-24 17:51:12,2021-03-24 21:59:42,2021-03-24 18:29:17,38,Other,104.0,61,10,0,0,0,False,,,
2021-03-23 22:21:17,2021-03-24 12:20:29,2021-03-24 21:59:42,2021-03-24 13:13:32,53,Other,413.0,12,10,18,24,7,False,,,
2021-03-23 00:01:06,2021-03-23 16:21:30,2021-03-23 22:21:17,2021-03-23 16:51:31,30,Other,57.0,46,4,0,0,0,False,,,
2021-03-23 00:01:06,2021-03-23 15:43:03,2021-03-23 22:21:17,2021-03-23 16:13:10,30,Cycling,395.0,1,3,17,77,0,False,,,
2021-03-21 21:00:20,2021-03-22 17:22:44,2021-03-23 00:01:06,2021-03-22 18:12:16,49,Other,455.0,5,31,51,11,0,False,,,
2021-03-21 21:00:20,2021-03-22 15:13:44,2021-03-23 00:01:06,2021-03-22 15:35:52,22,Running,381.0,0,1,1,18,80,True,5222.71,48.92,0.86
2021-03-18 22:38:26,2021-03-19 17:41:34,2021-03-20 01:59:57,2021-03-19 19:22:21,100,Other,386.0,59,19,5,0,0,False,,,
2021-03-18 22:38:26,2021-03-19 17:27:56,2021-03-20 01:59:57,2021-03-19 17:33:03,5,Walking,43.0,0,87,13,0,0,False,,,
2021-03-18 22:38:26,2021-03-19 17:04:19,2021-03-20 01:59:57,2021-03-19 17:27:26,23,Running,347.0,2,2,6,49,41,False,,,
2021-03-17 22:06:15,2021-03-18 19:07:27,2021-03-18 22:38:26,2021-03-18 20:03:35,56,Swimming,352.0,32,49,17,1,0,False,,,
2021-03-16 22:32:50,2021-03-17 15:24:31,2021-03-17 22:06:15,2021-03-17 16:26:32,62,Other,267.0,58,26,8,0,0,False,,,
2021-03-15 23:31:36,2021-03-16 16:14:37,2021-03-16 22:32:50,2021-03-16 17:09:30,54,Other,235.0,51,40,1,0,0,False,,,
2021-03-15 23:31:36,2021-03-16 15:38:01,2021-03-16 22:32:50,2021-03-16 16:07:29,29,Cycling,394.0,6,1,6,81,2,False,,,
2021-03-14 22:31:40,2021-03-15 18:14:48,2021-03-15 23:31:36,2021-03-15 19:06:11,51,Other,193.0,56,32,0,0,0,False,,,
2021-03-14 22:31:40,2021-03-15 17:52:58,2021-03-15 23:31:36,2021-03-15 18:05:09,12,Running,182.0,5,1,4,13,74,False,,,
2021-03-11 22:33:47,2021-03-12 17:30:32,2021-03-13 01:14:12,2021-03-12 17:50:32,20,Running,342.0,0,2,1,7,90,False,,,
2021-03-11 22:33:47,2021-03-12 17:07:45,2021-03-13 01:14:12,2021-03-12 17:27:47,20,Cycling,243.0,9,2,12,74,0,False,,,
2021-03-10 21:46:30,2021-03-11 14:45:00,2021-03-11 22:33:47,2021-03-11 15:25:00,40,Swimming,176.0,44,39,7,0,0,False,,,
2021-03-10 00:15:49,2021-03-10 14:32:29,2021-03-10 21:46:30,2021-03-10 15:28:54,56,Other,222.0,59,30,0,0,0,False,,,
2021-03-07 23:34:00,2021-03-08 15:30:01,2021-03-09 00:41:24,2021-03-08 16:32:19,62,Other,296.0,38,57,0,0,0,False,,,
2021-03-07 23:34:00,2021-03-08 14:53:12,2021-03-09 00:41:24,2021-03-08 15:23:00,29,Running,464.0,2,1,7,23,67,False,,,
2021-03-05 23:19:13,2021-03-06 15:36:47,2021-03-06 23:15:37,2021-03-06 16:47:44,70,Swimming,419.0,32,46,19,0,0,False,,,
2021-03-04 22:01:58,2021-03-05 16:35:32,2021-03-05 23:19:13,2021-03-05 17:50:53,75,Other,357.0,49,26,9,4,0,False,,,
2021-03-04 22:01:58,2021-03-05 16:22:43,2021-03-05 23:19:13,2021-03-05 16:32:53,10,Cycling,103.0,3,24,52,21,0,False,,,
2021-03-03 22:48:30,2021-03-04 16:27:44,2021-03-04 22:01:58,2021-03-04 17:19:30,51,Other,159.0,35,21,4,0,0,False,,,
2021-03-03 22:48:30,2021-03-04 15:40:57,2021-03-04 22:01:58,2021-03-04 16:20:59,40,Cycling,457.0,8,16,12,63,0,False,,,
2021-03-01 20:39:58,2021-03-02 17:16:16,2021-03-02 22:29:45,2021-03-02 17:49:35,33,Running,512.0,0,0,4,45,50,True,7482.99,48.53,-2.32
2021-02-28 21:01:55,2021-03-01 09:20:22,2021-03-01 20:39:58,2021-03-01 09:27:58,7,Running,110.0,3,2,16,18,61,False,,,
2021-02-28 21:01:55,2021-03-01 08:08:00,2021-03-01 20:39:58,2021-03-01 09:12:00,64,Other,165.0,70,9,0,0,0,False,,,
2021-02-27 23:33:27,2021-02-28 14:15:00,2021-02-28 21:01:55,2021-02-28 14:54:00,39,Swimming,225.0,35,42,21,0,0,False,,,
2021-02-25 22:41:36,2021-02-26 16:10:00,2021-02-27 01:53:27,2021-02-26 16:32:00,22,Running,336.0,2,3,4,44,47,False,,,
2021-02-25 22:41:36,2021-02-26 15:31:58,2021-02-27 01:53:27,2021-02-26 16:07:57,35,Cycling,470.0,0,1,22,74,0,False,,,
2021-02-24 22:01:10,2021-02-25 15:27:37,2021-02-25 22:41:36,2021-02-25 16:46:32,78,Swimming,585.0,20,24,47,3,0,False,,,
2021-02-23 22:04:38,2021-02-24 18:01:39,2021-02-24 22:01:10,2021-02-24 18:21:02,19,Other,283.0,0,4,11,45,40,False,,,
2021-02-23 22:04:38,2021-02-24 16:14:34,2021-02-24 22:01:10,2021-02-24 16:33:24,18,Other,85.0,42,54,0,0,0,False,,,
2021-02-23 22:04:38,2021-02-24 15:32:21,2021-02-24 22:01:10,2021-02-24 16:04:46,32,Running,504.0,2,1,2,45,50,False,,,
2021-02-21 23:33:02,2021-02-22 17:49:32,2021-02-22 22:16:00,2021-02-22 18:10:02,20,Activity,274.0,0,12,23,30,35,False,,,
2021-02-21 23:33:02,2021-02-22 15:40:00,2021-02-22 22:16:00,2021-02-22 16:10:00,30,Other,143.0,26,58,4,0,0,False,,,
2021-02-21 23:33:02,2021-02-22 15:08:10,2021-02-22 22:16:00,2021-02-22 15:28:55,20,Running,305.0,4,2,9,47,38,False,,,
2021-02-18 20:56:11,2021-02-19 18:00:00,2021-02-20 00:47:22,2021-02-19 18:42:00,42,Other,127.0,44,23,0,0,0,False,,,
2021-02-18 20:56:11,2021-02-19 17:33:08,2021-02-20 00:47:22,2021-02-19 17:53:54,20,Running,331.0,1,1,5,31,62,False,,,
2021-02-16 21:24:01,2021-02-17 15:35:00,2021-02-17 21:16:32,2021-02-17 16:12:00,37,Swimming,168.0,31,48,3,0,0,False,,,
2021-02-15 21:31:52,2021-02-16 15:19:37,2021-02-16 21:24:01,2021-02-16 15:41:45,22,Other,104.0,43,49,3,0,0,False,,,
2021-02-15 21:31:52,2021-02-16 14:48:21,2021-02-16 21:24:01,2021-02-16 15:12:23,24,Running,344.0,0,2,23,57,18,False,,,
2021-02-14 23:40:12,2021-02-15 15:50:00,2021-02-15 21:31:52,2021-02-15 16:30:00,40,Other,116.0,61,17,0,0,0,False,,,
2021-02-14 23:40:12,2021-02-15 15:12:42,2021-02-15 21:31:52,2021-02-15 15:42:39,29,Cycling,357.0,1,31,10,58,0,False,,,
2021-02-11 21:42:09,2021-02-12 16:15:22,2021-02-12 23:48:52,2021-02-12 16:55:48,40,Running,620.0,0,0,5,82,13,False,,,
2021-02-11 21:42:09,2021-02-12 15:52:41,2021-02-12 23:48:52,2021-02-12 16:12:44,20,Cycling,184.0,3,45,52,0,0,False,,,
2021-02-10 23:10:21,2021-02-11 15:36:37,2021-02-11 21:42:09,2021-02-11 16:05:34,28,Running,418.0,2,2,6,84,6,False,,,
2021-02-09 22:31:59,2021-02-10 15:36:16,2021-02-10 23:10:21,2021-02-10 16:09:39,33,Other,175.0,37,61,1,0,0,False,,,
2021-02-09 22:31:59,2021-02-10 15:10:32,2021-02-10 23:10:21,2021-02-10 15:31:20,20,Running,319.0,2,0,2,65,31,False,,,
2021-02-08 22:52:12,2021-02-09 16:08:57,2021-02-09 22:31:59,2021-02-09 16:44:24,35,Other,127.0,59,27,0,0,0,False,,,
2021-02-08 22:52:12,2021-02-09 15:37:45,2021-02-09 22:31:59,2021-02-09 15:59:41,21,Running,316.0,3,4,9,53,31,False,,,
2021-02-04 22:24:36,2021-02-05 16:33:39,2021-02-06 00:33:04,2021-02-05 16:56:00,22,Running,326.0,0,4,14,64,18,False,,,
2021-02-04 22:24:36,2021-02-05 16:11:26,2021-02-06 00:33:04,2021-02-05 16:31:31,20,Cycling,229.0,2,14,35,48,0,False,,,
2021-02-03 21:18:52,2021-02-04 15:36:45,2021-02-04 22:24:36,2021-02-04 16:46:22,69,Other,163.0,64,4,0,0,0,False,,,
2021-02-03 00:28:20,2021-02-03 16:40:00,2021-02-03 21:18:52,2021-02-03 16:55:00,15,Swimming,121.0,11,12,69,0,0,False,,,
2021-02-03 00:28:20,2021-02-03 16:05:33,2021-02-03 21:18:52,2021-02-03 16:28:02,22,Running,343.0,0,0,5,79,16,False,,,
2021-02-03 00:28:20,2021-02-03 15:25:12,2021-02-03 21:18:52,2021-02-03 16:03:33,38,Cycling,548.0,0,0,9,90,0,False,,,
2021-01-31 22:22:15,2021-02-01 16:36:02,2021-02-01 22:32:46,2021-02-01 17:06:49,30,Other,132.0,41,49,0,0,0,False,,,
2021-01-31 22:22:15,2021-02-01 16:09:40,2021-02-01 22:32:46,2021-02-01 16:33:14,23,Running,340.0,2,0,10,63,24,False,,,
2021-01-30 01:14:12,2021-01-30 09:40:00,2021-01-30 23:05:54,2021-01-30 10:13:00,33,Swimming,231.0,21,47,32,0,0,False,,,
2021-01-27 21:19:26,2021-01-28 16:44:26,2021-01-28 22:19:34,2021-01-28 17:46:04,61,Other,173.0,70,12,0,0,0,False,,,
2021-01-27 21:19:26,2021-01-28 16:17:22,2021-01-28 22:19:34,2021-01-28 16:44:06,26,Cycling,263.0,15,5,51,26,0,False,,,
2021-01-26 22:32:35,2021-01-27 16:30:00,2021-01-27 21:19:26,2021-01-27 17:00:00,30,Other,334.0,3,14,24,57,0,False,,,
2021-01-26 22:32:35,2021-01-27 15:32:07,2021-01-27 21:19:26,2021-01-27 15:54:57,22,Running,320.0,3,5,5,84,3,True,,,
2021-01-25 22:29:28,2021-01-26 20:00:00,2021-01-26 22:32:35,2021-01-26 20:30:00,30,Swimming,245.0,22,21,39,15,0,False,,,
2021-01-25 22:29:28,2021-01-26 19:04:42,2021-01-26 22:32:35,2021-01-26 19:56:20,51,Other,222.0,65,20,7,2,0,False,,,
2021-01-24 22:33:26,2021-01-25 15:56:52,2021-01-25 22:29:28,2021-01-25 16:48:57,52,Other,206.0,49,37,3,0,0,False,,,
2021-01-24 22:33:26,2021-01-25 15:31:21,2021-01-25 22:29:28,2021-01-25 15:50:50,19,Running,290.0,0,4,8,54,34,False,,,
2021-01-21 22:59:22,2021-01-22 15:41:58,2021-01-22 23:24:19,2021-01-22 16:29:53,47,Running,784.0,0,0,9,17,74,False,,,
2021-01-19 22:44:53,2021-01-20 16:16:11,2021-01-20 22:44:03,2021-01-20 16:47:12,31,Other,185.0,20,50,20,0,0,False,,,
2021-01-19 22:44:53,2021-01-20 15:30:00,2021-01-20 22:44:03,2021-01-20 16:15:00,45,Swimming,250.0,36,43,17,0,0,False,,,
2021-01-18 22:47:51,2021-01-19 16:44:16,2021-01-19 22:44:53,2021-01-19 17:42:06,57,Other,338.0,25,61,12,0,0,False,,,
2021-01-18 22:47:51,2021-01-19 16:18:39,2021-01-19 22:44:53,2021-01-19 16:35:35,16,Running,265.0,0,1,4,41,54,False,,,
2021-01-17 22:57:31,2021-01-18 15:50:19,2021-01-18 22:47:51,2021-01-18 16:55:00,64,Other,351.0,39,44,6,5,0,False,,,
2021-01-17 22:57:31,2021-01-18 15:15:25,2021-01-18 22:47:51,2021-01-18 15:44:53,29,Cycling,309.0,19,12,21,48,0,False,,,
2021-01-16 03:25:28,2021-01-16 15:42:57,2021-01-17 00:23:10,2021-01-16 16:19:59,37,Other,358.0,1,33,52,14,0,False,,,
2021-01-12 22:44:28,2021-01-13 15:10:00,2021-01-13 22:18:07,2021-01-13 15:46:00,36,Swimming,298.0,6,62,29,3,0,False,,,
2021-01-10 23:49:07,2021-01-11 15:54:37,2021-01-11 21:52:14,2021-01-11 15:58:21,3,Other,28.0,6,60,27,7,0,False,,,
2021-01-10 23:49:07,2021-01-11 15:13:04,2021-01-11 21:52:14,2021-01-11 15:43:10,30,Cycling,394.0,2,17,12,31,35,False,,,
2021-01-06 23:43:21,2021-01-07 10:48:00,2021-01-07 23:09:27,2021-01-07 11:48:19,60,Cycling,633.0,11,13,41,29,6,False,,,
