Cycle start time,Cycle end time,Sleep onset,Wake onset,Respiratory rate (rpm),Asleep duration (min),Light sleep duration (min),Deep (SWS) duration (min),REM duration (min),Awake duration (min),Sleep debt (min)
2022-10-30 02:31:40,2022-10-30 22:08:22,2022-10-30 02:31:40,2022-10-30 08:16:18,14.8,320,156,82,82,24,60
2022-10-28 23:00:54,2022-10-30 03:31:40,2022-10-28 23:00:54,2022-10-29 06:55:49,14.1,448,220,77,151,26,95
2022-10-27 23:57:00,2022-10-28 23:00:54,2022-10-27 23:57:00,2022-10-28 05:54:37,13.8,339,182,57,100,18,53
2022-10-26 22:46:45,2022-10-27 23:57:00,2022-10-26 22:46:45,2022-10-27 06:14:43,14.5,427,200,110,117,20,0
2022-10-25 20:53:45,2022-10-26 22:46:45,2022-10-25 20:53:45,2022-10-26 06:49:46,13.8,554,253,108,193,41,69
2022-10-24 23:00:34,2022-10-25 20:53:45,2022-10-24 23:00:34,2022-10-25 05:54:56,13.9,387,168,83,136,27,81
2022-10-23 23:24:03,2022-10-24 23:00:34,2022-10-23 23:24:03,2022-10-24 06:10:12,13.7,367,143,79,145,23,81
2022-10-23 00:35:07,2022-10-23 23:24:03,2022-10-23 00:35:07,2022-10-23 06:47:30,13.5,353,174,70,109,19,58
2022-10-21 22:30:35,2022-10-23 00:35:07,2022-10-21 22:30:35,2022-10-22 05:54:43,14.4,416,219,75,122,28,58
2022-10-20 22:54:34,2022-10-21 22:30:35,2022-10-20 22:54:34,2022-10-21 06:38:56,13.9,426,204,107,115,38,65
2022-10-19 23:06:58,2022-10-20 22:54:34,2022-10-19 23:06:58,2022-10-20 06:00:03,13.5,387,181,78,128,26,62
2022-10-18 22:55:53,2022-10-19 23:06:58,2022-10-18 22:55:53,2022-10-19 06:29:03,13.6,406,179,85,142,47,38
2022-10-17 22:38:03,2022-10-18 22:55:53,2022-10-17 22:38:03,2022-10-18 06:49:46,14.1,462,268,62,132,30,56
2022-10-16 22:21:30,2022-10-17 22:38:03,2022-10-16 22:21:30,2022-10-17 06:39:57,13.9,462,248,78,136,36,65
2022-10-15 23:13:51,2022-10-16 22:21:30,2022-10-15 23:13:51,2022-10-16 06:45:11,13.9,398,199,50,149,53,68
2022-10-14 22:57:28,2022-10-15 23:13:51,2022-10-14 22:57:28,2022-10-15 06:48:31,14.2,431,211,89,131,40,65
2022-10-13 22:21:51,2022-10-14 22:57:28,2022-10-13 22:21:51,2022-10-14 05:54:38,13.9,421,144,102,175,32,47
2022-10-12 21:50:32,2022-10-13 22:21:51,2022-10-12 21:50:32,2022-10-13 06:15:43,14.6,475,242,82,151,30,81
2022-10-12 00:31:31,2022-10-12 21:50:32,2022-10-12 00:31:31,2022-10-12 06:59:54,16.5,352,218,49,85,36,47
2022-10-10 22:13:03,2022-10-12 00:31:31,2022-10-10 22:13:03,2022-10-11 06:15:38,15.2,453,249,69,135,29,59
2022-10-09 21:28:46,2022-10-10 22:13:03,2022-10-09 21:28:46,2022-10-10 06:45:24,16.4,501,225,113,163,56,109
2022-10-09 02:37:16,2022-10-09 21:28:46,2022-10-09 02:37:16,2022-10-09 07:59:19,14.9,286,113,71,102,36,41
2022-10-07 23:14:50,2022-10-09 02:37:16,2022-10-07 23:14:50,2022-10-08 08:01:09,13.9,488,266,93,129,36,60
2022-10-06 22:21:54,2022-10-07 23:14:50,2022-10-06 22:21:54,2022-10-07 06:14:23,14.2,418,194,78,146,54,83
2022-10-05 23:47:53,2022-10-06 22:21:54,2022-10-05 23:47:53,2022-10-06 05:54:37,15.4,331,269,32,30,35,38
2022-10-04 22:22:45,2022-10-05 23:47:53,2022-10-04 22:22:45,2022-10-05 06:28:52,14.0,442,247,64,131,44,32
2022-10-03 22:40:30,2022-10-04 22:22:45,2022-10-03 22:40:30,2022-10-04 06:31:03,14.5,424,222,68,134,45,0
2022-10-02 21:58:09,2022-10-03 22:40:30,2022-10-02 21:58:09,2022-10-03 07:02:54,15.5,493,253,76,164,52,0
2022-10-01 20:01:29,2022-10-02 21:58:09,2022-10-01 20:01:29,2022-10-02 08:13:50,17.4,637,489,77,71,95,65
2022-09-30 23:20:16,2022-10-01 20:01:29,2022-09-30 23:20:16,2022-10-01 06:59:46,13.5,437,213,81,143,22,50
2022-09-29 22:39:22,2022-09-30 23:20:16,2022-09-29 22:39:22,2022-09-30 06:41:28,13.5,455,199,87,169,25,68
2022-09-28 22:04:43,2022-09-29 22:39:22,2022-09-28 22:04:43,2022-09-29 06:33:27,13.1,477,216,110,151,30,90
2022-09-28 01:31:16,2022-09-28 22:04:43,2022-09-28 01:31:16,2022-09-28 07:58:40,14.9,351,220,62,69,36,58
2022-09-26 22:28:33,2022-09-28 01:31:16,2022-09-26 22:28:33,2022-09-27 06:06:37,13.4,409,181,94,134,34,65
2022-09-25 23:02:09,2022-09-26 22:28:33,2022-09-25 23:02:09,2022-09-26 06:47:26,13.2,442,294,46,102,23,59
2022-09-24 22:25:32,2022-09-25 23:02:09,2022-09-24 22:25:32,2022-09-25 07:10:26,13.4,475,252,106,117,48,67
2022-09-23 23:39:02,2022-09-24 22:25:32,2022-09-23 23:39:02,2022-09-24 06:31:11,13.5,382,152,86,144,28,44
2022-09-22 22:17:43,2022-09-23 23:39:02,2022-09-22 22:17:43,2022-09-23 06:32:47,13.3,467,247,80,140,28,44
2022-09-21 21:57:29,2022-09-22 22:17:43,2022-09-21 21:57:29,2022-09-22 06:06:19,13.4,474,207,88,179,14,47
2022-09-20 22:08:56,2022-09-21 21:57:29,2022-09-20 22:08:56,2022-09-21 06:35:04,13.3,469,206,104,159,37,69
2022-09-19 22:48:18,2022-09-20 22:08:56,2022-09-19 22:48:18,2022-09-20 06:35:30,13.5,436,164,85,187,29,116
2022-09-19 01:36:01,2022-09-19 22:48:18,2022-09-19 01:36:01,2022-09-19 07:00:56,13.3,292,146,61,85,32,65
2022-09-17 23:01:12,2022-09-19 01:36:01,2022-09-17 23:01:12,2022-09-18 06:38:47,13.4,417,215,87,115,41,95
2022-09-17 01:54:12,2022-09-17 23:01:12,2022-09-17 01:54:12,2022-09-17 07:52:46,14.4,326,169,72,85,33,46
2022-09-15 21:58:45,2022-09-17 01:54:12,2022-09-15 21:58:45,2022-09-16 06:29:13,14.1,468,251,86,131,39,62
2022-09-14 23:09:24,2022-09-15 21:58:45,2022-09-14 23:09:24,2022-09-15 06:29:41,13.7,392,155,85,152,48,26
2022-09-13 22:07:48,2022-09-14 23:09:24,2022-09-13 22:07:48,2022-09-14 06:05:35,13.9,432,241,47,144,44,0
2022-09-12 20:59:30,2022-09-13 22:07:48,2022-09-12 20:59:30,2022-09-13 06:21:52,15.1,508,263,90,155,54,0
2022-09-11 21:29:11,2022-09-12 20:59:30,2022-09-11 21:29:11,2022-09-12 06:45:18,15.9,492,194,129,169,64,23
2022-09-10 21:03:11,2022-09-11 21:29:11,2022-09-10 21:03:11,2022-09-11 06:36:36,15.5,511,313,83,115,62,74
2022-09-09 22:55:08,2022-09-10 21:03:11,2022-09-09 22:55:08,2022-09-10 07:02:03,13.8,447,244,90,113,39,92
2022-09-08 22:20:58,2022-09-09 22:55:08,2022-09-08 22:20:58,2022-09-09 06:01:26,13.1,402,173,91,138,56,74
2022-09-07 22:55:03,2022-09-08 22:20:58,2022-09-07 22:55:03,2022-09-08 06:30:35,13.4,397,212,79,106,58,74
2022-09-06 22:24:14,2022-09-07 22:55:03,2022-09-06 22:24:14,2022-09-07 05:54:37,13.0,421,198,69,154,29,72
2022-09-05 22:43:25,2022-09-06 22:24:14,2022-09-05 22:43:25,2022-09-06 06:31:35,13.2,418,177,75,166,50,95
2022-09-04 23:18:28,2022-09-05 22:43:25,2022-09-04 23:18:28,2022-09-05 06:29:37,12.6,403,154,94,155,28,172
2022-09-03 23:07:23,2022-09-04 23:18:28,2022-09-03 23:07:23,2022-09-04 01:46:00,12.5,151,98,32,21,7,74
2022-09-02 23:12:09,2022-09-03 23:07:23,2022-09-02 23:12:09,2022-09-03 05:58:18,13.2,358,174,73,111,48,50
2022-09-01 22:41:48,2022-09-02 23:12:09,2022-09-01 22:41:48,2022-09-02 06:31:24,13.2,436,221,88,127,33,44
2022-08-31 21:40:43,2022-09-01 22:41:48,2022-08-31 21:40:43,2022-09-01 06:28:45,13.4,471,267,89,115,57,67
2022-08-30 22:52:46,2022-08-31 21:40:43,2022-08-30 22:52:46,2022-08-31 06:11:08,13.1,374,168,83,123,63,53
2022-08-29 21:28:37,2022-08-30 22:52:46,2022-08-29 21:28:37,2022-08-30 05:03:19,13.2,425,232,74,119,27,47
2022-08-28 21:10:19,2022-08-29 21:28:37,2022-08-28 21:10:19,2022-08-29 06:12:01,13.3,476,223,84,169,66,56
2022-08-27 23:21:01,2022-08-28 21:10:19,2022-08-27 23:21:01,2022-08-28 07:29:50,13.1,440,287,66,87,49,60
2022-08-26 23:06:04,2022-08-27 23:21:01,2022-08-26 23:06:04,2022-08-27 06:36:56,13.4,379,176,76,127,69,29
2022-08-25 21:51:35,2022-08-26 23:06:04,2022-08-25 21:51:35,2022-08-26 06:29:44,13.1,479,147,117,215,39,38
2022-08-24 22:09:48,2022-08-25 21:51:35,2022-08-24 22:09:48,2022-08-25 06:45:04,13.4,470,254,84,132,45,53
2022-08-23 22:47:44,2022-08-24 22:09:48,2022-08-23 22:47:44,2022-08-24 06:59:55,13.2,458,198,92,168,34,68
2022-08-22 22:05:24,2022-08-23 22:47:44,2022-08-22 22:05:24,2022-08-23 05:22:48,13.5,391,148,98,145,46,38
2022-08-21 22:35:09,2022-08-22 22:05:24,2022-08-21 22:35:09,2022-08-22 07:01:19,13.5,470,228,100,142,34,67
2022-08-20 23:57:53,2022-08-21 22:35:09,2022-08-20 23:57:53,2022-08-21 08:05:16,14.9,443,121,115,207,44,79
2022-08-19 21:38:56,2022-08-20 23:57:53,2022-08-19 21:38:56,2022-08-20 04:29:05,13.3,379,138,98,143,31,97
2022-08-18 22:46:10,2022-08-19 21:38:56,2022-08-18 22:46:10,2022-08-19 04:59:39,13.5,340,132,73,135,33,76
2022-08-17 23:03:55,2022-08-18 22:46:10,2022-08-17 23:03:55,2022-08-18 05:44:47,13.2,377,154,79,144,24,69
2022-08-16 23:50:00,2022-08-17 23:03:55,2022-08-16 23:50:00,2022-08-17 07:00:12,13.6,389,147,80,162,41,58
2022-08-15 23:14:53,2022-08-16 23:50:00,2022-08-15 23:14:53,2022-08-16 06:44:17,13.4,422,199,77,146,25,65
2022-08-14 22:53:40,2022-08-15 23:14:53,2022-08-14 22:53:40,2022-08-15 06:08:40,13.2,401,160,98,143,31,90
2022-08-14 01:32:15,2022-08-14 22:53:40,2022-08-14 01:32:15,2022-08-14 08:02:32,13.7,360,158,74,128,30,72
2022-08-13 01:34:08,2022-08-14 01:32:15,2022-08-13 01:34:08,2022-08-13 08:13:36,13.7,342,118,93,131,57,14
2022-08-11 21:03:58,2022-08-13 01:34:08,2022-08-11 21:03:58,2022-08-12 06:18:10,13.5,510,231,99,180,40,8
2022-08-10 22:02:33,2022-08-11 21:03:58,2022-08-10 22:02:33,2022-08-11 06:57:03,13.5,497,245,84,168,37,2
2022-08-09 21:56:16,2022-08-10 22:02:33,2022-08-09 21:56:16,2022-08-10 06:40:40,13.5,462,190,103,169,62,44
2022-08-08 22:39:54,2022-08-09 21:56:16,2022-08-08 22:39:54,2022-08-09 07:00:16,13.1,471,258,98,115,29,69
2022-08-07 22:08:37,2022-08-08 22:39:54,2022-08-07 22:08:37,2022-08-08 06:13:07,13.6,428,232,67,129,53,90
2022-08-07 01:51:07,2022-08-07 22:08:37,2022-08-07 01:51:07,2022-08-07 08:03:38,13.2,342,123,84,135,28,47
2022-08-05 22:22:11,2022-08-07 01:51:07,2022-08-05 22:22:11,2022-08-06 06:38:42,13.2,453,189,107,157,42,68
2022-08-04 22:13:57,2022-08-05 22:22:11,2022-08-04 22:13:57,2022-08-05 06:00:11,13.5,430,147,101,182,36,59
2022-08-03 22:23:03,2022-08-04 22:13:57,2022-08-03 22:23:03,2022-08-04 06:16:29,13.5,434,191,101,142,39,74
2022-08-02 22:05:42,2022-08-03 22:23:03,2022-08-02 22:05:42,2022-08-03 06:20:47,13.6,439,185,116,138,56,72
2022-08-01 22:30:09,2022-08-02 22:05:42,2022-08-01 22:30:09,2022-08-02 06:22:10,13.4,409,202,90,117,62,86
2022-07-31 22:40:42,2022-08-01 22:30:09,2022-07-31 22:40:42,2022-08-01 05:54:44,13.4,419,243,72,104,15,86
2022-07-30 23:56:07,2022-07-31 22:40:42,2022-07-30 23:56:07,2022-07-31 07:32:44,13.6,420,256,53,111,34,83
2022-07-30 00:02:19,2022-07-30 23:56:07,2022-07-30 00:02:19,2022-07-30 07:18:45,13.7,403,163,91,149,33,86
2022-07-28 23:01:14,2022-07-30 00:02:19,2022-07-28 23:01:14,2022-07-29 06:16:13,13.5,401,227,73,101,32,53
2022-07-27 21:41:53,2022-07-28 23:01:14,2022-07-27 21:41:53,2022-07-28 06:14:44,13.5,472,211,94,167,41,76
2022-07-26 23:20:51,2022-07-27 21:41:53,2022-07-26 23:20:51,2022-07-27 06:13:46,13.4,393,213,58,122,20,65
2022-07-25 22:24:32,2022-07-26 23:20:51,2022-07-25 22:24:32,2022-07-26 06:16:03,13.4,439,227,82,130,31,86
2022-07-25 00:08:13,2022-07-25 22:24:32,2022-07-25 00:08:13,2022-07-25 06:21:12,13.7,337,149,69,119,36,146
2022-07-24 03:44:26,2022-07-25 00:08:13,2022-07-24 03:44:26,2022-07-24 07:32:16,13.9,206,124,48,34,21,65
2022-07-22 23:27:15,2022-07-24 03:44:26,2022-07-22 23:27:15,2022-07-23 07:59:38,13.8,479,210,130,139,33,81
2022-07-21 23:08:56,2022-07-22 23:27:15,2022-07-21 23:08:56,2022-07-22 06:02:46,13.5,376,206,75,95,38,63
2022-07-20 23:00:43,2022-07-21 23:08:56,2022-07-20 23:00:43,2022-07-21 06:09:28,13.6,390,192,62,136,38,60
2022-07-19 22:25:40,2022-07-20 23:00:43,2022-07-19 22:25:40,2022-07-20 05:57:00,13.4,406,257,61,88,42,70
2022-07-18 23:29:33,2022-07-19 22:25:40,2022-07-18 23:29:33,2022-07-19 06:14:45,13.4,367,168,76,123,38,51
2022-07-17 22:46:15,2022-07-18 23:29:33,2022-07-17 22:46:15,2022-07-18 05:55:00,13.9,402,155,79,168,27,15
2022-07-16 21:52:50,2022-07-17 22:46:15,2022-07-16 21:52:50,2022-07-17 07:14:18,15.0,518,231,101,186,43,56
2022-07-15 23:21:14,2022-07-16 21:52:50,2022-07-15 23:21:14,2022-07-16 07:17:33,13.4,430,136,115,179,46,63
2022-07-14 23:03:53,2022-07-15 23:21:14,2022-07-14 23:03:53,2022-07-15 06:58:42,13.2,430,215,89,126,44,51
2022-07-13 22:00:52,2022-07-14 23:03:53,2022-07-13 22:00:52,2022-07-14 06:59:27,13.8,492,235,109,148,46,58
2022-07-12 22:48:54,2022-07-13 22:00:52,2022-07-12 22:48:54,2022-07-13 06:44:56,13.4,437,222,90,125,38,60
2022-07-11 22:49:47,2022-07-12 22:48:54,2022-07-11 22:49:47,2022-07-12 06:59:52,13.2,442,193,94,155,48,45
2022-07-10 22:08:24,2022-07-11 22:49:47,2022-07-10 22:08:24,2022-07-11 06:28:17,13.2,447,213,95,139,53,56
2022-07-09 23:05:13,2022-07-10 22:08:24,2022-07-09 23:05:13,2022-07-10 06:58:48,13.1,421,206,79,136,52,54
2022-07-08 22:56:28,2022-07-09 23:05:13,2022-07-08 22:56:28,2022-07-09 07:00:00,13.4,442,173,97,172,41,72
2022-07-07 22:21:50,2022-07-08 22:56:28,2022-07-07 22:21:50,2022-07-08 06:16:43,13.6,412,215,64,133,61,67
2022-07-06 22:47:42,2022-07-07 22:21:50,2022-07-06 22:47:42,2022-07-07 06:20:00,13.6,395,178,87,130,57,65
2022-07-05 22:28:26,2022-07-06 22:47:42,2022-07-05 22:28:26,2022-07-06 06:30:32,13.7,432,268,71,93,50,65
2022-07-04 22:42:20,2022-07-05 22:28:26,2022-07-04 22:42:20,2022-07-05 06:06:56,13.5,402,167,80,155,42,60
2022-07-03 22:17:18,2022-07-04 22:42:20,2022-07-03 22:17:18,2022-07-04 06:06:25,13.5,427,193,63,171,40,60
2022-07-02 22:49:20,2022-07-03 22:17:18,2022-07-02 22:49:20,2022-07-03 06:29:48,13.2,412,203,97,112,48,45
2022-07-01 22:02:52,2022-07-02 22:49:20,2022-07-01 22:02:52,2022-07-02 06:29:33,13.3,459,233,73,153,47,54
2022-06-30 21:43:08,2022-07-01 22:02:52,2022-06-30 21:43:08,2022-07-01 06:07:20,13.4,439,206,82,151,63,66
2022-06-29 22:10:29,2022-06-30 21:43:08,2022-06-29 22:10:29,2022-06-30 05:54:48,13.6,433,232,80,121,31,63
2022-06-28 22:27:45,2022-06-29 22:10:29,2022-06-28 22:27:45,2022-06-29 06:06:22,13.4,422,190,71,161,35,48
2022-06-27 20:25:51,2022-06-28 22:27:45,2022-06-27 20:25:51,2022-06-28 05:35:16,13.6,483,276,98,109,64,60
2022-06-26 21:23:09,2022-06-27 20:25:51,2022-06-26 21:23:09,2022-06-27 06:04:40,13.5,459,215,88,156,62,60
2022-06-25 21:58:44,2022-06-26 21:23:09,2022-06-25 21:58:44,2022-06-26 06:33:44,13.6,437,241,65,131,74,72
2022-06-24 22:50:45,2022-06-25 21:58:44,2022-06-24 22:50:45,2022-06-25 06:29:32,13.4,407,150,89,168,52,116
2022-06-23 21:56:08,2022-06-24 22:50:45,2022-06-23 21:56:08,2022-06-24 02:44:43,13.7,272,200,20,52,16,58
2022-06-22 22:18:35,2022-06-23 21:56:08,2022-06-22 22:18:35,2022-06-23 06:07:20,13.6,433,167,87,179,33,57
2022-06-21 21:46:00,2022-06-22 22:18:35,2022-06-21 21:46:00,2022-06-22 06:05:18,13.7,466,275,70,121,33,54
2022-06-20 21:31:14,2022-06-21 21:46:00,2022-06-20 21:31:14,2022-06-21 05:45:00,13.4,463,205,85,173,28,60
2022-06-19 21:45:21,2022-06-20 21:31:14,2022-06-19 21:45:21,2022-06-20 05:54:41,13.4,445,230,73,142,42,72
2022-06-18 22:27:56,2022-06-19 21:45:21,2022-06-18 22:27:56,2022-06-19 06:20:46,13.4,434,187,98,149,39,81
2022-06-17 23:21:42,2022-06-18 22:27:56,2022-06-17 23:21:42,2022-06-18 06:06:30,13.4,366,159,89,118,24,69
2022-06-16 22:13:12,2022-06-17 23:21:42,2022-06-16 22:13:12,2022-06-17 06:05:03,13.5,424,220,97,107,47,74
2022-06-15 22:24:50,2022-06-16 22:13:12,2022-06-15 22:24:50,2022-06-16 05:44:36,13.4,400,213,77,110,39,63
2022-06-14 23:04:20,2022-06-15 22:24:50,2022-06-14 23:04:20,2022-06-15 06:04:26,13.4,395,246,47,102,24,69
2022-06-13 22:34:26,2022-06-14 23:04:20,2022-06-13 22:34:26,2022-06-14 05:54:50,13.3,419,182,70,167,21,72
2022-06-12 22:49:17,2022-06-13 22:34:26,2022-06-12 22:49:17,2022-06-13 06:34:37,13.4,419,189,78,152,46,72
2022-06-11 23:37:19,2022-06-12 22:49:17,2022-06-11 23:37:19,2022-06-12 06:59:51,13.6,406,220,73,113,37,105
2022-06-11 01:59:21,2022-06-11 23:37:19,2022-06-11 01:59:21,2022-06-11 08:10:10,13.5,336,116,67,153,32,86
2022-06-09 23:19:16,2022-06-11 01:59:21,2022-06-09 23:19:16,2022-06-10 06:04:17,13.5,371,190,69,112,34,60
2022-06-08 22:59:31,2022-06-09 23:19:16,2022-06-08 22:59:31,2022-06-09 06:06:06,13.6,385,187,80,118,41,51
2022-06-07 22:03:42,2022-06-08 22:59:31,2022-06-07 22:03:42,2022-06-08 05:44:50,13.9,445,246,62,137,16,33
2022-06-06 21:45:36,2022-06-07 22:03:42,2022-06-06 21:45:36,2022-06-07 06:07:42,13.8,462,207,108,147,40,42
2022-06-05 22:13:28,2022-06-06 21:45:36,2022-06-05 22:13:28,2022-06-06 05:48:13,13.9,409,177,76,156,40,0
2022-06-04 21:58:21,2022-06-05 22:13:28,2022-06-04 21:58:21,2022-06-05 09:22:53,15.1,596,345,123,128,88,36
2022-06-03 23:29:10,2022-06-04 21:58:21,2022-06-03 23:29:10,2022-06-04 08:01:01,13.7,467,210,110,147,45,48
2022-06-02 21:57:48,2022-06-03 23:29:10,2022-06-02 21:57:48,2022-06-03 06:16:01,14.0,469,219,95,155,28,70
2022-06-01 22:45:30,2022-06-02 21:57:48,2022-06-01 22:45:30,2022-06-02 06:17:52,14.0,427,193,86,148,25,116
2022-06-01 02:35:10,2022-06-01 22:45:30,2022-06-01 02:35:10,2022-06-01 08:04:22,13.9,299,182,48,69,29,60
2022-05-30 22:29:17,2022-06-01 02:35:10,2022-05-30 22:29:17,2022-05-31 06:15:33,13.7,421,183,91,147,28,45
2022-05-29 21:41:00,2022-05-30 22:29:17,2022-05-29 21:41:00,2022-05-30 06:05:04,13.4,445,205,116,124,59,45
2022-05-28 23:46:03,2022-05-29 21:41:00,2022-05-28 23:46:03,2022-05-29 08:05:37,13.7,453,222,77,154,41,58
2022-05-27 22:41:14,2022-05-28 23:46:03,2022-05-27 22:41:14,2022-05-28 06:00:24,13.9,413,162,84,167,25,60
2022-05-26 21:56:51,2022-05-27 22:41:14,2022-05-26 21:56:51,2022-05-27 05:58:32,14.0,434,242,70,122,43,60
2022-05-25 22:05:01,2022-05-26 21:56:51,2022-05-25 22:05:01,2022-05-26 06:16:48,13.5,435,189,108,138,56,60
2022-05-24 22:36:19,2022-05-25 22:05:01,2022-05-24 22:36:19,2022-05-25 06:16:20,13.4,422,174,90,158,38,60
2022-05-23 22:03:58,2022-05-24 22:36:19,2022-05-23 22:03:58,2022-05-24 06:05:24,13.7,432,246,71,115,49,51
2022-05-22 21:53:09,2022-05-23 22:03:58,2022-05-22 21:53:09,2022-05-23 06:08:05,13.5,467,261,92,114,24,57
2022-05-21 22:01:06,2022-05-22 21:53:09,2022-05-21 22:01:06,2022-05-22 06:35:59,13.7,481,230,91,160,33,60
2022-05-20 22:27:07,2022-05-21 22:01:06,2022-05-20 22:27:07,2022-05-21 06:31:21,13.6,433,243,76,114,50,72
2022-05-19 22:59:06,2022-05-20 22:27:07,2022-05-19 22:59:06,2022-05-20 06:13:58,13.8,392,178,70,144,42,70
2022-05-18 22:07:56,2022-05-19 22:59:06,2022-05-18 22:07:56,2022-05-19 05:07:42,13.6,388,167,78,143,31,66
2022-05-17 21:36:19,2022-05-18 22:07:56,2022-05-17 21:36:19,2022-05-18 06:14:39,13.5,473,187,101,185,45,77
2022-05-16 21:49:36,2022-05-17 21:36:19,2022-05-16 21:49:36,2022-05-17 06:19:41,13.6,464,235,78,151,45,189
2022-05-15 23:37:51,2022-05-16 21:49:36,2022-05-15 23:37:51,2022-05-16 06:05:23,13.7,101,29,3,69,286,42
2022-05-14 21:47:16,2022-05-15 23:37:51,2022-05-14 21:47:16,2022-05-15 06:28:38,13.5,476,256,97,123,45,30
2022-05-13 21:51:28,2022-05-14 21:47:16,2022-05-13 21:51:28,2022-05-14 05:43:47,13.3,429,194,99,136,43,0
2022-05-12 20:31:37,2022-05-13 21:51:28,2022-05-12 20:31:37,2022-05-13 06:15:06,13.8,511,260,95,156,72,21
2022-05-11 20:20:05,2022-05-12 20:31:37,2022-05-11 20:20:05,2022-05-12 05:45:46,15.4,508,341,76,91,57,63
2022-05-10 21:32:30,2022-05-11 20:20:05,2022-05-10 21:32:30,2022-05-11 05:54:02,13.7,470,217,92,161,31,90
2022-05-09 22:28:52,2022-05-10 21:32:30,2022-05-09 22:28:52,2022-05-10 06:03:37,13.6,432,193,105,134,23,77
2022-05-08 22:58:52,2022-05-09 22:28:52,2022-05-08 22:58:52,2022-05-09 06:02:56,13.2,398,140,85,173,26,116
2022-05-08 03:23:33,2022-05-08 22:58:52,2022-05-08 03:23:33,2022-05-08 08:18:11,12.9,281,154,50,77,13,67
2022-05-06 23:01:26,2022-05-08 03:23:33,2022-05-06 23:01:26,2022-05-07 06:28:54,13.4,409,181,87,141,38,60
2022-05-05 21:29:58,2022-05-06 23:01:26,2022-05-05 21:29:58,2022-05-06 05:54:36,13.4,466,190,112,164,38,81
2022-05-04 22:19:57,2022-05-05 21:29:58,2022-05-04 22:19:57,2022-05-05 05:54:27,13.4,428,167,96,165,26,67
2022-05-03 22:13:30,2022-05-04 22:19:57,2022-05-03 22:13:30,2022-05-04 05:53:43,13.3,413,185,100,128,47,74
2022-05-02 22:56:03,2022-05-03 22:13:30,2022-05-02 22:56:03,2022-05-03 05:53:50,13.3,388,161,109,118,29,51
2022-05-01 21:55:35,2022-05-02 22:56:03,2022-05-01 21:55:35,2022-05-02 06:16:47,13.1,479,213,66,200,22,51
2022-04-30 22:10:30,2022-05-01 21:55:35,2022-04-30 22:10:30,2022-05-01 06:29:46,13.3,473,181,100,192,26,98
2022-04-30 00:19:54,2022-04-30 22:10:30,2022-04-30 00:19:54,2022-04-30 06:28:46,13.0,359,181,72,106,10,88
2022-04-28 22:12:01,2022-04-30 00:19:54,2022-04-28 22:12:01,2022-04-29 04:59:56,13.4,358,178,83,97,50,72
2022-04-27 22:23:30,2022-04-28 22:12:01,2022-04-27 22:23:30,2022-04-28 06:06:31,13.4,423,215,81,127,40,72
2022-04-26 22:30:41,2022-04-27 22:23:30,2022-04-26 22:30:41,2022-04-27 06:15:36,13.4,412,204,78,130,50,72
2022-04-25 22:34:06,2022-04-26 22:30:41,2022-04-25 22:34:06,2022-04-26 06:18:58,13.3,409,218,78,113,56,69
2022-04-24 22:13:40,2022-04-25 22:34:06,2022-04-24 22:13:40,2022-04-25 06:16:02,13.4,427,200,86,141,54,70
2022-04-23 23:09:25,2022-04-24 22:13:40,2022-04-23 23:09:25,2022-04-24 06:39:27,13.3,426,189,94,143,24,75
2022-04-22 22:29:52,2022-04-23 23:09:25,2022-04-22 22:29:52,2022-04-23 06:22:32,13.4,418,188,72,158,54,86
2022-04-21 23:06:03,2022-04-22 22:29:52,2022-04-21 23:06:03,2022-04-22 06:33:31,13.7,395,174,79,142,52,84
2022-04-20 23:08:25,2022-04-21 23:06:03,2022-04-20 23:08:25,2022-04-21 06:34:23,13.4,408,198,74,136,38,79
2022-04-19 22:47:45,2022-04-20 23:08:25,2022-04-19 22:47:45,2022-04-20 05:59:14,13.6,392,167,107,118,39,78
2022-04-18 21:59:43,2022-04-19 22:47:45,2022-04-18 21:59:43,2022-04-19 05:56:21,13.6,438,206,101,131,37,72
2022-04-17 22:09:46,2022-04-18 21:59:43,2022-04-17 22:09:46,2022-04-18 06:08:07,13.1,442,137,155,150,36,95
2022-04-17 00:42:05,2022-04-17 22:09:46,2022-04-17 00:42:05,2022-04-17 06:30:42,13.4,313,123,75,115,33,60
2022-04-15 22:31:31,2022-04-17 00:42:05,2022-04-15 22:31:31,2022-04-16 06:15:19,13.2,429,226,99,104,34,67
2022-04-14 22:48:58,2022-04-15 22:31:31,2022-04-14 22:48:58,2022-04-15 06:05:36,13.5,399,185,110,104,37,63
2022-04-13 22:31:19,2022-04-14 22:48:58,2022-04-13 22:31:19,2022-04-14 06:04:19,13.1,428,210,63,155,25,48
2022-04-12 21:57:50,2022-04-13 22:31:19,2022-04-12 21:57:50,2022-04-13 06:23:14,13.6,478,185,123,170,25,72
2022-04-11 22:31:16,2022-04-12 21:57:50,2022-04-11 22:31:16,2022-04-12 05:54:12,13.4,392,164,91,137,51,65
2022-04-10 22:26:16,2022-04-11 22:31:16,2022-04-10 22:26:16,2022-04-11 05:53:53,13.2,421,169,109,143,26,65
2022-04-09 22:54:33,2022-04-10 22:26:16,2022-04-09 22:54:33,2022-04-10 06:28:40,13.2,421,154,101,166,33,63
2022-04-08 22:53:42,2022-04-09 22:54:33,2022-04-08 22:53:42,2022-04-09 06:28:51,13.4,412,156,79,177,43,48
2022-04-07 21:53:09,2022-04-08 22:53:42,2022-04-07 21:53:09,2022-04-08 06:06:13,13.3,456,207,115,134,36,67
2022-04-06 22:07:26,2022-04-07 21:53:09,2022-04-06 22:07:26,2022-04-07 06:15:57,13.5,432,198,92,142,56,78
2022-04-05 22:22:37,2022-04-06 22:07:26,2022-04-05 22:22:37,2022-04-06 05:54:51,13.3,420,166,90,164,32,72
2022-04-04 22:24:39,2022-04-05 22:22:37,2022-04-04 22:24:39,2022-04-05 06:08:57,13.1,439,163,114,162,21,57
2022-04-03 21:56:21,2022-04-04 22:24:39,2022-04-03 21:56:21,2022-04-04 06:04:05,13.2,438,207,95,136,50,60
2022-04-02 23:33:53,2022-04-03 21:56:21,2022-04-02 23:33:53,2022-04-03 07:47:29,13.2,458,195,82,181,35,70
2022-04-01 22:18:10,2022-04-02 23:33:53,2022-04-01 22:18:10,2022-04-02 06:16:35,13.3,411,182,91,138,63,74
2022-03-31 22:36:47,2022-04-01 22:18:10,2022-03-31 22:36:47,2022-04-01 05:53:36,13.6,402,162,97,143,34,70
2022-03-30 22:33:15,2022-03-31 22:36:47,2022-03-30 22:33:15,2022-03-31 06:15:36,13.2,429,241,94,94,32,81
2022-03-29 23:03:14,2022-03-30 22:33:15,2022-03-29 23:03:14,2022-03-30 05:53:52,13.5,373,203,72,98,37,63
2022-03-28 22:11:13,2022-03-29 23:03:14,2022-03-28 22:11:13,2022-03-29 06:00:22,13.5,438,213,98,127,31,74
2022-03-27 22:51:16,2022-03-28 22:11:13,2022-03-27 22:51:16,2022-03-28 05:59:29,13.2,392,194,71,127,36,60
2022-03-27 00:01:43,2022-03-27 21:51:16,2022-03-27 00:01:43,2022-03-27 07:45:50,13.4,426,189,94,143,38,60
2022-03-25 23:47:05,2022-03-27 00:01:43,2022-03-25 23:47:05,2022-03-26 07:59:53,13.3,448,196,109,143,44,77
2022-03-24 23:06:41,2022-03-25 23:47:05,2022-03-24 23:06:41,2022-03-25 06:05:03,13.2,370,174,64,132,48,58
2022-03-23 22:17:19,2022-03-24 23:06:41,2022-03-23 22:17:19,2022-03-24 06:06:58,13.1,457,256,101,100,10,84
2022-03-22 22:55:11,2022-03-23 22:17:19,2022-03-22 22:55:11,2022-03-23 05:44:34,13.1,381,164,55,162,26,58
2022-03-21 22:22:51,2022-03-22 22:55:11,2022-03-21 22:22:51,2022-03-22 05:54:30,13.5,418,173,93,152,33,57
2022-03-20 21:28:16,2022-03-21 22:22:51,2022-03-20 21:28:16,2022-03-21 06:04:27,13.5,478,182,74,222,38,77
2022-03-19 23:18:26,2022-03-20 21:28:16,2022-03-19 23:18:26,2022-03-20 06:32:15,13.5,395,162,127,106,38,49
2022-03-18 22:37:28,2022-03-19 23:18:26,2022-03-18 22:37:28,2022-03-19 06:29:47,13.2,431,166,109,156,41,49
2022-03-17 21:56:15,2022-03-18 22:37:28,2022-03-17 21:56:15,2022-03-18 05:59:15,13.2,421,187,99,135,62,53
2022-03-16 22:15:42,2022-03-17 21:56:15,2022-03-16 22:15:42,2022-03-17 05:59:52,13.4,424,215,89,120,34,72
2022-03-15 23:16:46,2022-03-16 22:15:42,2022-03-15 23:16:46,2022-03-16 06:32:35,14.1,376,241,39,96,59,9
2022-03-14 21:17:44,2022-03-15 23:16:46,2022-03-14 21:17:44,2022-03-15 05:56:00,13.4,482,174,106,202,34,12
2022-03-13 20:36:35,2022-03-14 21:17:44,2022-03-13 20:36:35,2022-03-14 05:59:39,13.7,499,190,105,204,59,48
2022-03-12 22:11:11,2022-03-13 20:36:35,2022-03-12 22:11:11,2022-03-13 06:59:08,13.3,488,179,113,196,39,42
2022-03-11 21:43:15,2022-03-12 22:11:11,2022-03-11 21:43:15,2022-03-12 06:31:06,14.4,466,224,71,171,57,65
2022-03-10 22:28:51,2022-03-11 21:43:15,2022-03-10 22:28:51,2022-03-11 06:02:29,12.9,418,166,94,158,32,60
2022-03-09 21:55:28,2022-03-10 22:28:51,2022-03-09 21:55:28,2022-03-10 06:05:15,13.2,470,216,88,166,19,60
2022-03-08 21:55:02,2022-03-09 21:55:28,2022-03-08 21:55:02,2022-03-09 05:53:21,12.8,442,220,91,131,27,75
2022-03-07 21:46:17,2022-03-08 21:55:02,2022-03-07 21:46:17,2022-03-08 06:05:48,13.0,451,201,112,138,48,75
2022-03-06 22:26:31,2022-03-07 21:46:17,2022-03-06 22:26:31,2022-03-07 06:06:26,12.9,420,179,108,133,39,88
2022-03-06 00:04:51,2022-03-06 22:26:31,2022-03-06 00:04:51,2022-03-06 06:30:18,13.1,342,173,62,107,43,63
2022-03-04 23:02:04,2022-03-06 00:04:51,2022-03-04 23:02:04,2022-03-05 06:25:06,13.4,408,227,87,94,35,58
2022-03-03 22:07:52,2022-03-04 23:02:04,2022-03-03 22:07:52,2022-03-04 05:53:06,13.4,446,233,101,112,19,60
2022-03-02 22:08:59,2022-03-03 22:07:52,2022-03-02 22:08:59,2022-03-03 05:50:25,13.1,422,222,72,128,39,63
2022-03-01 22:38:24,2022-03-02 22:08:59,2022-03-01 22:38:24,2022-03-02 05:55:24,12.9,404,184,83,137,32,70
2022-02-28 22:21:58,2022-03-01 22:38:24,2022-02-28 22:21:58,2022-03-01 05:46:51,13.1,409,167,102,140,33,44
2022-02-27 22:40:54,2022-02-28 22:21:58,2022-02-27 22:40:54,2022-02-28 06:00:19,13.2,420,243,81,96,19,21
2022-02-26 22:42:23,2022-02-27 22:40:54,2022-02-26 22:42:23,2022-02-27 07:35:56,13.1,483,216,90,177,51,30
2022-02-25 23:03:02,2022-02-26 22:42:23,2022-02-25 23:03:02,2022-02-26 08:01:09,13.3,493,149,132,212,43,79
2022-02-24 23:12:13,2022-02-25 23:03:02,2022-02-24 23:12:13,2022-02-25 06:29:10,13.7,408,201,101,106,28,79
2022-02-23 23:01:48,2022-02-24 23:12:13,2022-02-23 23:01:48,2022-02-24 05:55:31,13.4,383,192,79,112,30,63
2022-02-22 22:29:32,2022-02-23 23:01:48,2022-02-22 22:29:32,2022-02-23 05:55:23,13.5,422,200,79,143,22,56
2022-02-21 22:30:21,2022-02-22 22:29:32,2022-02-21 22:30:21,2022-02-22 05:55:22,13.5,420,190,74,156,25,32
2022-02-20 22:22:50,2022-02-21 22:30:21,2022-02-20 22:22:50,2022-02-21 05:59:40,13.4,423,225,89,109,31,15
2022-02-19 21:58:59,2022-02-20 22:22:50,2022-02-19 21:58:59,2022-02-20 07:30:56,13.6,531,232,142,157,40,32
2022-02-18 21:33:59,2022-02-19 21:58:59,2022-02-18 21:33:59,2022-02-19 06:32:28,13.7,490,257,113,120,48,39
2022-02-17 21:39:50,2022-02-18 21:33:59,2022-02-17 21:39:50,2022-02-18 05:54:50,13.7,442,196,100,146,52,18
2022-02-16 20:31:44,2022-02-17 21:39:50,2022-02-16 20:31:44,2022-02-17 06:04:56,13.7,527,236,85,206,46,65
2022-02-15 23:30:14,2022-02-16 20:31:44,2022-02-15 23:30:14,2022-02-16 06:35:40,13.6,373,161,85,127,51,0
2022-02-14 20:08:27,2022-02-15 23:30:14,2022-02-14 20:08:27,2022-02-15 06:00:07,13.5,533,287,77,169,58,44
2022-02-13 21:37:00,2022-02-14 20:08:27,2022-02-13 21:37:00,2022-02-14 05:47:00,13.7,444,237,86,121,43,27
2022-02-12 21:04:52,2022-02-13 21:37:00,2022-02-12 21:04:52,2022-02-13 06:32:17,13.4,520,233,97,190,47,44
2022-02-11 22:30:00,2022-02-12 21:04:52,2022-02-11 22:30:00,2022-02-12 06:32:33,13.8,417,201,83,133,64,33
2022-02-10 22:08:17,2022-02-11 22:30:00,2022-02-10 22:08:17,2022-02-11 05:50:05,14.9,434,212,87,135,25,0
2022-02-09 20:34:56,2022-02-10 22:08:17,2022-02-09 20:34:56,2022-02-10 05:49:26,16.0,514,285,71,158,35,12
2022-02-08 21:11:25,2022-02-09 20:34:56,2022-02-08 21:11:25,2022-02-09 06:00:09,16.7,473,324,51,98,55,0
2022-02-07 20:28:59,2022-02-08 21:11:25,2022-02-07 20:28:59,2022-02-08 07:06:12,18.2,559,441,73,45,78,49
2022-02-06 21:37:11,2022-02-07 20:28:59,2022-02-06 21:37:11,2022-02-07 06:00:22,13.4,462,208,84,170,40,51
2022-02-05 23:32:53,2022-02-06 21:37:11,2022-02-05 23:32:53,2022-02-06 07:08:27,13.1,424,203,113,108,31,72
2022-02-05 00:37:46,2022-02-05 23:32:53,2022-02-05 00:37:46,2022-02-05 08:19:40,13.5,406,129,98,179,56,63
2022-02-03 22:37:52,2022-02-05 00:37:46,2022-02-03 22:37:52,2022-02-04 06:04:51,13.7,394,170,100,124,51,42
2022-02-02 21:18:11,2022-02-03 22:37:52,2022-02-02 21:18:11,2022-02-03 05:49:58,13.2,460,174,120,166,46,36
2022-02-01 21:27:11,2022-02-02 21:18:11,2022-02-01 21:27:11,2022-02-02 05:55:19,15.5,474,278,72,124,33,39
2022-01-31 21:47:06,2022-02-01 21:27:11,2022-01-31 21:47:06,2022-02-01 06:09:39,13.8,455,235,85,135,47,42
2022-01-30 22:36:35,2022-01-31 21:47:06,2022-01-30 22:36:35,2022-01-31 06:00:14,13.1,402,206,86,110,31,0
2022-01-29 18:55:06,2022-01-30 22:36:35,2022-01-29 18:55:06,2022-01-30 06:31:11,13.8,615,310,133,172,81,57
2022-01-28 22:04:03,2022-01-29 18:55:06,2022-01-28 22:04:03,2022-01-29 06:14:17,13.4,435,187,102,146,55,54
2022-01-27 21:40:33,2022-01-28 22:04:03,2022-01-27 21:40:33,2022-01-28 06:09:50,13.5,459,196,110,153,50,53
2022-01-26 22:09:48,2022-01-27 21:40:33,2022-01-26 22:09:48,2022-01-27 06:00:10,13.4,437,162,90,185,33,54
2022-01-25 21:56:06,2022-01-26 22:09:48,2022-01-25 21:56:06,2022-01-26 06:00:44,13.4,452,219,83,150,32,27
2022-01-24 20:28:20,2022-01-25 21:56:06,2022-01-24 20:28:20,2022-01-25 06:05:29,13.5,514,236,118,160,62,60
2022-01-23 22:05:44,2022-01-24 20:28:20,2022-01-23 22:05:44,2022-01-24 05:55:27,13.7,441,181,106,154,28,72
2022-01-22 22:38:29,2022-01-23 22:05:44,2022-01-22 22:38:29,2022-01-23 06:16:39,13.4,410,201,73,136,47,54
2022-01-21 22:19:32,2022-01-22 22:38:29,2022-01-21 22:19:32,2022-01-22 06:18:02,13.3,428,155,88,185,50,48
2022-01-20 21:07:55,2022-01-21 22:19:32,2022-01-20 21:07:55,2022-01-21 06:10:12,13.4,485,201,98,186,57,70
2022-01-19 22:54:46,2022-01-20 21:07:55,2022-01-19 22:54:46,2022-01-20 05:55:42,13.1,398,210,71,117,17,79
2022-01-18 23:33:36,2022-01-19 22:54:46,2022-01-18 23:33:36,2022-01-19 06:00:41,13.4,362,148,71,143,23,45
2022-01-17 21:47:02,2022-01-18 23:33:36,2022-01-17 21:47:02,2022-01-18 06:01:24,13.5,462,249,71,142,30,48
2022-01-16 22:04:20,2022-01-17 21:47:02,2022-01-16 22:04:20,2022-01-17 06:00:46,12.9,443,258,69,116,32,51
2022-01-15 22:29:53,2022-01-16 22:04:20,2022-01-15 22:29:53,2022-01-16 07:33:20,14.0,496,200,100,196,46,57
2022-01-14 22:08:17,2022-01-15 22:29:53,2022-01-14 22:08:17,2022-01-15 06:51:35,13.5,462,246,80,136,54,72
2022-01-13 22:29:42,2022-01-14 22:08:17,2022-01-13 22:29:42,2022-01-14 06:01:54,13.5,407,179,85,143,43,81
2022-01-12 23:26:14,2022-01-13 22:29:42,2022-01-12 23:26:14,2022-01-13 06:04:45,13.6,368,195,74,99,30,53
2022-01-11 22:36:37,2022-01-12 23:26:14,2022-01-11 22:36:37,2022-01-12 06:02:12,13.7,410,117,102,191,33,51
2022-01-10 22:21:25,2022-01-11 22:36:37,2022-01-10 22:21:25,2022-01-11 06:15:41,13.4,448,200,96,152,26,54
2022-01-09 22:20:19,2022-01-10 22:21:25,2022-01-09 22:20:19,2022-01-10 06:07:50,13.7,437,277,60,100,30,21
2022-01-08 21:27:36,2022-01-09 22:20:19,2022-01-08 21:27:36,2022-01-09 06:43:27,13.8,478,236,91,151,78,42
2022-01-07 22:42:12,2022-01-08 21:27:36,2022-01-07 22:42:12,2022-01-08 07:03:28,13.7,474,221,98,155,27,45
2022-01-06 22:03:30,2022-01-07 22:42:12,2022-01-06 22:03:30,2022-01-07 05:56:24,13.5,451,275,71,105,20,56
2022-01-05 22:10:44,2022-01-06 22:03:30,2022-01-05 22:10:44,2022-01-06 05:59:38,13.5,419,214,74,131,50,56
2022-01-04 22:16:47,2022-01-05 22:10:44,2022-01-04 22:16:47,2022-01-05 06:03:38,13.5,426,287,50,89,36,49
2022-01-03 22:27:44,2022-01-04 22:16:47,2022-01-03 22:27:44,2022-01-04 06:01:32,13.2,415,164,103,148,31,48
2022-01-02 21:47:14,2022-01-03 22:27:44,2022-01-02 21:47:14,2022-01-03 06:00:38,13.4,454,304,59,91,38,70
2022-01-02 00:08:31,2022-01-02 21:47:14,2022-01-02 00:08:31,2022-01-02 07:43:27,13.7,408,227,73,108,46,112
2022-01-01 04:04:42,2022-01-02 00:08:31,2022-01-01 04:04:42,2022-01-01 09:17:12,13.7,284,130,55,99,18,42
2021-12-30 23:29:15,2022-01-01 04:04:42,2021-12-30 23:29:15,2021-12-31 07:01:00,13.6,411,170,86,155,36,30
2021-12-29 22:33:00,2021-12-30 23:29:15,2021-12-29 22:33:00,2021-12-30 07:17:08,13.7,482,188,113,181,39,39
2021-12-28 22:12:05,2021-12-29 22:33:00,2021-12-28 22:12:05,2021-12-29 06:43:57,13.6,452,201,99,152,56,45
2021-12-27 23:03:13,2021-12-28 22:12:05,2021-12-27 23:03:13,2021-12-28 07:04:12,13.0,447,238,79,130,33,30
2021-12-26 22:39:19,2021-12-27 23:03:13,2021-12-26 22:39:19,2021-12-27 06:59:52,13.4,450,178,95,177,51,30
2021-12-25 23:14:11,2021-12-26 22:39:19,2021-12-25 23:14:11,2021-12-26 07:38:05,13.3,465,230,78,157,31,46
2021-12-24 23:46:06,2021-12-25 23:14:11,2021-12-24 23:46:06,2021-12-25 07:32:13,13.5,424,187,71,166,39,51
2021-12-23 23:04:58,2021-12-24 23:46:06,2021-12-23 23:04:58,2021-12-24 07:06:44,13.6,450,238,78,134,29,45
2021-12-22 23:08:56,2021-12-23 23:04:58,2021-12-22 23:08:56,2021-12-23 07:00:49,13.5,439,130,113,196,31,46
2021-12-21 22:19:05,2021-12-22 23:08:56,2021-12-21 22:19:05,2021-12-22 06:10:12,13.6,430,201,85,144,41,51
2021-12-20 22:06:01,2021-12-21 22:19:05,2021-12-20 22:06:01,2021-12-21 06:06:07,13.2,425,206,84,135,35,30
2021-12-19 20:35:33,2021-12-20 22:06:01,2021-12-19 20:35:33,2021-12-20 06:00:23,13.6,501,207,83,211,63,84
2021-12-19 01:31:47,2021-12-19 20:35:33,2021-12-19 01:31:47,2021-12-19 08:10:27,13.7,361,118,84,159,26,51
2021-12-17 21:37:38,2021-12-19 01:31:47,2021-12-17 21:37:38,2021-12-18 05:02:27,13.3,421,143,107,171,16,51
2021-12-16 22:21:49,2021-12-17 21:37:38,2021-12-16 22:21:49,2021-12-17 06:05:13,13.3,423,150,100,173,40,30
2021-12-15 21:44:02,2021-12-16 22:21:49,2021-12-15 21:44:02,2021-12-16 06:02:42,13.1,467,264,67,136,31,35
2021-12-14 21:39:34,2021-12-15 21:44:02,2021-12-14 21:39:34,2021-12-15 06:00:33,13.4,462,266,77,119,33,39
2021-12-13 21:27:50,2021-12-14 21:39:34,2021-12-13 21:27:50,2021-12-14 05:58:44,13.5,466,190,105,171,44,39
2021-12-12 22:12:22,2021-12-13 21:27:50,2021-12-12 22:12:22,2021-12-13 05:58:20,13.8,433,203,83,147,33,0
2021-12-11 22:40:20,2021-12-12 22:12:22,2021-12-11 22:40:20,2021-12-12 07:49:06,13.5,518,259,109,150,27,30
2021-12-10 22:16:21,2021-12-11 22:40:20,2021-12-10 22:16:21,2021-12-11 07:39:45,13.6,508,274,93,141,52,51
2021-12-09 22:07:35,2021-12-10 22:16:21,2021-12-09 22:07:35,2021-12-10 06:01:51,13.5,441,230,87,124,31,51
2021-12-08 22:06:12,2021-12-09 22:07:35,2021-12-08 22:06:12,2021-12-09 06:02:13,13.1,438,244,64,130,30,51
2021-12-07 21:48:23,2021-12-08 22:06:12,2021-12-07 21:48:23,2021-12-08 06:06:16,13.5,457,177,117,163,40,48
2021-12-06 22:05:14,2021-12-07 21:48:23,2021-12-06 22:05:14,2021-12-07 06:04:49,13.7,448,194,85,169,30,48
2021-12-05 21:35:11,2021-12-06 22:05:14,2021-12-05 21:35:11,2021-12-06 06:33:24,13.7,497,237,104,156,37,54
2021-12-04 22:53:46,2021-12-05 21:35:11,2021-12-04 22:53:46,2021-12-05 07:00:04,13.5,453,197,98,158,32,30
2021-12-03 22:03:40,2021-12-04 22:53:46,2021-12-03 22:03:40,2021-12-04 07:19:31,13.5,513,196,117,200,41,48
2021-12-02 21:03:59,2021-12-03 22:03:40,2021-12-02 21:03:59,2021-12-03 06:00:17,13.6,448,190,84,174,88,51
2021-12-01 21:27:11,2021-12-02 21:03:59,2021-12-01 21:27:11,2021-12-02 06:03:46,13.4,474,169,106,199,27,57
2021-11-30 22:01:11,2021-12-01 21:27:11,2021-11-30 22:01:11,2021-12-01 06:01:28,13.4,456,169,107,180,22,51
2021-11-29 22:16:48,2021-11-30 22:01:11,2021-11-29 22:16:48,2021-11-30 06:00:31,13.3,442,191,93,158,21,48
2021-11-28 21:52:27,2021-11-29 22:16:48,2021-11-28 21:52:27,2021-11-29 06:00:11,13.5,462,203,90,169,25,77
2021-11-27 23:59:09,2021-11-28 21:52:27,2021-11-27 23:59:09,2021-11-28 07:51:30,14.1,419,241,67,111,53,79
2021-11-26 23:54:40,2021-11-27 23:59:09,2021-11-26 23:54:40,2021-11-27 06:49:47,14.0,377,167,74,136,33,63
2021-11-25 22:35:35,2021-11-26 23:54:40,2021-11-25 22:35:35,2021-11-26 05:59:34,13.5,396,194,83,119,33,45
2021-11-24 21:07:45,2021-11-25 22:35:35,2021-11-24 21:07:45,2021-11-25 05:55:06,13.5,472,257,78,137,53,45
2021-11-23 21:47:20,2021-11-24 21:07:45,2021-11-23 21:47:20,2021-11-24 06:02:12,13.4,449,212,91,146,46,36
2021-11-22 21:41:21,2021-11-23 21:47:20,2021-11-22 21:41:21,2021-11-23 06:04:49,13.6,479,215,97,167,24,54
2021-11-21 21:47:36,2021-11-22 21:41:21,2021-11-21 21:47:36,2021-11-22 06:02:16,13.9,462,195,103,164,32,33
2021-11-20 22:12:51,2021-11-21 21:47:36,2021-11-20 22:12:51,2021-11-21 07:16:52,13.6,513,287,63,163,30,67
2021-11-19 23:59:25,2021-11-20 22:12:51,2021-11-19 23:59:25,2021-11-20 07:30:29,13.5,410,164,109,137,40,72
2021-11-18 22:40:18,2021-11-19 23:59:25,2021-11-18 22:40:18,2021-11-19 06:00:31,13.3,390,136,89,165,49,49
2021-11-17 22:37:44,2021-11-18 22:40:18,2021-11-17 22:37:44,2021-11-18 06:26:42,13.2,427,178,61,188,24,56
2021-11-16 22:36:13,2021-11-17 22:37:44,2021-11-16 22:36:13,2021-11-17 06:03:02,13.3,418,178,85,155,28,49
2021-11-15 22:11:28,2021-11-16 22:36:13,2021-11-15 22:11:28,2021-11-16 06:12:58,13.5,436,169,94,173,44,49
2021-11-14 22:16:16,2021-11-15 22:11:28,2021-11-14 22:16:16,2021-11-15 06:07:37,13.5,435,211,84,140,35,60
2021-11-14 00:17:38,2021-11-14 22:16:16,2021-11-14 00:17:38,2021-11-14 07:54:09,13.6,434,139,137,158,22,44
2021-11-12 22:57:46,2021-11-14 00:17:38,2021-11-12 22:57:46,2021-11-13 07:03:13,13.4,437,186,83,168,45,45
2021-11-11 21:55:07,2021-11-12 22:57:46,2021-11-11 21:55:07,2021-11-12 05:56:06,13.4,456,189,87,180,24,44
2021-11-10 22:23:56,2021-11-11 21:55:07,2021-11-10 22:23:56,2021-11-11 06:16:37,13.6,439,172,90,177,34,56
2021-11-09 22:35:22,2021-11-10 22:23:56,2021-11-09 22:35:22,2021-11-10 06:11:30,13.5,422,170,93,159,32,21
2021-11-08 20:48:27,2021-11-09 22:35:22,2021-11-08 20:48:27,2021-11-09 06:15:38,13.6,503,207,101,195,60,39
2021-11-07 22:06:03,2021-11-08 20:48:27,2021-11-07 22:06:03,2021-11-08 06:10:45,13.5,464,269,64,131,20,42
2021-11-06 23:25:25,2021-11-07 22:06:03,2021-11-06 23:25:25,2021-11-07 07:46:31,13.8,429,147,95,187,65,51
2021-11-05 22:42:55,2021-11-06 23:25:25,2021-11-05 22:42:55,2021-11-06 07:31:32,13.4,487,192,103,192,40,67
2021-11-04 22:55:35,2021-11-05 22:42:55,2021-11-04 22:55:35,2021-11-05 06:02:13,13.8,376,243,30,103,50,42
2021-11-03 21:28:32,2021-11-04 22:55:35,2021-11-03 21:28:32,2021-11-04 06:00:20,13.6,484,204,105,175,27,39
2021-11-02 21:49:02,2021-11-03 21:28:32,2021-11-02 21:49:02,2021-11-03 05:45:17,13.5,446,199,73,174,30,36
2021-11-01 21:36:58,2021-11-02 21:49:02,2021-11-01 21:36:58,2021-11-02 06:06:28,13.6,469,201,100,168,39,18
2021-10-31 23:01:23,2021-11-01 22:36:58,2021-10-31 23:01:23,2021-11-01 07:16:56,13.7,478,235,109,134,16,33
2021-10-30 23:34:34,2021-10-31 23:01:23,2021-10-30 23:34:34,2021-10-31 07:59:38,13.6,473,217,74,182,32,51
2021-10-29 22:50:52,2021-10-30 23:34:34,2021-10-29 22:50:52,2021-10-30 06:59:47,13.6,451,197,84,170,38,63
2021-10-28 22:13:48,2021-10-29 22:50:52,2021-10-28 22:13:48,2021-10-29 06:08:21,13.5,437,213,65,159,37,58
2021-10-27 22:11:59,2021-10-28 22:13:48,2021-10-27 22:11:59,2021-10-28 06:02:51,13.4,436,196,94,146,31,54
2021-10-26 21:31:25,2021-10-27 22:11:59,2021-10-26 21:31:25,2021-10-27 06:02:59,14.2,458,228,58,172,53,58
2021-10-25 22:21:53,2021-10-26 21:31:25,2021-10-25 22:21:53,2021-10-26 06:03:23,13.5,415,223,65,127,42,63
2021-10-24 23:13:51,2021-10-25 22:21:53,2021-10-24 23:13:51,2021-10-25 06:10:33,13.5,370,201,65,104,46,27
2021-10-23 22:08:22,2021-10-24 23:13:51,2021-10-23 22:08:22,2021-10-24 07:47:10,14.0,549,277,111,161,24,58
2021-10-22 23:11:22,2021-10-23 22:08:22,2021-10-22 23:11:22,2021-10-23 06:59:37,13.5,418,178,88,152,50,53
2021-10-21 22:26:07,2021-10-22 23:11:22,2021-10-21 22:26:07,2021-10-22 06:00:30,13.6,420,198,83,139,33,58
2021-10-20 22:22:50,2021-10-21 22:26:07,2021-10-20 22:22:50,2021-10-21 05:49:10,13.6,403,174,78,151,33,60
2021-10-19 23:20:52,2021-10-20 22:22:50,2021-10-19 23:20:52,2021-10-20 06:47:45,13.5,410,164,92,154,37,51
2021-10-18 22:23:53,2021-10-19 23:20:52,2021-10-18 22:23:53,2021-10-19 06:02:27,13.3,422,216,52,154,37,49
2021-10-17 22:25:25,2021-10-18 22:23:53,2021-10-17 22:25:25,2021-10-18 06:02:12,13.5,427,220,59,148,29,44
2021-10-16 23:29:29,2021-10-17 22:25:25,2021-10-16 23:29:29,2021-10-17 07:22:44,13.5,425,160,103,162,47,9
2021-10-15 22:30:15,2021-10-16 23:29:29,2021-10-15 22:30:15,2021-10-16 07:22:53,13.5,495,224,98,173,35,18
2021-10-14 21:30:14,2021-10-15 22:30:15,2021-10-14 21:30:14,2021-10-15 06:18:33,13.7,474,239,120,115,53,30
2021-10-13 21:43:05,2021-10-14 21:30:14,2021-10-13 21:43:05,2021-10-14 07:11:26,13.6,524,294,91,139,43,60
2021-10-12 21:58:49,2021-10-13 21:43:05,2021-10-12 21:58:49,2021-10-13 06:10:19,13.5,458,210,113,135,22,57
2021-10-11 22:04:52,2021-10-12 21:58:49,2021-10-11 22:04:52,2021-10-12 06:16:36,13.4,456,214,106,136,34,57
2021-10-10 21:59:47,2021-10-11 22:04:52,2021-10-10 21:59:47,2021-10-11 06:09:00,13.4,435,149,102,184,53,63
2021-10-09 23:02:56,2021-10-10 21:59:47,2021-10-09 23:02:56,2021-10-10 07:03:08,13.2,436,153,95,188,43,67
2021-10-08 23:14:52,2021-10-09 23:02:56,2021-10-08 23:14:52,2021-10-09 07:01:52,13.3,417,126,86,205,45,72
2021-10-07 23:12:09,2021-10-08 23:14:52,2021-10-07 23:12:09,2021-10-08 06:10:30,13.5,398,187,76,135,20,56
2021-10-06 22:53:00,2021-10-07 23:12:09,2021-10-06 22:53:00,2021-10-07 06:13:03,13.4,413,159,86,168,24,60
2021-10-05 21:51:34,2021-10-06 22:53:00,2021-10-05 21:51:34,2021-10-06 06:10:37,13.3,481,252,87,142,17,79
2021-10-04 23:14:02,2021-10-05 21:51:34,2021-10-04 23:14:02,2021-10-05 06:00:29,13.4,372,153,90,129,33,42
2021-10-03 21:59:09,2021-10-04 23:14:02,2021-10-03 21:59:09,2021-10-04 06:16:53,13.6,462,194,100,168,35,53
2021-10-02 23:11:33,2021-10-03 21:59:09,2021-10-02 23:11:33,2021-10-03 07:32:36,13.5,453,188,109,156,48,65
2021-10-01 22:49:28,2021-10-02 23:11:33,2021-10-01 22:49:28,2021-10-02 06:25:00,13.7,404,173,101,130,51,24
2021-09-30 21:40:00,2021-10-01 22:49:28,2021-09-30 21:40:00,2021-10-01 06:36:19,13.7,494,246,81,167,42,51
2021-09-29 21:23:38,2021-09-30 21:40:00,2021-09-29 21:23:38,2021-09-30 06:10:45,13.6,497,239,105,153,25,131
2021-09-29 01:24:02,2021-09-29 21:23:38,2021-09-29 01:24:02,2021-09-29 06:15:44,13.7,254,86,70,98,37,53
2021-09-27 22:40:30,2021-09-29 01:24:02,2021-09-27 22:40:30,2021-09-28 06:00:13,13.6,395,203,80,112,44,27
2021-09-26 22:32:32,2021-09-27 22:40:30,2021-09-26 22:32:32,2021-09-27 07:15:53,13.5,486,207,85,194,36,46
2021-09-25 22:47:44,2021-09-26 22:32:32,2021-09-25 22:47:44,2021-09-26 06:31:15,13.4,424,255,56,113,32,36
2021-09-24 21:56:18,2021-09-25 22:47:44,2021-09-24 21:56:18,2021-09-25 07:12:36,13.8,487,199,107,181,68,33
2021-09-23 21:57:58,2021-09-24 21:56:18,2021-09-23 21:57:58,2021-09-24 06:09:00,13.9,451,260,83,108,38,27
2021-09-22 21:20:53,2021-09-23 21:57:58,2021-09-22 21:20:53,2021-09-23 06:34:00,13.8,484,219,119,146,69,6
2021-09-21 20:37:00,2021-09-22 21:20:53,2021-09-21 20:37:00,2021-09-22 06:33:05,13.6,535,231,109,195,61,48
2021-09-20 21:42:18,2021-09-21 20:37:00,2021-09-20 21:42:18,2021-09-21 06:09:58,13.4,453,219,82,152,46,33
2021-09-19 21:56:49,2021-09-20 21:42:18,2021-09-19 21:56:49,2021-09-20 06:00:23,13.2,454,253,71,130,29,36
2021-09-18 23:17:01,2021-09-19 21:56:49,2021-09-18 23:17:01,2021-09-19 08:05:33,13.3,486,151,116,219,42,57
2021-09-17 23:33:55,2021-09-18 23:17:01,2021-09-17 23:33:55,2021-09-18 07:52:28,13.6,449,183,94,172,49,74
2021-09-16 23:27:04,2021-09-17 23:33:55,2021-09-16 23:27:04,2021-09-17 06:45:49,13.4,402,136,119,147,36,53
2021-09-15 22:25:49,2021-09-16 23:27:04,2021-09-15 22:25:49,2021-09-16 06:31:20,13.5,440,221,79,140,44,58
2021-09-14 21:59:00,2021-09-15 22:25:49,2021-09-14 21:59:00,2021-09-15 05:48:49,13.5,422,183,48,191,47,48
2021-09-13 21:24:01,2021-09-14 21:59:00,2021-09-13 21:24:01,2021-09-14 06:00:21,13.6,467,234,76,157,48,67
2021-09-12 22:35:39,2021-09-13 21:24:01,2021-09-12 22:35:39,2021-09-13 05:45:17,13.7,389,166,83,140,40,48
2021-09-11 21:26:46,2021-09-12 22:35:39,2021-09-11 21:26:46,2021-09-12 07:07:38,13.9,518,192,122,204,61,72
2021-09-10 23:22:41,2021-09-11 21:26:46,2021-09-10 23:22:41,2021-09-11 06:13:40,13.8,365,180,63,122,35,49
2021-09-09 21:44:46,2021-09-10 23:22:41,2021-09-09 21:44:46,2021-09-10 06:12:01,13.9,455,197,97,161,52,49
2021-09-08 22:19:51,2021-09-09 21:44:46,2021-09-08 22:19:51,2021-09-09 07:03:43,13.8,466,220,80,166,56,51
2021-09-07 21:48:54,2021-09-08 22:19:51,2021-09-07 21:48:54,2021-09-08 06:15:58,13.7,463,195,108,160,43,63
2021-09-06 22:49:12,2021-09-07 21:48:54,2021-09-06 22:49:12,2021-09-07 06:15:44,13.4,433,212,77,144,13,67
2021-09-05 23:00:11,2021-09-06 22:49:12,2021-09-05 23:00:11,2021-09-06 06:16:12,13.6,391,221,51,119,45,42
2021-09-04 23:18:31,2021-09-05 23:00:11,2021-09-04 23:18:31,2021-09-05 07:16:25,13.5,443,206,95,142,32,42
2021-09-03 22:26:14,2021-09-04 23:18:31,2021-09-03 22:26:14,2021-09-04 06:31:05,13.4,444,157,109,178,40,45
2021-09-02 22:11:43,2021-09-03 22:26:14,2021-09-02 22:11:43,2021-09-03 06:00:00,13.5,422,212,104,106,46,9
2021-09-01 20:58:53,2021-09-02 22:11:43,2021-09-01 20:58:53,2021-09-02 07:00:23,13.6,552,263,104,185,48,36
2021-08-31 21:51:51,2021-09-01 20:58:53,2021-08-31 21:51:51,2021-09-01 06:44:18,13.7,494,235,121,138,38,48
2021-08-30 21:51:16,2021-08-31 21:51:51,2021-08-30 21:51:16,2021-08-31 06:24:00,13.3,469,239,83,147,42,51
2021-08-29 22:23:44,2021-08-30 21:51:16,2021-08-29 22:23:44,2021-08-30 06:02:42,13.8,410,169,78,163,39,6
2021-08-28 22:04:45,2021-08-29 22:23:44,2021-08-28 22:04:45,2021-08-29 07:44:03,13.8,516,307,51,158,62,58
2021-08-28 00:47:00,2021-08-28 22:04:45,2021-08-28 00:47:00,2021-08-28 08:12:06,13.8,425,196,72,157,19,89
2021-08-26 23:56:27,2021-08-28 00:47:00,2021-08-26 23:56:27,2021-08-27 06:47:15,13.5,354,134,94,126,55,39
2021-08-25 22:41:28,2021-08-26 23:56:27,2021-08-25 22:41:28,2021-08-26 07:26:42,13.7,488,195,112,181,36,58
2021-08-24 23:22:51,2021-08-25 22:41:28,2021-08-24 23:22:51,2021-08-25 07:40:15,13.8,443,132,118,193,54,72
2021-08-23 23:25:39,2021-08-24 23:22:51,2021-08-23 23:25:39,2021-08-24 07:00:00,13.4,417,172,76,169,37,93
2021-08-23 01:13:58,2021-08-23 23:25:39,2021-08-23 01:13:58,2021-08-23 07:00:41,13.6,315,156,65,94,24,49
2021-08-22 01:14:19,2021-08-23 01:13:58,2021-08-22 01:14:19,2021-08-22 08:00:15,13.9,372,206,77,89,33,0
2021-08-20 22:54:19,2021-08-22 01:14:19,2021-08-20 22:54:19,2021-08-21 07:53:49,16.9,486,285,58,143,47,0
2021-08-19 21:20:00,2021-08-20 22:54:19,2021-08-19 21:20:00,2021-08-20 09:00:00,18.1,591,519,51,21,109,36
2021-08-18 21:33:11,2021-08-19 21:20:00,2021-08-18 21:33:11,2021-08-19 06:19:53,13.7,486,177,101,208,32,74
2021-08-17 23:40:46,2021-08-18 21:33:11,2021-08-17 23:40:46,2021-08-18 06:17:21,13.4,375,112,95,168,19,66
2021-08-16 22:55:01,2021-08-17 23:40:46,2021-08-16 22:55:01,2021-08-17 06:38:09,13.6,432,207,68,157,31,67
2021-08-15 22:45:06,2021-08-16 22:55:01,2021-08-15 22:45:06,2021-08-16 06:00:23,13.7,391,170,62,159,43,53
2021-08-14 23:34:52,2021-08-15 22:45:06,2021-08-14 23:34:52,2021-08-15 06:59:54,13.3,420,163,82,175,24,66
2021-08-13 23:09:33,2021-08-14 23:34:52,2021-08-13 23:09:33,2021-08-14 07:11:17,13.4,433,203,81,149,47,72
2021-08-12 22:58:42,2021-08-13 23:09:33,2021-08-12 22:58:42,2021-08-13 06:00:14,13.6,392,164,77,151,29,57
2021-08-11 23:02:02,2021-08-12 22:58:42,2021-08-11 23:02:02,2021-08-12 06:59:12,13.7,439,186,88,165,37,63
2021-08-10 22:35:10,2021-08-11 23:02:02,2021-08-10 22:35:10,2021-08-11 06:00:21,13.6,403,208,69,126,41,58
2021-08-09 22:49:36,2021-08-10 22:35:10,2021-08-09 22:49:36,2021-08-10 07:07:23,13.6,438,145,114,179,57,39
2021-08-08 21:48:08,2021-08-09 22:49:36,2021-08-08 21:48:08,2021-08-09 06:00:21,13.3,454,148,118,188,37,15
2021-08-07 22:59:51,2021-08-08 21:48:08,2021-08-07 22:59:51,2021-08-08 07:54:09,13.7,500,201,97,202,34,57
2021-08-06 23:23:08,2021-08-07 22:59:51,2021-08-06 23:23:08,2021-08-07 07:11:06,13.5,438,184,106,148,28,65
2021-08-05 22:47:13,2021-08-06 23:23:08,2021-08-05 22:47:13,2021-08-06 06:00:13,13.4,408,135,85,188,25,65
2021-08-04 22:27:10,2021-08-05 22:47:13,2021-08-04 22:27:10,2021-08-05 06:09:18,13.4,416,134,107,175,41,66
2021-08-03 22:17:06,2021-08-04 22:27:10,2021-08-03 22:17:06,2021-08-04 06:09:33,13.5,429,147,102,180,33,58
2021-08-02 22:24:35,2021-08-03 22:17:06,2021-08-02 22:24:35,2021-08-03 06:01:03,13.2,425,145,101,179,30,58
2021-08-01 23:09:23,2021-08-02 22:24:35,2021-08-01 23:09:23,2021-08-02 06:08:51,13.8,388,154,74,160,26,42
2021-07-31 23:23:54,2021-08-01 23:09:23,2021-07-31 23:23:54,2021-08-01 08:05:00,13.6,475,192,110,173,46,48
2021-07-30 23:38:07,2021-07-31 23:23:54,2021-07-30 23:38:07,2021-07-31 08:00:24,13.5,446,224,74,148,55,58
2021-07-29 22:17:42,2021-07-30 23:38:07,2021-07-29 22:17:42,2021-07-30 06:04:09,13.2,424,177,83,164,41,82
2021-07-28 22:36:05,2021-07-29 22:17:42,2021-07-28 22:36:05,2021-07-29 06:00:18,14.1,393,194,71,128,50,65
2021-07-27 22:18:49,2021-07-28 22:36:05,2021-07-27 22:18:49,2021-07-28 06:00:18,13.5,406,236,71,99,54,56
2021-07-26 22:25:45,2021-07-27 22:18:49,2021-07-26 22:25:45,2021-07-27 06:00:53,13.4,419,218,58,143,35,67
2021-07-25 22:52:21,2021-07-26 22:25:45,2021-07-25 22:52:21,2021-07-26 06:00:19,13.7,384,184,81,119,43,46
2021-07-25 00:03:23,2021-07-25 22:52:21,2021-07-25 00:03:23,2021-07-25 07:50:56,13.9,413,175,83,155,53,42
2021-07-23 23:27:23,2021-07-25 00:03:23,2021-07-23 23:27:23,2021-07-24 08:02:25,14.0,450,192,121,137,62,30
2021-07-22 23:05:07,2021-07-23 23:27:23,2021-07-22 23:05:07,2021-07-23 07:59:47,13.8,456,219,95,142,76,6
2021-07-21 23:07:12,2021-07-22 23:05:07,2021-07-21 23:07:12,2021-07-22 08:12:40,13.8,497,252,97,148,45,27
2021-07-20 23:03:54,2021-07-21 23:07:12,2021-07-20 23:03:54,2021-07-21 08:24:05,13.4,527,262,86,179,31,51
2021-07-19 23:05:58,2021-07-20 23:03:54,2021-07-19 23:05:58,2021-07-20 07:03:30,13.8,439,202,95,142,38,21
2021-07-18 23:14:34,2021-07-19 23:05:58,2021-07-18 23:14:34,2021-07-19 07:55:13,13.6,491,174,114,203,28,54
2021-07-17 23:42:07,2021-07-18 23:14:34,2021-07-17 23:42:07,2021-07-18 07:54:08,13.7,451,179,107,165,38,60
2021-07-16 23:40:17,2021-07-17 23:42:07,2021-07-16 23:40:17,2021-07-17 07:14:21,14.4,423,234,66,123,28,98
2021-07-15 23:13:48,2021-07-16 23:40:17,2021-07-15 23:13:48,2021-07-16 05:45:38,13.9,342,132,74,136,48,63
2021-07-14 22:58:13,2021-07-15 23:13:48,2021-07-14 22:58:13,2021-07-15 06:25:36,13.5,395,167,77,151,52,56
2021-07-13 22:37:58,2021-07-14 22:58:13,2021-07-13 22:37:58,2021-07-14 06:08:29,13.5,410,191,90,129,36,49
2021-07-12 22:09:13,2021-07-13 22:37:58,2021-07-12 22:09:13,2021-07-13 06:05:47,14.1,424,195,76,153,46,48
2021-07-11 23:07:18,2021-07-12 22:09:13,2021-07-11 23:07:18,2021-07-12 07:05:08,13.7,448,150,112,186,26,24
2021-07-10 22:58:00,2021-07-11 23:07:18,2021-07-10 22:58:00,2021-07-11 07:38:08,13.7,491,262,107,122,28,48
2021-07-09 22:46:23,2021-07-10 22:58:00,2021-07-09 22:46:23,2021-07-10 07:00:24,13.7,461,172,85,204,32,45
2021-07-08 21:54:09,2021-07-09 22:46:23,2021-07-08 21:54:09,2021-07-09 07:05:03,13.7,504,264,103,137,46,67
2021-07-07 23:42:42,2021-07-08 21:54:09,2021-07-07 23:42:42,2021-07-08 07:14:05,13.5,400,170,79,151,51,75
2021-07-06 22:18:37,2021-07-07 23:42:42,2021-07-06 22:18:37,2021-07-07 06:00:13,13.8,415,198,73,144,43,69
2021-07-05 22:48:31,2021-07-06 22:18:37,2021-07-05 22:48:31,2021-07-06 06:26:27,12.9,422,192,81,149,23,54
2021-07-04 22:36:34,2021-07-05 22:48:31,2021-07-04 22:36:34,2021-07-05 07:09:41,13.4,463,203,81,179,47,79
2021-07-03 22:57:50,2021-07-04 22:36:34,2021-07-03 22:57:50,2021-07-04 06:15:48,13.7,409,177,73,159,28,77
2021-07-02 23:37:12,2021-07-03 22:57:50,2021-07-02 23:37:12,2021-07-03 06:28:45,13.4,375,203,61,111,34,67
2021-07-01 22:29:29,2021-07-02 23:37:12,2021-07-01 22:29:29,2021-07-02 06:15:27,13.5,431,271,74,86,33,77
2021-06-30 23:00:06,2021-07-01 22:29:29,2021-06-30 23:00:06,2021-07-01 06:16:09,13.4,398,184,87,127,28,82
2021-06-29 23:49:31,2021-06-30 23:00:06,2021-06-29 23:49:31,2021-06-30 07:14:50,13.4,399,205,66,128,42,78
2021-06-28 23:56:57,2021-06-29 23:49:31,2021-06-28 23:56:57,2021-06-29 07:18:00,13.2,410,195,69,146,31,69
2021-06-27 23:28:23,2021-06-28 23:56:57,2021-06-27 23:28:23,2021-06-28 06:58:29,13.3,421,179,76,166,29,57
2021-06-27 00:18:22,2021-06-27 23:28:23,2021-06-27 00:18:22,2021-06-27 08:11:19,13.3,443,189,108,146,29,72
2021-06-26 01:32:11,2021-06-27 00:18:22,2021-06-26 01:32:11,2021-06-26 08:38:00,13.9,387,197,84,106,38,72
2021-06-25 00:12:03,2021-06-26 01:32:11,2021-06-25 00:12:03,2021-06-25 08:15:52,13.7,450,191,101,158,33,65
2021-06-23 22:46:32,2021-06-25 00:12:03,2021-06-23 22:46:32,2021-06-24 06:46:41,13.7,430,173,94,163,50,91
2021-06-22 23:35:57,2021-06-23 22:46:32,2021-06-22 23:35:57,2021-06-23 06:11:25,13.4,357,197,58,102,38,56
2021-06-21 22:34:20,2021-06-22 23:35:57,2021-06-21 22:34:20,2021-06-22 06:03:50,13.6,405,208,85,112,44,63
2021-06-20 23:06:37,2021-06-21 22:34:20,2021-06-20 23:06:37,2021-06-21 06:50:58,13.8,408,215,96,97,56,57
2021-06-19 22:35:35,2021-06-20 23:06:37,2021-06-19 22:35:35,2021-06-20 07:40:15,16.9,497,306,68,123,47,119
2021-06-19 03:24:16,2021-06-19 22:35:35,2021-06-19 03:24:16,2021-06-19 08:23:02,13.4,277,99,74,104,21,70
2021-06-17 22:51:54,2021-06-19 03:24:16,2021-06-17 22:51:54,2021-06-18 05:59:29,13.6,402,175,95,132,25,42
2021-06-16 22:18:59,2021-06-17 22:51:54,2021-06-16 22:18:59,2021-06-17 06:03:29,13.4,439,203,101,135,25,49
2021-06-15 22:28:05,2021-06-16 22:18:59,2021-06-15 22:28:05,2021-06-16 06:59:45,13.5,465,173,89,203,46,51
2021-06-14 23:08:43,2021-06-15 22:28:05,2021-06-14 23:08:43,2021-06-15 06:03:59,13.6,377,222,72,83,38,42
2021-06-13 22:24:46,2021-06-14 23:08:43,2021-06-13 22:24:46,2021-06-14 06:03:50,13.7,420,209,80,131,39,0
2021-06-12 22:10:58,2021-06-13 22:24:46,2021-06-12 22:10:58,2021-06-13 07:15:25,13.1,506,248,77,181,38,0
2021-06-11 22:57:28,2021-06-12 22:10:58,2021-06-11 22:57:28,2021-06-12 07:59:59,13.6,518,247,78,193,24,21
2021-06-10 22:30:39,2021-06-11 22:57:28,2021-06-10 22:30:39,2021-06-11 06:45:19,13.8,470,212,82,176,24,27
2021-06-09 21:57:02,2021-06-10 22:30:39,2021-06-09 21:57:02,2021-06-10 06:34:42,13.7,484,187,100,197,28,33
2021-06-08 21:17:20,2021-06-09 21:57:02,2021-06-08 21:17:20,2021-06-09 06:10:41,13.9,491,210,88,193,41,60
2021-06-07 22:01:32,2021-06-08 21:17:20,2021-06-07 22:01:32,2021-06-08 06:03:19,13.7,442,195,79,168,39,51
2021-06-06 22:22:02,2021-06-07 22:01:32,2021-06-06 22:22:02,2021-06-07 06:00:39,13.8,420,200,84,136,27,30
2021-06-05 22:54:26,2021-06-06 22:22:02,2021-06-05 22:54:26,2021-06-06 08:01:22,13.7,494,204,104,186,51,77
2021-06-05 00:47:27,2021-06-05 22:54:26,2021-06-05 00:47:27,2021-06-05 07:32:04,13.5,384,164,90,130,19,70
2021-06-04 00:05:30,2021-06-05 00:47:27,2021-06-04 00:05:30,2021-06-04 06:59:46,13.4,385,189,56,140,29,39
2021-06-02 21:30:18,2021-06-04 00:05:30,2021-06-02 21:30:18,2021-06-03 06:05:43,13.3,491,226,91,174,24,79
2021-06-02 00:00:06,2021-06-02 21:30:18,2021-06-02 00:00:06,2021-06-02 06:02:26,13.5,347,156,57,134,15,54
2021-05-31 22:11:41,2021-06-02 00:00:06,2021-05-31 22:11:41,2021-06-01 06:03:50,13.7,451,229,71,151,16,68
2021-05-30 23:03:26,2021-05-31 22:11:41,2021-05-30 23:03:26,2021-05-31 06:08:59,13.2,392,174,80,138,31,69
2021-05-29 23:51:44,2021-05-30 23:03:26,2021-05-29 23:51:44,2021-05-30 07:44:02,13.7,436,263,73,100,34,77
2021-05-29 00:51:35,2021-05-29 23:51:44,2021-05-29 00:51:35,2021-05-29 07:32:51,13.8,377,175,62,140,14,84
2021-05-27 23:32:10,2021-05-29 00:51:35,2021-05-27 23:32:10,2021-05-28 06:05:41,13.5,361,176,72,113,29,68
2021-05-26 22:42:53,2021-05-27 23:32:10,2021-05-26 22:42:53,2021-05-27 06:05:06,13.4,406,207,79,120,34,58
2021-05-25 22:49:51,2021-05-26 22:42:53,2021-05-25 22:49:51,2021-05-26 06:08:12,13.6,403,173,77,153,24,51
2021-05-24 22:10:57,2021-05-25 22:49:51,2021-05-24 22:10:57,2021-05-25 06:07:50,13.4,444,201,87,156,28,57
2021-05-23 22:35:05,2021-05-24 22:10:57,2021-05-23 22:35:05,2021-05-24 06:05:13,13.4,429,187,92,150,21,39
2021-05-22 23:09:52,2021-05-23 22:35:05,2021-05-22 23:09:52,2021-05-23 07:51:40,13.5,471,233,87,151,41,54
2021-05-21 22:33:55,2021-05-22 23:09:52,2021-05-21 22:33:55,2021-05-22 06:46:11,14.0,469,282,53,134,22,66
2021-05-20 22:10:34,2021-05-21 22:33:55,2021-05-20 22:10:34,2021-05-21 06:07:56,13.7,447,221,83,143,29,58
2021-05-19 21:59:52,2021-05-20 22:10:34,2021-05-19 21:59:52,2021-05-20 06:00:15,13.7,439,219,85,135,41,68
2021-05-18 22:48:02,2021-05-19 21:59:52,2021-05-18 22:48:02,2021-05-19 06:00:42,13.7,393,178,92,123,38,65
2021-05-17 22:45:14,2021-05-18 22:48:02,2021-05-17 22:45:14,2021-05-18 06:00:36,13.5,415,217,74,124,19,69
2021-05-16 22:31:54,2021-05-17 22:45:14,2021-05-16 22:31:54,2021-05-17 06:02:20,13.8,404,212,68,124,43,56
2021-05-15 23:40:50,2021-05-16 22:31:54,2021-05-15 23:40:50,2021-05-16 07:17:52,13.7,430,142,111,177,25,69
2021-05-14 23:09:12,2021-05-15 23:40:50,2021-05-14 23:09:12,2021-05-15 07:02:24,13.5,457,205,71,181,13,63
2021-05-13 23:00:58,2021-05-14 23:09:12,2021-05-13 23:00:58,2021-05-14 06:09:32,13.8,384,208,66,110,37,72
2021-05-12 23:03:57,2021-05-13 23:00:58,2021-05-12 23:03:57,2021-05-13 06:05:06,13.6,393,97,113,183,26,66
2021-05-11 22:01:06,2021-05-12 23:03:57,2021-05-11 22:01:06,2021-05-12 06:01:49,13.6,437,248,90,99,32,60
2021-05-10 22:15:33,2021-05-11 22:01:06,2021-05-10 22:15:33,2021-05-11 06:02:11,13.3,427,169,87,171,37,57
2021-05-09 22:26:52,2021-05-10 22:15:33,2021-05-09 22:26:52,2021-05-10 06:01:07,13.7,422,215,67,140,31,51
2021-05-08 23:32:33,2021-05-09 22:26:52,2021-05-08 23:32:33,2021-05-09 08:02:21,13.1,474,207,117,150,35,60
2021-05-07 23:35:01,2021-05-08 23:32:33,2021-05-07 23:35:01,2021-05-08 07:00:24,13.5,419,180,84,155,23,63
2021-05-06 22:34:56,2021-05-07 23:35:01,2021-05-06 22:34:56,2021-05-07 06:02:28,13.5,427,260,64,103,20,60
2021-05-05 22:20:40,2021-05-06 22:34:56,2021-05-05 22:20:40,2021-05-06 06:03:24,13.6,432,225,73,134,30,63
2021-05-04 21:47:47,2021-05-05 22:20:40,2021-05-04 21:47:47,2021-05-05 06:02:10,13.5,457,209,93,155,33,72
2021-05-03 22:15:52,2021-05-04 21:47:47,2021-05-03 22:15:52,2021-05-04 06:02:01,13.2,441,204,95,142,24,69
2021-05-02 22:47:52,2021-05-03 22:15:52,2021-05-02 22:47:52,2021-05-03 06:01:50,13.4,406,162,87,157,26,57
2021-05-01 23:11:32,2021-05-02 22:47:52,2021-05-01 23:11:32,2021-05-02 07:00:18,13.5,434,150,88,196,33,63
2021-04-30 23:38:54,2021-05-01 23:11:32,2021-04-30 23:38:54,2021-05-01 07:15:46,13.6,434,222,58,154,22,65
2021-04-29 22:01:35,2021-04-30 23:38:54,2021-04-29 22:01:35,2021-04-30 05:30:59,13.4,402,178,59,165,34,66
2021-04-28 22:11:58,2021-04-29 22:01:35,2021-04-28 22:11:58,2021-04-29 06:00:18,13.3,430,158,112,160,38,75
2021-04-27 21:50:23,2021-04-28 22:11:58,2021-04-27 21:50:23,2021-04-28 06:01:46,13.6,444,203,88,153,46,65
2021-04-26 22:09:31,2021-04-27 21:50:23,2021-04-26 22:09:31,2021-04-27 06:00:23,13.4,429,217,56,156,41,81
2021-04-25 22:27:40,2021-04-26 22:09:31,2021-04-25 22:27:40,2021-04-26 06:04:39,13.4,420,182,72,166,36,100
2021-04-25 01:16:27,2021-04-25 22:27:40,2021-04-25 01:16:27,2021-04-25 07:11:59,13.7,325,194,43,88,29,75
2021-04-23 22:35:11,2021-04-25 01:16:27,2021-04-23 22:35:11,2021-04-24 07:00:23,13.4,449,137,123,189,55,75
2021-04-22 22:17:02,2021-04-23 22:35:11,2021-04-22 22:17:02,2021-04-23 06:00:43,13.3,419,207,79,133,42,63
2021-04-21 21:42:03,2021-04-22 22:17:02,2021-04-21 21:42:03,2021-04-22 06:00:43,13.6,456,218,65,173,42,54
2021-04-20 21:31:42,2021-04-21 21:42:03,2021-04-20 21:31:42,2021-04-21 06:01:37,13.5,480,253,82,145,28,75
2021-04-19 22:11:27,2021-04-20 21:31:42,2021-04-19 22:11:27,2021-04-20 06:04:23,13.5,425,237,73,115,46,54
2021-04-18 21:38:49,2021-04-19 22:11:27,2021-04-18 21:38:49,2021-04-19 06:00:27,13.3,476,224,75,177,25,100
2021-04-17 23:53:45,2021-04-18 21:38:49,2021-04-17 23:53:45,2021-04-18 05:53:02,13.4,322,119,64,139,33,77
2021-04-17 00:36:58,2021-04-17 23:53:45,2021-04-17 00:36:58,2021-04-17 07:30:13,13.6,372,190,40,142,38,84
2021-04-16 01:16:23,2021-04-17 00:36:58,2021-04-16 01:16:23,2021-04-16 07:57:27,13.8,341,105,89,147,59,54
2021-04-14 22:44:35,2021-04-16 01:16:23,2021-04-14 22:44:35,2021-04-15 07:00:42,13.4,479,154,117,208,16,103
2021-04-14 01:43:01,2021-04-14 22:44:35,2021-04-14 01:43:01,2021-04-14 07:31:10,14.3,321,140,80,101,25,86
2021-04-13 01:17:32,2021-04-14 01:43:01,2021-04-13 01:17:32,2021-04-13 07:49:48,13.8,360,170,77,113,29,82
2021-04-12 00:33:15,2021-04-13 01:17:32,2021-04-12 00:33:15,2021-04-12 07:01:14,13.8,352,202,30,120,34,68
2021-04-10 23:11:04,2021-04-12 00:33:15,2021-04-10 23:11:04,2021-04-11 05:59:52,13.4,379,137,88,154,29,42
2021-04-09 23:41:03,2021-04-10 23:11:04,2021-04-09 23:41:03,2021-04-10 08:16:12,13.7,476,155,133,188,38,46
2021-04-08 22:11:21,2021-04-09 23:41:03,2021-04-08 22:11:21,2021-04-09 06:01:28,13.5,424,174,105,145,44,46
2021-04-07 22:37:19,2021-04-08 22:11:21,2021-04-07 22:37:19,2021-04-08 06:05:03,13.6,418,154,112,152,24,3
2021-04-06 19:38:29,2021-04-07 22:37:19,2021-04-06 19:38:29,2021-04-07 06:00:33,13.7,549,284,94,171,72,56
2021-04-05 22:49:59,2021-04-06 19:38:29,2021-04-05 22:49:59,2021-04-06 06:05:42,13.7,408,143,104,161,22,18
2021-04-04 22:18:36,2021-04-05 22:49:59,2021-04-04 22:18:36,2021-04-05 07:05:00,13.6,479,247,110,122,46,36
2021-04-04 00:07:30,2021-04-04 22:18:36,2021-04-04 00:07:30,2021-04-04 08:02:27,13.4,447,224,97,126,25,36
2021-04-02 23:14:44,2021-04-04 00:07:30,2021-04-02 23:14:44,2021-04-03 07:59:58,13.7,490,181,124,185,35,68
2021-04-01 23:27:39,2021-04-02 23:14:44,2021-04-01 23:27:39,2021-04-02 06:32:14,13.6,397,191,63,143,25,56
2021-03-31 22:46:56,2021-04-01 23:27:39,2021-03-31 22:46:56,2021-04-01 06:51:25,14.0,423,214,92,117,61,56
2021-03-30 22:44:46,2021-03-31 22:46:56,2021-03-30 22:44:46,2021-03-31 06:31:37,14.0,443,262,71,110,22,45
2021-03-29 22:41:41,2021-03-30 22:44:46,2021-03-29 22:41:41,2021-03-30 07:03:09,13.9,461,262,75,124,40,53
2021-03-28 22:23:53,2021-03-29 22:41:41,2021-03-28 22:23:53,2021-03-29 06:09:31,13.7,409,215,74,120,56,48
2021-03-27 23:00:06,2021-03-28 21:23:53,2021-03-27 23:00:06,2021-03-28 07:02:43,13.6,450,204,77,169,23,61
2021-03-26 23:43:00,2021-03-27 23:00:06,2021-03-26 23:43:00,2021-03-27 07:40:28,13.5,419,119,115,185,57,51
2021-03-25 22:50:42,2021-03-26 23:43:00,2021-03-25 22:50:42,2021-03-26 06:30:13,13.4,432,201,97,134,27,51
2021-03-24 21:59:42,2021-03-25 22:50:42,2021-03-24 21:59:42,2021-03-25 06:00:17,13.6,461,219,92,150,19,54
2021-03-23 22:21:17,2021-03-24 21:59:42,2021-03-23 22:21:17,2021-03-24 06:32:04,13.7,460,237,122,101,20,56
2021-03-23 00:01:06,2021-03-23 22:21:17,2021-03-23 00:01:06,2021-03-23 07:00:13,14.1,406,152,75,179,12,9
2021-03-21 21:00:20,2021-03-23 00:01:06,2021-03-21 21:00:20,2021-03-22 06:30:31,13.9,523,251,89,183,46,66
2021-03-20 23:55:53,2021-03-21 21:00:20,2021-03-20 23:55:53,2021-03-21 07:55:09,13.8,441,191,95,155,35,93
2021-03-20 01:59:57,2021-03-20 23:55:53,2021-03-20 01:59:57,2021-03-20 08:00:57,13.7,332,113,98,121,28,45
2021-03-18 22:38:26,2021-03-20 01:59:57,2021-03-18 22:38:26,2021-03-19 06:24:27,13.7,446,215,76,155,19,39
2021-03-17 22:06:15,2021-03-18 22:38:26,2021-03-17 22:06:15,2021-03-18 06:45:00,13.9,472,192,108,172,46,57
2021-03-16 22:32:50,2021-03-17 22:06:15,2021-03-16 22:32:50,2021-03-17 06:59:26,13.8,468,224,97,147,38,61
2021-03-15 23:31:36,2021-03-16 22:32:50,2021-03-15 23:31:36,2021-03-16 06:32:38,13.3,396,218,57,121,25,39
2021-03-14 22:31:40,2021-03-15 23:31:36,2021-03-14 22:31:40,2021-03-15 07:02:00,13.9,464,192,111,161,44,57
2021-03-13 23:30:31,2021-03-14 22:31:40,2021-03-13 23:30:31,2021-03-14 07:31:43,14.1,443,222,75,146,37,72
2021-03-13 01:14:12,2021-03-13 23:30:31,2021-03-13 01:14:12,2021-03-13 08:01:52,14.1,389,183,47,159,16,42
2021-03-11 22:33:47,2021-03-13 01:14:12,2021-03-11 22:33:47,2021-03-12 06:35:13,13.6,444,219,78,147,34,51
2021-03-10 21:46:30,2021-03-11 22:33:47,2021-03-10 21:46:30,2021-03-11 06:16:04,13.8,467,264,76,127,42,68
2021-03-10 00:15:49,2021-03-10 21:46:30,2021-03-10 00:15:49,2021-03-10 07:09:09,13.8,390,125,97,168,20,77
2021-03-09 00:41:24,2021-03-10 00:15:49,2021-03-09 00:41:24,2021-03-09 07:31:04,13.8,381,194,60,127,28,39
2021-03-07 23:34:00,2021-03-09 00:41:24,2021-03-07 23:34:00,2021-03-08 07:02:50,13.7,407,139,95,173,41,15
2021-03-06 23:15:37,2021-03-07 23:34:00,2021-03-06 23:15:37,2021-03-07 08:03:59,13.5,499,163,131,205,29,37
2021-03-05 23:19:13,2021-03-06 23:15:37,2021-03-05 23:19:13,2021-03-06 07:33:02,13.8,447,245,99,103,39,33
2021-03-04 22:01:58,2021-03-05 23:19:13,2021-03-04 22:01:58,2021-03-05 07:04:40,13.6,491,240,108,143,47,42
2021-03-03 22:48:30,2021-03-04 22:01:58,2021-03-03 22:48:30,2021-03-04 06:32:11,13.5,444,204,86,154,19,42
2021-03-02 22:29:45,2021-03-03 22:48:30,2021-03-02 22:29:45,2021-03-03 06:36:25,13.6,444,213,106,125,36,0
2021-03-01 20:39:58,2021-03-02 22:29:45,2021-03-01 20:39:58,2021-03-02 06:34:17,13.7,536,230,111,195,52,9
2021-02-28 21:01:55,2021-03-01 20:39:58,2021-02-28 21:01:55,2021-03-01 06:36:55,13.6,513,217,95,201,61,46
2021-02-27 23:33:27,2021-02-28 21:01:55,2021-02-27 23:33:27,2021-02-28 07:27:52,13.6,450,203,74,173,24,89
2021-02-27 01:53:27,2021-02-27 23:33:27,2021-02-27 01:53:27,2021-02-27 08:15:39,13.9,358,244,37,77,23,44
2021-02-25 22:41:36,2021-02-27 01:53:27,2021-02-25 22:41:36,2021-02-26 07:14:04,13.7,435,187,94,154,77,44
2021-02-24 22:01:10,2021-02-25 22:41:36,2021-02-24 22:01:10,2021-02-25 06:01:51,13.7,460,215,96,149,18,37
2021-02-23 22:04:38,2021-02-24 22:01:10,2021-02-23 22:04:38,2021-02-24 05:45:40,13.4,422,189,71,162,38,30
2021-02-22 22:16:00,2021-02-23 22:04:38,2021-02-22 22:16:00,2021-02-23 07:01:56,13.6,485,198,106,181,40,42
2021-02-21 23:33:02,2021-02-22 22:16:00,2021-02-21 23:33:02,2021-02-22 07:00:20,13.8,428,180,88,160,18,42
2021-02-21 00:37:14,2021-02-21 23:33:02,2021-02-21 00:37:14,2021-02-21 08:38:48,13.8,432,203,86,143,48,49
2021-02-20 00:47:22,2021-02-21 00:37:14,2021-02-20 00:47:22,2021-02-20 08:01:48,13.7,406,200,70,136,26,0
2021-02-18 20:56:11,2021-02-20 00:47:22,2021-02-18 20:56:11,2021-02-19 07:00:15,13.9,542,302,95,145,62,0
2021-02-17 21:16:32,2021-02-18 20:56:11,2021-02-17 21:16:32,2021-02-18 07:00:27,13.8,541,305,96,140,42,0
2021-02-16 21:24:01,2021-02-17 21:16:32,2021-02-16 21:24:01,2021-02-17 07:03:56,13.7,525,240,115,170,50,0
2021-02-15 21:31:52,2021-02-16 21:24:01,2021-02-15 21:31:52,2021-02-16 07:18:33,13.7,541,262,113,166,42,37
2021-02-14 23:40:12,2021-02-15 21:31:52,2021-02-14 23:40:12,2021-02-15 07:02:41,13.7,401,177,97,127,37,6
2021-02-13 23:37:34,2021-02-14 23:40:12,2021-02-13 23:37:34,2021-02-14 08:32:43,13.6,497,239,87,171,37,28
2021-02-12 23:48:52,2021-02-13 23:37:34,2021-02-12 23:48:52,2021-02-13 08:11:59,13.9,467,192,85,190,36,9
2021-02-11 21:42:09,2021-02-12 23:48:52,2021-02-11 21:42:09,2021-02-12 07:25:55,13.5,532,208,134,190,47,37
2021-02-10 23:10:21,2021-02-11 21:42:09,2021-02-10 23:10:21,2021-02-11 07:11:07,13.5,447,222,76,149,33,30
2021-02-09 22:31:59,2021-02-10 23:10:21,2021-02-09 22:31:59,2021-02-10 07:16:21,13.7,463,161,102,200,57,12
2021-02-08 22:52:12,2021-02-09 22:31:59,2021-02-08 22:52:12,2021-02-09 07:15:42,13.6,478,212,109,157,24,24
2021-02-07 22:59:42,2021-02-08 22:52:12,2021-02-07 22:59:42,2021-02-08 07:59:34,13.7,493,245,93,155,46,58
2021-02-07 01:27:31,2021-02-07 22:59:42,2021-02-07 01:27:31,2021-02-07 08:31:44,13.9,399,183,73,143,25,54
2021-02-06 00:33:04,2021-02-07 01:27:31,2021-02-06 00:33:04,2021-02-06 07:45:58,13.7,404,210,86,108,28,12
2021-02-04 22:24:36,2021-02-06 00:33:04,2021-02-04 22:24:36,2021-02-05 07:05:00,13.7,466,195,125,146,54,0
2021-02-03 21:18:52,2021-02-04 22:24:36,2021-02-03 21:18:52,2021-02-04 08:00:16,13.8,590,275,116,199,51,35
2021-02-03 00:28:20,2021-02-03 21:18:52,2021-02-03 00:28:20,2021-02-03 08:07:55,13.4,425,145,106,174,34,27
2021-02-01 22:32:46,2021-02-03 00:28:20,2021-02-01 22:32:46,2021-02-02 07:02:25,13.7,470,180,118,172,37,3
2021-01-31 22:22:15,2021-02-01 22:32:46,2021-01-31 22:22:15,2021-02-01 08:00:40,13.6,503,189,107,207,58,37
2021-01-30 23:05:54,2021-01-31 22:22:15,2021-01-30 23:05:54,2021-01-31 07:31:07,13.5,458,219,70,169,46,49
2021-01-30 01:14:12,2021-01-30 23:05:54,2021-01-30 01:14:12,2021-01-30 08:06:57,13.5,375,162,73,140,37,0
2021-01-28 22:19:34,2021-01-30 01:14:12,2021-01-28 22:19:34,2021-01-29 07:33:15,13.8,501,177,140,184,51,0
2021-01-27 21:19:26,2021-01-28 22:19:34,2021-01-27 21:19:26,2021-01-28 06:59:02,13.8,538,270,125,143,41,131
2021-01-26 22:32:35,2021-01-27 21:19:26,2021-01-26 22:32:35,2021-01-27 02:31:35,13.5,222,119,45,58,16,12
2021-01-25 22:29:28,2021-01-26 22:32:35,2021-01-25 22:29:28,2021-01-26 07:16:43,13.5,485,203,108,174,34,0
2021-01-24 22:33:26,2021-01-25 22:29:28,2021-01-24 22:33:26,2021-01-25 08:06:35,13.8,540,235,121,184,31,68
2021-01-24 02:55:39,2021-01-24 22:33:26,2021-01-24 02:55:39,2021-01-24 09:59:47,13.8,382,174,92,116,38,58
2021-01-22 23:24:19,2021-01-24 02:55:39,2021-01-22 23:24:19,2021-01-23 07:15:36,13.9,413,178,95,140,55,21
2021-01-21 22:59:22,2021-01-22 23:24:19,2021-01-21 22:59:22,2021-01-22 07:59:50,14.1,457,238,94,125,83,18
2021-01-20 22:44:03,2021-01-21 22:59:22,2021-01-20 22:44:03,2021-01-21 07:34:47,13.8,489,254,105,130,41,30
2021-01-19 22:44:53,2021-01-20 22:44:03,2021-01-19 22:44:53,2021-01-20 07:36:37,13.7,492,176,134,182,37,24
2021-01-18 22:47:51,2021-01-19 22:44:53,2021-01-18 22:47:51,2021-01-19 07:32:49,13.9,479,213,103,163,39,15
2021-01-17 22:57:31,2021-01-18 22:47:51,2021-01-17 22:57:31,2021-01-18 08:08:36,13.7,522,185,133,204,24,75
2021-01-17 00:23:10,2021-01-17 22:57:31,2021-01-17 00:23:10,2021-01-17 08:16:02,13.7,430,182,85,163,41,140
2021-01-16 03:25:28,2021-01-17 00:23:10,2021-01-16 03:25:28,2021-01-16 07:00:29,13.5,207,102,34,71,7,37
2021-01-14 23:31:04,2021-01-16 03:25:28,2021-01-14 23:31:04,2021-01-15 07:01:11,13.9,424,203,94,127,24,33
2021-01-13 22:18:07,2021-01-14 23:31:04,2021-01-13 22:18:07,2021-01-14 06:01:22,13.5,441,184,81,176,20,6
2021-01-12 22:44:28,2021-01-13 22:18:07,2021-01-12 22:44:28,2021-01-13 08:00:47,13.7,508,219,102,187,47,36
2021-01-11 21:52:14,2021-01-12 22:44:28,2021-01-11 21:52:14,2021-01-12 06:45:43,13.7,496,210,87,199,36,54
2021-01-10 23:49:07,2021-01-11 21:52:14,2021-01-10 23:49:07,2021-01-11 06:33:31,13.4,383,162,91,130,21,82
2021-01-10 00:10:44,2021-01-10 23:49:07,2021-01-10 00:10:44,2021-01-10 06:16:14,13.6,328,186,60,82,15,30
2021-01-09 01:07:55,2021-01-10 00:10:44,2021-01-09 01:07:55,2021-01-09 08:38:36,13.5,420,169,84,167,30,9
