Cycle start time,Cycle end time,Cycle timezone,Sleep onset,Wake onset,Sleep performance %,Respiratory rate (rpm),Asleep duration (min),In bed duration (min),Light sleep duration (min),Deep (SWS) duration (min),REM duration (min),Awake duration (min),Sleep need (min),Sleep debt (min),Sleep efficiency %,Sleep consistency %,Nap
2022-10-30 22:08:22,,UTC+01:00,2022-10-30 22:08:22,2022-10-31 05:54:36,78,13.3,441,464,189,95,157,23,568,95,95,52,false
2022-10-30 02:31:40,2022-10-30 22:08:22,UTC+01:00,2022-10-30 02:31:40,2022-10-30 08:16:18,59,14.8,320,344,156,82,82,24,539,60,93,33,false
2022-10-28 23:00:54,2022-10-30 03:31:40,UTC+02:00,2022-10-28 23:00:54,2022-10-29 06:55:49,74,14.1,448,474,220,77,151,26,608,95,94,81,false
2022-10-27 23:57:00,2022-10-28 23:00:54,UTC+02:00,2022-10-27 23:57:00,2022-10-28 05:54:37,59,13.8,339,357,182,57,100,18,573,53,95,76,false
2022-10-26 22:46:45,2022-10-27 23:57:00,UTC+02:00,2022-10-26 22:46:45,2022-10-27 06:14:43,82,14.5,427,447,200,110,117,20,524,0,95,80,false
2022-10-25 20:53:45,2022-10-26 22:46:45,UTC+02:00,2022-10-25 20:53:45,2022-10-26 06:49:46,100,13.8,554,595,253,108,193,41,550,69,93,65,false
2022-10-24 23:00:34,2022-10-25 20:53:45,UTC+02:00,2022-10-24 23:00:34,2022-10-25 05:54:56,70,13.9,387,414,168,83,136,27,555,81,94,85,false
2022-10-23 23:24:03,2022-10-24 23:00:34,UTC+02:00,2022-10-23 23:24:03,2022-10-24 06:10:12,65,13.7,367,390,143,79,145,23,566,81,93,82,false
2022-10-23 00:35:07,2022-10-23 23:24:03,UTC+02:00,2022-10-23 00:35:07,2022-10-23 06:47:30,65,13.5,353,372,174,70,109,19,543,58,94,73,false
2022-10-21 22:30:35,2022-10-23 00:35:07,UTC+02:00,2022-10-21 22:30:35,2022-10-22 05:54:43,75,14.4,416,444,219,75,122,28,556,58,93,90,false
2022-10-20 22:54:34,2022-10-21 22:30:35,UTC+02:00,2022-10-20 22:54:34,2022-10-21 06:38:56,75,13.9,426,464,204,107,115,38,571,65,91,92,false
2022-10-19 23:06:58,2022-10-20 22:54:34,UTC+02:00,2022-10-19 23:06:58,2022-10-20 06:00:03,72,13.5,387,413,181,78,128,26,538,62,95,91,false
2022-10-18 22:55:53,2022-10-19 23:06:58,UTC+02:00,2022-10-18 22:55:53,2022-10-19 06:29:03,79,13.6,406,453,179,85,142,47,517,38,90,94,false
2022-10-17 22:38:03,2022-10-18 22:55:53,UTC+02:00,2022-10-17 22:38:03,2022-10-18 06:49:46,87,14.1,462,492,268,62,132,30,534,56,93,93,false
2022-10-16 22:21:30,2022-10-17 22:38:03,UTC+02:00,2022-10-16 22:21:30,2022-10-17 06:39:57,81,13.9,462,498,248,78,136,36,567,65,92,89,false
2022-10-15 23:13:51,2022-10-16 22:21:30,UTC+02:00,2022-10-15 23:13:51,2022-10-16 06:45:11,72,13.9,398,451,199,50,149,53,556,68,88,85,false
2022-10-14 22:57:28,2022-10-15 23:13:51,UTC+02:00,2022-10-14 22:57:28,2022-10-15 06:48:31,77,14.2,431,471,211,89,131,40,562,65,91,81,false
2022-10-13 22:21:51,2022-10-14 22:57:28,UTC+02:00,2022-10-13 22:21:51,2022-10-14 05:54:38,78,13.9,421,453,144,102,175,32,541,47,93,81,false
2022-10-12 21:50:32,2022-10-13 22:21:51,UTC+02:00,2022-10-12 21:50:32,2022-10-13 06:15:43,84,14.6,475,505,242,82,151,30,567,81,93,72,false
2022-10-12 00:31:31,2022-10-12 21:50:32,UTC+02:00,2022-10-12 00:31:31,2022-10-12 06:59:54,65,16.5,352,388,218,49,85,36,545,47,90,64,false
2022-10-10 22:13:03,2022-10-12 00:31:31,UTC+02:00,2022-10-10 22:13:03,2022-10-11 06:15:38,84,15.2,453,482,249,69,135,29,539,59,94,68,false
2022-10-09 21:28:46,2022-10-10 22:13:03,UTC+02:00,2022-10-09 21:28:46,2022-10-10 06:45:24,80,16.4,501,557,225,113,163,56,626,109,92,58,false
2022-10-09 02:37:16,2022-10-09 21:28:46,UTC+02:00,2022-10-09 02:37:16,2022-10-09 07:59:19,53,14.9,286,322,113,71,102,36,541,41,89,51,false
2022-10-07 23:14:50,2022-10-09 02:37:16,UTC+02:00,2022-10-07 23:14:50,2022-10-08 08:01:09,86,13.9,488,524,266,93,129,36,564,60,92,71,false
2022-10-06 22:21:54,2022-10-07 23:14:50,UTC+02:00,2022-10-06 22:21:54,2022-10-07 06:14:23,74,14.2,418,472,194,78,146,54,565,83,89,84,false
2022-10-05 23:47:53,2022-10-06 22:21:54,UTC+02:00,2022-10-05 23:47:53,2022-10-06 05:54:37,64,15.4,331,366,269,32,30,35,520,38,90,74,false
2022-10-04 22:22:45,2022-10-05 23:47:53,UTC+02:00,2022-10-04 22:22:45,2022-10-05 06:28:52,87,14.0,442,486,247,64,131,44,510,32,90,80,false
2022-10-03 22:40:30,2022-10-04 22:22:45,UTC+02:00,2022-10-03 22:40:30,2022-10-04 06:31:03,89,14.5,424,469,222,68,134,45,479,0,92,78,false
2022-10-02 21:58:09,2022-10-03 22:40:30,UTC+02:00,2022-10-02 21:58:09,2022-10-03 07:02:54,100,15.5,493,545,253,76,164,52,471,0,90,71,false
2022-10-01 20:01:29,2022-10-02 21:58:09,UTC+02:00,2022-10-01 20:01:29,2022-10-02 08:13:50,100,17.4,637,732,489,77,71,95,560,65,87,54,false
2022-09-30 23:20:16,2022-10-01 20:01:29,UTC+02:00,2022-09-30 23:20:16,2022-10-01 06:59:46,78,13.5,437,459,213,81,143,22,559,50,95,78,false
2022-09-29 22:39:22,2022-09-30 23:20:16,UTC+02:00,2022-09-29 22:39:22,2022-09-30 06:41:28,83,13.5,455,480,199,87,169,25,551,68,94,77,false
2022-09-28 22:04:43,2022-09-29 22:39:22,UTC+02:00,2022-09-28 22:04:43,2022-09-29 06:33:27,77,13.1,477,507,216,110,151,30,620,90,95,66,false
2022-09-28 01:31:16,2022-09-28 22:04:43,UTC+02:00,2022-09-28 01:31:16,2022-09-28 07:58:40,61,14.9,351,387,220,62,69,36,579,58,92,56,false
2022-09-26 22:28:33,2022-09-28 01:31:16,UTC+02:00,2022-09-26 22:28:33,2022-09-27 06:06:37,75,13.4,409,443,181,94,134,34,545,65,93,89,false
2022-09-25 23:02:09,2022-09-26 22:28:33,UTC+02:00,2022-09-25 23:02:09,2022-09-26 06:47:26,78,13.2,442,465,294,46,102,23,568,59,95,84,false
2022-09-24 22:25:32,2022-09-25 23:02:09,UTC+02:00,2022-09-24 22:25:32,2022-09-25 07:10:26,80,13.4,475,523,252,106,117,48,595,67,91,84,false
2022-09-23 23:39:02,2022-09-24 22:25:32,UTC+02:00,2022-09-23 23:39:02,2022-09-24 06:31:11,71,13.5,382,410,152,86,144,28,536,44,93,80,false
2022-09-22 22:17:43,2022-09-23 23:39:02,UTC+02:00,2022-09-22 22:17:43,2022-09-23 06:32:47,85,13.3,467,495,247,80,140,28,551,44,94,88,false
2022-09-21 21:57:29,2022-09-22 22:17:43,UTC+02:00,2022-09-21 21:57:29,2022-09-22 06:06:19,85,13.4,474,488,207,88,179,14,554,47,96,83,false
2022-09-20 22:08:56,2022-09-21 21:57:29,UTC+02:00,2022-09-20 22:08:56,2022-09-21 06:35:04,84,13.3,469,506,206,104,159,37,559,69,92,73,false
2022-09-19 22:48:18,2022-09-20 22:08:56,UTC+02:00,2022-09-19 22:48:18,2022-09-20 06:35:30,70,13.5,436,465,164,85,187,29,625,116,94,72,false
2022-09-19 01:36:01,2022-09-19 22:48:18,UTC+02:00,2022-09-19 01:36:01,2022-09-19 07:00:56,50,13.3,292,324,146,61,85,32,580,65,90,69,false
2022-09-17 23:01:12,2022-09-19 01:36:01,UTC+02:00,2022-09-17 23:01:12,2022-09-18 06:38:47,72,13.4,417,458,215,87,115,41,578,95,91,67,false
2022-09-17 01:54:12,2022-09-17 23:01:12,UTC+02:00,2022-09-17 01:54:12,2022-09-17 07:52:46,59,14.4,326,359,169,72,85,33,555,46,92,48,false
2022-09-15 21:58:45,2022-09-17 01:54:12,UTC+02:00,2022-09-15 21:58:45,2022-09-16 06:29:13,80,14.1,468,507,251,86,131,39,581,62,92,88,false
2022-09-14 23:09:24,2022-09-15 21:58:45,UTC+02:00,2022-09-14 23:09:24,2022-09-15 06:29:41,73,13.7,392,440,155,85,152,48,535,26,88,77,false
2022-09-13 22:07:48,2022-09-14 23:09:24,UTC+02:00,2022-09-13 22:07:48,2022-09-14 06:05:35,91,13.9,432,476,241,47,144,44,473,0,90,84,false
2022-09-12 20:59:30,2022-09-13 22:07:48,UTC+02:00,2022-09-12 20:59:30,2022-09-13 06:21:52,100,15.1,508,562,263,90,155,54,475,0,90,87,false
2022-09-11 21:29:11,2022-09-12 20:59:30,UTC+02:00,2022-09-11 21:29:11,2022-09-12 06:45:18,100,15.9,492,556,194,129,169,64,494,23,88,85,false
2022-09-10 21:03:11,2022-09-11 21:29:11,UTC+02:00,2022-09-10 21:03:11,2022-09-11 06:36:36,92,15.5,511,573,313,83,115,62,554,74,89,73,false
2022-09-09 22:55:08,2022-09-10 21:03:11,UTC+02:00,2022-09-09 22:55:08,2022-09-10 07:02:03,75,13.8,447,486,244,90,113,39,598,92,91,85,false
2022-09-08 22:20:58,2022-09-09 22:55:08,UTC+02:00,2022-09-08 22:20:58,2022-09-09 06:01:26,69,13.1,402,458,173,91,138,56,583,74,88,91,false
2022-09-07 22:55:03,2022-09-08 22:20:58,UTC+02:00,2022-09-07 22:55:03,2022-09-08 06:30:35,68,13.4,397,455,212,79,106,58,581,74,87,87,false
2022-09-06 22:24:14,2022-09-07 22:55:03,UTC+02:00,2022-09-06 22:24:14,2022-09-07 05:54:37,75,13.0,421,450,198,69,154,29,565,72,93,79,false
2022-09-05 22:43:25,2022-09-06 22:24:14,UTC+02:00,2022-09-05 22:43:25,2022-09-06 06:31:35,69,13.2,418,468,177,75,166,50,603,95,91,76,false
2022-09-04 23:18:28,2022-09-05 22:43:25,UTC+02:00,2022-09-04 23:18:28,2022-09-05 06:29:37,59,12.6,403,431,154,94,155,28,678,172,95,72,false
2022-09-03 23:07:23,2022-09-04 23:18:28,UTC+02:00,2022-09-03 23:07:23,2022-09-04 01:46:00,26,12.5,151,158,98,32,21,7,575,74,95,88,false
2022-09-02 23:12:09,2022-09-03 23:07:23,UTC+02:00,2022-09-02 23:12:09,2022-09-03 05:58:18,68,13.2,358,406,174,73,111,48,525,50,90,85,false
2022-09-01 22:41:48,2022-09-02 23:12:09,UTC+02:00,2022-09-01 22:41:48,2022-09-02 06:31:24,83,13.2,436,469,221,88,127,33,525,44,94,83,false
2022-08-31 21:40:43,2022-09-01 22:41:48,UTC+02:00,2022-08-31 21:40:43,2022-09-01 06:28:45,85,13.4,471,528,267,89,115,57,557,67,90,80,false
2022-08-30 22:52:46,2022-08-31 21:40:43,UTC+02:00,2022-08-30 22:52:46,2022-08-31 06:11:08,71,13.1,374,437,168,83,123,63,526,53,85,75,false
2022-08-29 21:28:37,2022-08-30 22:52:46,UTC+02:00,2022-08-29 21:28:37,2022-08-30 05:03:19,82,13.2,425,452,232,74,119,27,519,47,96,79,false
2022-08-28 21:10:19,2022-08-29 21:28:37,UTC+02:00,2022-08-28 21:10:19,2022-08-29 06:12:01,84,13.3,476,542,223,84,169,66,569,56,89,71,false
2022-08-27 23:21:01,2022-08-28 21:10:19,UTC+02:00,2022-08-27 23:21:01,2022-08-28 07:29:50,81,13.1,440,489,287,66,87,49,544,60,91,80,false
2022-08-26 23:06:04,2022-08-27 23:21:01,UTC+02:00,2022-08-26 23:06:04,2022-08-27 06:36:56,74,13.4,379,448,176,76,127,69,509,29,84,84,false
2022-08-25 21:51:35,2022-08-26 23:06:04,UTC+02:00,2022-08-25 21:51:35,2022-08-26 06:29:44,90,13.1,479,518,147,117,215,39,529,38,93,86,false
2022-08-24 22:09:48,2022-08-25 21:51:35,UTC+02:00,2022-08-24 22:09:48,2022-08-25 06:45:04,87,13.4,470,515,254,84,132,45,538,53,92,84,false
2022-08-23 22:47:44,2022-08-24 22:09:48,UTC+02:00,2022-08-23 22:47:44,2022-08-24 06:59:55,82,13.2,458,492,198,92,168,34,561,68,93,77,false
2022-08-22 22:05:24,2022-08-23 22:47:44,UTC+02:00,2022-08-22 22:05:24,2022-08-23 05:22:48,77,13.5,391,437,148,98,145,46,508,38,89,71,false
2022-08-21 22:35:09,2022-08-22 22:05:24,UTC+02:00,2022-08-21 22:35:09,2022-08-22 07:01:19,87,13.5,470,504,228,100,142,34,539,67,93,64,false
2022-08-20 23:57:53,2022-08-21 22:35:09,UTC+02:00,2022-08-20 23:57:53,2022-08-21 08:05:16,71,14.9,443,487,121,115,207,44,621,79,91,54,false
2022-08-19 21:38:56,2022-08-20 23:57:53,UTC+02:00,2022-08-19 21:38:56,2022-08-20 04:29:05,66,13.3,379,410,138,98,143,31,570,97,92,68,false
2022-08-18 22:46:10,2022-08-19 21:38:56,UTC+02:00,2022-08-18 22:46:10,2022-08-19 04:59:39,58,13.5,340,373,132,73,135,33,585,76,92,80,false
2022-08-17 23:03:55,2022-08-18 22:46:10,UTC+02:00,2022-08-17 23:03:55,2022-08-18 05:44:47,67,13.2,377,401,154,79,144,24,566,69,95,84,false
2022-08-16 23:50:00,2022-08-17 23:03:55,UTC+02:00,2022-08-16 23:50:00,2022-08-17 07:00:12,70,13.6,389,430,147,80,162,41,559,58,93,77,false
2022-08-15 23:14:53,2022-08-16 23:50:00,UTC+02:00,2022-08-15 23:14:53,2022-08-16 06:44:17,75,13.4,422,447,199,77,146,25,563,65,94,69,false
2022-08-14 22:53:40,2022-08-15 23:14:53,UTC+02:00,2022-08-14 22:53:40,2022-08-15 06:08:40,72,13.2,401,432,160,98,143,31,561,90,93,64,false
2022-08-14 01:32:15,2022-08-14 22:53:40,UTC+02:00,2022-08-14 01:32:15,2022-08-14 08:02:32,61,13.7,360,390,158,74,128,30,593,72,92,61,false
2022-08-13 01:34:08,2022-08-14 01:32:15,UTC+02:00,2022-08-13 01:34:08,2022-08-13 08:13:36,69,13.7,342,399,118,93,131,57,495,14,85,43,false
2022-08-11 21:03:58,2022-08-13 01:34:08,UTC+02:00,2022-08-11 21:03:58,2022-08-12 06:18:10,95,13.5,510,550,231,99,180,40,539,8,93,77,false
2022-08-10 22:02:33,2022-08-11 21:03:58,UTC+02:00,2022-08-10 22:02:33,2022-08-11 06:57:03,97,13.5,497,534,245,84,168,37,513,2,94,79,false
2022-08-09 21:56:16,2022-08-10 22:02:33,UTC+02:00,2022-08-09 21:56:16,2022-08-10 06:40:40,99,13.5,462,524,190,103,169,62,466,44,88,62,false
2022-08-08 22:39:54,2022-08-09 21:56:16,UTC+02:00,2022-08-09 13:05:05,2022-08-09 14:41:13,17,13.2,88,94,36,23,29,6,514,44,100,,true
2022-08-08 22:39:54,2022-08-09 21:56:16,UTC+02:00,2022-08-08 22:39:54,2022-08-09 07:00:16,85,13.1,471,500,258,98,115,29,555,69,94,75,false
2022-08-07 22:08:37,2022-08-08 22:39:54,UTC+02:00,2022-08-07 22:08:37,2022-08-08 06:13:07,70,13.6,428,481,232,67,129,53,609,90,89,64,false
2022-08-07 01:51:07,2022-08-07 22:08:37,UTC+02:00,2022-08-07 01:51:07,2022-08-07 08:03:38,61,13.2,342,370,123,84,135,28,562,47,94,47,false
2022-08-05 22:22:11,2022-08-07 01:51:07,UTC+02:00,2022-08-05 22:22:11,2022-08-06 06:38:42,84,13.2,453,495,189,107,157,42,540,68,91,93,false
2022-08-04 22:13:57,2022-08-05 22:22:11,UTC+02:00,2022-08-04 22:13:57,2022-08-05 06:00:11,77,13.5,430,466,147,101,182,36,556,59,92,94,false
2022-08-03 22:23:03,2022-08-04 22:13:57,UTC+02:00,2022-08-03 22:23:03,2022-08-04 06:16:29,80,13.5,434,473,191,101,142,39,545,74,92,90,false
2022-08-02 22:05:42,2022-08-03 22:23:03,UTC+02:00,2022-08-02 22:05:42,2022-08-03 06:20:47,75,13.6,439,495,185,116,138,56,586,72,90,81,false
2022-08-01 22:30:09,2022-08-02 22:05:42,UTC+02:00,2022-08-01 22:30:09,2022-08-02 06:22:10,69,13.4,409,471,202,90,117,62,593,86,89,79,false
2022-07-31 22:40:42,2022-08-01 22:30:09,UTC+02:00,2022-07-31 22:40:42,2022-08-01 05:54:44,71,13.4,419,434,243,72,104,15,593,86,96,77,false
2022-07-30 23:56:07,2022-07-31 22:40:42,UTC+02:00,2022-07-30 23:56:07,2022-07-31 07:32:44,71,13.6,420,454,256,53,111,34,589,83,93,80,false
2022-07-30 00:02:19,2022-07-30 23:56:07,UTC+02:00,2022-07-30 00:02:19,2022-07-30 07:18:45,72,13.7,403,436,163,91,149,33,557,86,92,72,false
2022-07-28 23:01:14,2022-07-30 00:02:19,UTC+02:00,2022-07-28 23:01:14,2022-07-29 06:16:13,71,13.5,401,433,227,73,101,32,562,53,92,86,false
2022-07-27 21:41:53,2022-07-28 23:01:14,UTC+02:00,2022-07-27 21:41:53,2022-07-28 06:14:44,82,13.5,472,513,211,94,167,41,572,76,91,69,false
2022-07-26 23:20:51,2022-07-27 21:41:53,UTC+02:00,2022-07-26 23:20:51,2022-07-27 06:13:46,67,13.4,393,413,213,58,122,20,591,65,95,70,false
2022-07-25 22:24:32,2022-07-26 23:20:51,UTC+02:00,2022-07-25 22:24:32,2022-07-26 06:16:03,78,13.4,439,470,227,82,130,31,561,86,93,56,false
2022-07-25 00:08:13,2022-07-25 22:24:32,UTC+02:00,2022-07-25 00:08:13,2022-07-25 06:21:12,63,13.7,337,373,149,69,119,36,540,146,93,55,false
2022-07-24 03:44:26,2022-07-25 00:08:13,UTC+02:00,2022-07-24 13:39:00,2022-07-24 15:01:12,12,13.9,76,82,65,11,0,6,616,146,100,,true
2022-07-24 03:44:26,2022-07-25 00:08:13,UTC+02:00,2022-07-24 03:44:26,2022-07-24 07:32:16,37,13.9,206,227,124,48,34,21,565,65,93,42,false
2022-07-22 23:27:15,2022-07-24 03:44:26,UTC+02:00,2022-07-22 23:27:15,2022-07-23 07:59:38,78,13.8,479,512,210,130,139,33,614,81,94,73,false
2022-07-21 23:08:56,2022-07-22 23:27:15,UTC+02:00,2022-07-21 23:08:56,2022-07-22 06:02:46,65,13.5,376,414,206,75,95,38,581,63,90,92,false
2022-07-20 23:00:43,2022-07-21 23:08:56,UTC+02:00,2022-07-20 23:00:43,2022-07-21 06:09:28,73,13.6,390,428,192,62,136,38,533,60,91,87,false
2022-07-19 22:25:40,2022-07-20 23:00:43,UTC+02:00,2022-07-19 22:25:40,2022-07-20 05:57:00,74,13.4,406,448,257,61,88,42,551,70,90,83,false
2022-07-18 23:29:33,2022-07-19 22:25:40,UTC+02:00,2022-07-18 23:29:33,2022-07-19 06:14:45,70,13.4,367,405,168,76,123,38,526,51,91,78,false
2022-07-17 22:46:15,2022-07-18 23:29:33,UTC+02:00,2022-07-17 22:46:15,2022-07-18 05:55:00,83,13.9,402,429,155,79,168,27,485,15,93,89,false
2022-07-16 21:52:50,2022-07-17 22:46:15,UTC+02:00,2022-07-16 21:52:50,2022-07-17 07:14:18,95,15.0,518,561,231,101,186,43,547,56,92,84,false
2022-07-15 23:21:14,2022-07-16 21:52:50,UTC+02:00,2022-07-15 23:21:14,2022-07-16 07:17:33,76,13.4,430,476,136,115,179,46,569,63,90,87,false
2022-07-14 23:03:53,2022-07-15 23:21:14,UTC+02:00,2022-07-14 23:03:53,2022-07-15 06:58:42,79,13.2,430,474,215,89,126,44,545,51,92,90,false
2022-07-13 22:00:52,2022-07-14 23:03:53,UTC+02:00,2022-07-13 22:00:52,2022-07-14 06:59:27,83,13.8,492,538,235,109,148,46,597,58,91,89,false
2022-07-12 22:48:54,2022-07-13 22:00:52,UTC+02:00,2022-07-12 22:48:54,2022-07-13 06:44:56,75,13.4,437,475,222,90,125,38,582,60,92,93,false
2022-07-11 22:49:47,2022-07-12 22:48:54,UTC+02:00,2022-07-11 22:49:47,2022-07-12 06:59:52,80,13.2,442,490,193,94,155,48,555,45,92,91,false
2022-07-10 22:08:24,2022-07-11 22:49:47,UTC+02:00,2022-07-10 22:08:24,2022-07-11 06:28:17,85,13.2,447,500,213,95,139,53,528,56,91,86,false
2022-07-09 23:05:13,2022-07-10 22:08:24,UTC+02:00,2022-07-09 23:05:13,2022-07-10 06:58:48,76,13.1,421,473,206,79,136,52,553,54,90,90,false
2022-07-08 22:56:28,2022-07-09 23:05:13,UTC+02:00,2022-07-08 22:56:28,2022-07-09 07:00:00,82,13.4,442,483,173,97,172,41,542,72,92,87,false
2022-07-07 22:21:50,2022-07-08 22:56:28,UTC+02:00,2022-07-07 22:21:50,2022-07-08 06:16:43,76,13.6,412,473,215,64,133,61,542,67,87,94,false
2022-07-06 22:47:42,2022-07-07 22:21:50,UTC+02:00,2022-07-06 22:47:42,2022-07-07 06:20:00,71,13.6,395,452,178,87,130,57,553,65,88,93,false
2022-07-05 22:28:26,2022-07-06 22:47:42,UTC+02:00,2022-07-05 22:28:26,2022-07-06 06:30:32,72,13.7,432,482,268,71,93,50,598,65,89,93,false
2022-07-04 22:42:20,2022-07-05 22:28:26,UTC+02:00,2022-07-04 22:42:20,2022-07-05 06:06:56,72,13.5,402,444,167,80,155,42,558,60,91,91,false
2022-07-03 22:17:18,2022-07-04 22:42:20,UTC+02:00,2022-07-03 22:17:18,2022-07-04 06:06:25,74,13.5,427,467,193,63,171,40,580,60,91,91,false
2022-07-02 22:49:20,2022-07-03 22:17:18,UTC+02:00,2022-07-02 22:49:20,2022-07-03 06:29:48,74,13.2,412,460,203,97,112,48,554,45,89,87,false
2022-07-01 22:02:52,2022-07-02 22:49:20,UTC+02:00,2022-07-01 22:02:52,2022-07-02 06:29:33,85,13.3,459,506,233,73,153,47,537,54,91,89,false
2022-06-30 21:43:08,2022-07-01 22:02:52,UTC+02:00,2022-06-30 21:43:08,2022-07-01 06:07:20,82,13.4,439,502,206,82,151,63,538,66,87,88,false
2022-06-29 22:10:29,2022-06-30 21:43:08,UTC+02:00,2022-06-29 22:10:29,2022-06-30 05:54:48,78,13.6,433,464,232,80,121,31,556,63,93,86,false
2022-06-28 22:27:45,2022-06-29 22:10:29,UTC+02:00,2022-06-28 22:27:45,2022-06-29 06:06:22,73,13.4,422,457,190,71,161,35,575,48,92,80,false
2022-06-27 20:25:51,2022-06-28 22:27:45,UTC+02:00,2022-06-27 20:25:51,2022-06-28 05:35:16,84,13.6,483,547,276,98,109,64,579,60,88,75,false
2022-06-26 21:23:09,2022-06-27 20:25:51,UTC+02:00,2022-06-26 21:23:09,2022-06-27 06:04:40,80,13.5,459,521,215,88,156,62,577,60,89,78,false
2022-06-25 21:58:44,2022-06-26 21:23:09,UTC+02:00,2022-06-25 21:58:44,2022-06-26 06:33:44,80,13.6,437,511,241,65,131,74,545,72,87,80,false
2022-06-24 22:50:45,2022-06-25 21:58:44,UTC+02:00,2022-06-24 22:50:45,2022-06-25 06:29:32,69,13.4,407,459,150,89,168,52,590,116,90,70,false
2022-06-23 21:56:08,2022-06-24 22:50:45,UTC+02:00,2022-06-23 21:56:08,2022-06-24 02:44:43,50,13.7,272,288,200,20,52,16,543,58,94,93,false
2022-06-22 22:18:35,2022-06-23 21:56:08,UTC+02:00,2022-06-22 22:18:35,2022-06-23 06:07:20,75,13.6,433,466,167,87,179,33,575,57,92,90,false
2022-06-21 21:46:00,2022-06-22 22:18:35,UTC+02:00,2022-06-21 21:46:00,2022-06-22 06:05:18,81,13.7,466,499,275,70,121,33,573,54,94,91,false
2022-06-20 21:31:14,2022-06-21 21:46:00,UTC+02:00,2022-06-20 21:31:14,2022-06-21 05:45:00,82,13.4,463,491,205,85,173,28,567,60,95,86,false
2022-06-19 21:45:21,2022-06-20 21:31:14,UTC+02:00,2022-06-19 21:45:21,2022-06-20 05:54:41,80,13.4,445,487,230,73,142,42,555,72,93,85,false
2022-06-18 22:27:56,2022-06-19 21:45:21,UTC+02:00,2022-06-18 22:27:56,2022-06-19 06:20:46,76,13.4,434,473,187,98,149,39,574,81,92,89,false
2022-06-17 23:21:42,2022-06-18 22:27:56,UTC+02:00,2022-06-17 23:21:42,2022-06-18 06:06:30,65,13.4,366,390,159,89,118,24,564,69,94,87,false
2022-06-16 22:13:12,2022-06-17 23:21:42,UTC+02:00,2022-06-16 22:13:12,2022-06-17 06:05:03,77,13.5,424,471,220,97,107,47,550,74,89,90,false
2022-06-15 22:24:50,2022-06-16 22:13:12,UTC+02:00,2022-06-15 22:24:50,2022-06-16 05:44:36,68,13.4,400,439,213,77,110,39,587,63,91,86,false
2022-06-14 23:04:20,2022-06-15 22:24:50,UTC+02:00,2022-06-14 23:04:20,2022-06-15 06:04:26,73,13.4,395,419,246,47,102,24,543,69,94,80,false
2022-06-13 22:34:26,2022-06-14 23:04:20,UTC+02:00,2022-06-13 22:34:26,2022-06-14 05:54:50,77,13.3,419,440,182,70,167,21,542,72,95,77,false
2022-06-12 22:49:17,2022-06-13 22:34:26,UTC+02:00,2022-06-12 22:49:17,2022-06-13 06:34:37,76,13.4,419,465,189,78,152,46,549,72,91,74,false
2022-06-11 23:37:19,2022-06-12 22:49:17,UTC+02:00,2022-06-11 23:37:19,2022-06-12 06:59:51,69,13.6,406,443,220,73,113,37,588,105,91,66,false
2022-06-11 01:59:21,2022-06-11 23:37:19,UTC+02:00,2022-06-11 01:59:21,2022-06-11 08:10:10,55,13.5,336,368,116,67,153,32,606,86,91,47,false
2022-06-09 23:19:16,2022-06-11 01:59:21,UTC+02:00,2022-06-09 23:19:16,2022-06-10 06:04:17,63,13.5,371,405,190,69,112,34,586,60,91,83,false
2022-06-08 22:59:31,2022-06-09 23:19:16,UTC+02:00,2022-06-08 22:59:31,2022-06-09 06:06:06,74,13.6,385,426,187,80,118,41,521,51,92,76,false
2022-06-07 22:03:42,2022-06-08 22:59:31,UTC+02:00,2022-06-07 22:03:42,2022-06-08 05:44:50,83,13.9,445,461,246,62,137,16,533,33,96,78,false
2022-06-06 21:45:36,2022-06-07 22:03:42,UTC+02:00,2022-06-06 21:45:36,2022-06-07 06:07:42,89,13.8,462,502,207,108,147,40,520,42,92,70,false
2022-06-05 22:13:28,2022-06-06 21:45:36,UTC+02:00,2022-06-05 22:13:28,2022-06-06 05:48:13,86,13.9,409,449,177,76,156,40,476,0,92,68,false
2022-06-04 21:58:21,2022-06-05 22:13:28,UTC+02:00,2022-06-04 21:58:21,2022-06-05 09:22:53,100,15.1,596,684,345,123,128,88,578,36,87,62,false
2022-06-03 23:29:10,2022-06-04 21:58:21,UTC+02:00,2022-06-03 23:29:10,2022-06-04 08:01:01,88,13.7,467,512,210,110,147,45,529,48,92,67,false
2022-06-02 21:57:48,2022-06-03 23:29:10,UTC+02:00,2022-06-02 21:57:48,2022-06-03 06:16:01,84,14.0,469,497,219,95,155,28,556,70,94,69,false
2022-06-01 22:45:30,2022-06-02 21:57:48,UTC+02:00,2022-06-01 22:45:30,2022-06-02 06:17:52,70,14.0,427,452,193,86,148,25,607,116,94,63,false
2022-06-01 02:35:10,2022-06-01 22:45:30,UTC+02:00,2022-06-01 02:35:10,2022-06-01 08:04:22,50,13.9,299,328,182,48,69,29,594,60,92,45,false
2022-05-30 22:29:17,2022-06-01 02:35:10,UTC+02:00,2022-05-30 22:29:17,2022-05-31 06:15:33,80,13.7,421,449,183,91,147,28,525,45,96,80,false
2022-05-29 21:41:00,2022-05-30 22:29:17,UTC+02:00,2022-05-29 21:41:00,2022-05-30 06:05:04,85,13.4,445,504,205,116,124,59,521,45,88,64,false
2022-05-28 23:46:03,2022-05-29 21:41:00,UTC+02:00,2022-05-28 23:46:03,2022-05-29 08:05:37,85,13.7,453,494,222,77,154,41,530,58,92,63,false
2022-05-27 22:41:14,2022-05-28 23:46:03,UTC+02:00,2022-05-27 22:41:14,2022-05-28 06:00:24,75,13.9,413,438,162,84,167,25,547,60,94,90,false
2022-05-26 21:56:51,2022-05-27 22:41:14,UTC+02:00,2022-05-26 21:56:51,2022-05-27 05:58:32,80,14.0,434,477,242,70,122,43,545,60,91,95,false
2022-05-25 22:05:01,2022-05-26 21:56:51,UTC+02:00,2022-05-25 22:05:01,2022-05-26 06:16:48,74,13.5,435,491,189,108,138,56,585,60,90,94,false
2022-05-24 22:36:19,2022-05-25 22:05:01,UTC+02:00,2022-05-24 22:36:19,2022-05-25 06:16:20,74,13.4,422,460,174,90,158,38,567,60,93,90,false
2022-05-23 22:03:58,2022-05-24 22:36:19,UTC+02:00,2022-05-23 22:03:58,2022-05-24 06:05:24,80,13.7,432,481,246,71,115,49,539,51,92,92,false
2022-05-22 21:53:09,2022-05-23 22:03:58,UTC+02:00,2022-05-22 21:53:09,2022-05-23 06:08:05,83,13.5,467,491,261,92,114,24,562,57,95,89,false
2022-05-21 22:01:06,2022-05-22 21:53:09,UTC+02:00,2022-05-21 22:01:06,2022-05-22 06:35:59,81,13.7,481,514,230,91,160,33,594,60,93,88,false
2022-05-20 22:27:07,2022-05-21 22:01:06,UTC+02:00,2022-05-20 22:27:07,2022-05-21 06:31:21,80,13.6,433,483,243,76,114,50,543,72,91,86,false
2022-05-19 22:59:06,2022-05-20 22:27:07,UTC+02:00,2022-05-19 22:59:06,2022-05-20 06:13:58,69,13.8,392,434,178,70,144,42,568,70,93,81,false
2022-05-18 22:07:56,2022-05-19 22:59:06,UTC+02:00,2022-05-18 22:07:56,2022-05-19 05:07:42,70,13.6,388,419,167,78,143,31,554,66,94,90,false
2022-05-17 21:36:19,2022-05-18 22:07:56,UTC+02:00,2022-05-17 21:36:19,2022-05-18 06:14:39,78,13.5,473,518,187,101,185,45,607,77,92,88,false
2022-05-16 21:49:36,2022-05-17 21:36:19,UTC+02:00,2022-05-16 21:49:36,2022-05-17 06:19:41,67,13.6,464,509,235,78,151,45,688,189,91,86,false
2022-05-15 23:37:51,2022-05-16 21:49:36,UTC+02:00,2022-05-15 23:37:51,2022-05-16 06:05:23,19,13.7,101,387,29,3,69,286,528,42,27,69,false
2022-05-14 21:47:16,2022-05-15 23:37:51,UTC+02:00,2022-05-14 21:47:16,2022-05-15 06:28:38,86,13.5,476,521,256,97,123,45,555,30,94,84,false
2022-05-13 21:51:28,2022-05-14 21:47:16,UTC+02:00,2022-05-13 21:51:28,2022-05-14 05:43:47,90,13.3,429,472,194,99,136,43,478,0,91,82,false
2022-05-12 20:31:37,2022-05-13 21:51:28,UTC+02:00,2022-05-12 20:31:37,2022-05-13 06:15:06,100,13.8,511,583,260,95,156,72,503,21,87,81,false
2022-05-11 20:20:05,2022-05-12 20:31:37,UTC+02:00,2022-05-11 20:20:05,2022-05-12 05:45:46,93,15.4,508,565,341,76,91,57,547,63,89,66,false
2022-05-10 21:32:30,2022-05-11 20:20:05,UTC+02:00,2022-05-10 21:32:30,2022-05-11 05:54:02,79,13.7,470,501,217,92,161,31,593,90,95,67,false
2022-05-09 22:28:52,2022-05-10 21:32:30,UTC+02:00,2022-05-09 22:28:52,2022-05-10 06:03:37,70,13.6,432,455,193,105,134,23,616,77,95,67,false
2022-05-08 22:58:52,2022-05-09 22:28:52,UTC+02:00,2022-05-08 22:58:52,2022-05-09 06:02:56,67,13.2,398,424,140,85,173,26,590,116,94,55,false
2022-05-08 03:23:33,2022-05-08 22:58:52,UTC+02:00,2022-05-08 03:23:33,2022-05-08 08:18:11,50,12.9,281,294,154,50,77,13,563,67,95,34,false
2022-05-06 23:01:26,2022-05-08 03:23:33,UTC+02:00,2022-05-06 23:01:26,2022-05-07 06:28:54,71,13.4,409,447,181,87,141,38,577,60,91,81,false
2022-05-05 21:29:58,2022-05-06 23:01:26,UTC+02:00,2022-05-05 21:29:58,2022-05-06 05:54:36,80,13.4,466,504,190,112,164,38,581,81,93,87,false
2022-05-04 22:19:57,2022-05-05 21:29:58,UTC+02:00,2022-05-04 22:19:57,2022-05-05 05:54:27,73,13.4,428,454,167,96,165,26,588,67,94,92,false
2022-05-03 22:13:30,2022-05-04 22:19:57,UTC+02:00,2022-05-03 22:13:30,2022-05-04 05:53:43,71,13.3,413,460,185,100,128,47,584,74,92,87,false
2022-05-02 22:56:03,2022-05-03 22:13:30,UTC+02:00,2022-05-02 22:56:03,2022-05-03 05:53:50,68,13.3,388,417,161,109,118,29,573,51,92,84,false
2022-05-01 21:55:35,2022-05-02 22:56:03,UTC+02:00,2022-05-01 21:55:35,2022-05-02 06:16:47,83,13.1,479,501,213,66,200,22,579,51,96,84,false
2022-04-30 22:10:30,2022-05-01 21:55:35,UTC+02:00,2022-04-30 22:10:30,2022-05-01 06:29:46,83,13.3,473,499,181,100,192,26,572,98,94,82,false
2022-04-30 00:19:54,2022-04-30 22:10:30,UTC+02:00,2022-04-30 00:19:54,2022-04-30 06:28:46,58,13.0,359,369,181,72,106,10,620,88,98,69,false
2022-04-28 22:12:01,2022-04-30 00:19:54,UTC+02:00,2022-04-28 22:12:01,2022-04-29 04:59:56,62,13.4,358,408,178,83,97,50,574,72,89,94,false
2022-04-27 22:23:30,2022-04-28 22:12:01,UTC+02:00,2022-04-27 22:23:30,2022-04-28 06:06:31,76,13.4,423,463,215,81,127,40,558,72,91,95,false
2022-04-26 22:30:41,2022-04-27 22:23:30,UTC+02:00,2022-04-26 22:30:41,2022-04-27 06:15:36,69,13.4,412,462,204,78,130,50,594,72,92,95,false
2022-04-25 22:34:06,2022-04-26 22:30:41,UTC+02:00,2022-04-25 22:34:06,2022-04-26 06:18:58,69,13.3,409,465,218,78,113,56,597,69,87,92,false
2022-04-24 22:13:40,2022-04-25 22:34:06,UTC+02:00,2022-04-24 22:13:40,2022-04-25 06:16:02,77,13.4,427,481,200,86,141,54,555,70,89,88,false
2022-04-23 23:09:25,2022-04-24 22:13:40,UTC+02:00,2022-04-23 23:09:25,2022-04-24 06:39:27,70,13.3,426,450,189,94,143,24,605,75,94,93,false
2022-04-22 22:29:52,2022-04-23 23:09:25,UTC+02:00,2022-04-22 22:29:52,2022-04-23 06:22:32,75,13.4,418,472,188,72,158,54,559,86,89,90,false
2022-04-21 23:06:03,2022-04-22 22:29:52,UTC+02:00,2022-04-21 23:06:03,2022-04-22 06:33:31,63,13.7,395,447,174,79,142,52,623,84,90,90,false
2022-04-20 23:08:25,2022-04-21 23:06:03,UTC+02:00,2022-04-20 23:08:25,2022-04-21 06:34:23,72,13.4,408,446,198,74,136,38,570,79,92,83,false
2022-04-19 22:47:45,2022-04-20 23:08:25,UTC+02:00,2022-04-19 22:47:45,2022-04-20 05:59:14,66,13.6,392,431,167,107,118,39,590,78,93,85,false
2022-04-18 21:59:43,2022-04-19 22:47:45,UTC+02:00,2022-04-18 21:59:43,2022-04-19 05:56:21,74,13.6,438,475,206,101,131,37,594,72,94,84,false
2022-04-17 22:09:46,2022-04-18 21:59:43,UTC+02:00,2022-04-17 22:09:46,2022-04-18 06:08:07,76,13.1,442,478,137,155,150,36,584,95,92,81,false
2022-04-17 00:42:05,2022-04-17 22:09:46,UTC+02:00,2022-04-17 00:42:05,2022-04-17 06:30:42,59,13.4,313,346,123,75,115,33,535,60,92,72,false
2022-04-15 22:31:31,2022-04-17 00:42:05,UTC+02:00,2022-04-15 22:31:31,2022-04-16 06:15:19,74,13.2,429,463,226,99,104,34,577,67,94,94,false
2022-04-14 22:48:58,2022-04-15 22:31:31,UTC+02:00,2022-04-14 22:48:58,2022-04-15 06:05:36,71,13.5,399,436,185,110,104,37,561,63,91,91,false
2022-04-13 22:31:19,2022-04-14 22:48:58,UTC+02:00,2022-04-13 22:31:19,2022-04-14 06:04:19,79,13.1,428,453,210,63,155,25,544,48,94,92,false
2022-04-12 21:57:50,2022-04-13 22:31:19,UTC+02:00,2022-04-12 21:57:50,2022-04-13 06:23:14,84,13.6,478,503,185,123,170,25,572,72,95,87,false
2022-04-11 22:31:16,2022-04-12 21:57:50,UTC+02:00,2022-04-11 22:31:16,2022-04-12 05:54:12,69,13.4,392,443,164,91,137,51,572,65,90,90,false
2022-04-10 22:26:16,2022-04-11 22:31:16,UTC+02:00,2022-04-10 22:26:16,2022-04-11 05:53:53,72,13.2,421,447,169,109,143,26,589,65,94,91,false
2022-04-09 22:54:33,2022-04-10 22:26:16,UTC+02:00,2022-04-09 22:54:33,2022-04-10 06:28:40,72,13.2,421,454,154,101,166,33,584,63,92,91,false
2022-04-08 22:53:42,2022-04-09 22:54:33,UTC+02:00,2022-04-08 22:53:42,2022-04-09 06:28:51,73,13.4,412,455,156,79,177,43,561,48,90,86,false
2022-04-07 21:53:09,2022-04-08 22:53:42,UTC+02:00,2022-04-07 21:53:09,2022-04-08 06:06:13,84,13.3,456,492,207,115,134,36,542,67,93,91,false
2022-04-06 22:07:26,2022-04-07 21:53:09,UTC+02:00,2022-04-06 22:07:26,2022-04-07 06:15:57,71,13.5,432,488,198,92,142,56,608,78,90,89,false
2022-04-05 22:22:37,2022-04-06 22:07:26,UTC+02:00,2022-04-05 22:22:37,2022-04-06 05:54:51,74,13.3,420,452,166,90,164,32,564,72,95,88,false
2022-04-04 22:24:39,2022-04-05 22:22:37,UTC+02:00,2022-04-04 22:24:39,2022-04-05 06:08:57,76,13.1,439,460,163,114,162,21,581,57,95,83,false
2022-04-03 21:56:21,2022-04-04 22:24:39,UTC+02:00,2022-04-03 21:56:21,2022-04-04 06:04:05,81,13.2,438,488,207,95,136,50,540,60,91,70,false
2022-04-02 23:33:53,2022-04-03 21:56:21,UTC+02:00,2022-04-02 23:33:53,2022-04-03 07:47:29,80,13.2,458,493,195,82,181,35,569,70,93,69,false
2022-04-01 22:18:10,2022-04-02 23:33:53,UTC+02:00,2022-04-01 22:18:10,2022-04-02 06:16:35,70,13.3,411,474,182,91,138,63,589,74,87,92,false
2022-03-31 22:36:47,2022-04-01 22:18:10,UTC+02:00,2022-03-31 22:36:47,2022-04-01 05:53:36,68,13.6,402,436,162,97,143,34,594,70,93,90,false
2022-03-30 22:33:15,2022-03-31 22:36:47,UTC+02:00,2022-03-30 22:33:15,2022-03-31 06:15:36,70,13.2,429,461,241,94,94,32,609,81,93,80,false
2022-03-29 23:03:14,2022-03-30 22:33:15,UTC+02:00,2022-03-29 23:03:14,2022-03-30 05:53:52,65,13.5,373,410,203,72,98,37,573,63,91,71,false
2022-03-28 22:11:13,2022-03-29 23:03:14,UTC+02:00,2022-03-28 22:11:13,2022-03-29 06:00:22,73,13.5,438,469,213,98,127,31,602,74,93,56,false
2022-03-27 22:51:16,2022-03-28 22:11:13,UTC+02:00,2022-03-27 22:51:16,2022-03-28 05:59:29,68,13.2,392,428,194,71,127,36,581,60,92,68,false
2022-03-27 00:01:43,2022-03-27 21:51:16,UTC+01:00,2022-03-27 00:01:43,2022-03-27 07:45:50,80,13.4,426,464,189,94,143,38,530,60,94,76,false
2022-03-25 23:47:05,2022-03-27 00:01:43,UTC+01:00,2022-03-25 23:47:05,2022-03-26 07:59:53,80,13.3,448,492,196,109,143,44,562,77,91,66,false
2022-03-24 23:06:41,2022-03-25 23:47:05,UTC+01:00,2022-03-24 23:06:41,2022-03-25 06:05:03,67,13.2,370,418,174,64,132,48,554,58,89,89,false
2022-03-23 22:17:19,2022-03-24 23:06:41,UTC+01:00,2022-03-23 22:17:19,2022-03-24 06:06:58,75,13.1,457,467,256,101,100,10,607,84,98,89,false
2022-03-22 22:55:11,2022-03-23 22:17:19,UTC+01:00,2022-03-22 22:55:11,2022-03-23 05:44:34,64,13.1,381,407,164,55,162,26,592,58,96,86,false
2022-03-21 22:22:51,2022-03-22 22:55:11,UTC+01:00,2022-03-21 22:22:51,2022-03-22 05:54:30,75,13.5,418,451,173,93,152,33,561,57,93,87,false
2022-03-20 21:28:16,2022-03-21 22:22:51,UTC+01:00,2022-03-20 21:28:16,2022-03-21 06:04:27,81,13.5,478,516,182,74,222,38,592,77,93,82,false
2022-03-19 23:18:26,2022-03-20 21:28:16,UTC+01:00,2022-03-19 23:18:26,2022-03-20 06:32:15,67,13.5,395,433,162,127,106,38,590,49,91,85,false
2022-03-18 22:37:28,2022-03-19 23:18:26,UTC+01:00,2022-03-18 22:37:28,2022-03-19 06:29:47,79,13.2,431,472,166,109,156,41,545,49,91,87,false
2022-03-17 21:56:15,2022-03-18 22:37:28,UTC+01:00,2022-03-17 21:56:15,2022-03-18 05:59:15,79,13.2,421,483,187,99,135,62,533,53,87,86,false
2022-03-16 22:15:42,2022-03-17 21:56:15,UTC+01:00,2022-03-16 22:15:42,2022-03-17 05:59:52,77,13.4,424,458,215,89,120,34,552,72,92,82,false
2022-03-15 23:16:46,2022-03-16 22:15:42,UTC+01:00,2022-03-15 23:16:46,2022-03-16 06:32:35,69,14.1,376,435,241,39,96,59,548,9,86,71,false
2022-03-14 21:17:44,2022-03-15 23:16:46,UTC+01:00,2022-03-14 21:17:44,2022-03-15 05:56:00,97,13.4,482,516,174,106,202,34,497,12,93,84,false
2022-03-13 20:36:35,2022-03-14 21:17:44,UTC+01:00,2022-03-13 20:36:35,2022-03-14 05:59:39,96,13.7,499,558,190,105,204,59,518,48,91,74,false
2022-03-12 22:11:11,2022-03-13 20:36:35,UTC+01:00,2022-03-12 22:11:11,2022-03-13 06:59:08,84,13.3,488,527,179,113,196,39,583,42,94,86,false
2022-03-11 21:43:15,2022-03-12 22:11:11,UTC+01:00,2022-03-11 21:43:15,2022-03-12 06:31:06,86,14.4,466,523,224,71,171,57,541,65,89,89,false
2022-03-10 22:28:51,2022-03-11 21:43:15,UTC+01:00,2022-03-10 22:28:51,2022-03-11 06:02:29,72,12.9,418,450,166,94,158,32,577,60,94,92,false
2022-03-09 21:55:28,2022-03-10 22:28:51,UTC+01:00,2022-03-09 21:55:28,2022-03-10 06:05:15,80,13.2,470,489,216,88,166,19,586,60,97,93,false
2022-03-08 21:55:02,2022-03-09 21:55:28,UTC+01:00,2022-03-08 21:55:02,2022-03-09 05:53:21,80,12.8,442,469,220,91,131,27,554,75,94,88,false
2022-03-07 21:46:17,2022-03-08 21:55:02,UTC+01:00,2022-03-07 21:46:17,2022-03-08 06:05:48,75,13.0,451,499,201,112,138,48,604,75,90,82,false
2022-03-06 22:26:31,2022-03-07 21:46:17,UTC+01:00,2022-03-06 22:26:31,2022-03-07 06:06:26,75,12.9,420,459,179,108,133,39,563,88,91,84,false
2022-03-06 00:04:51,2022-03-06 22:26:31,UTC+01:00,2022-03-06 00:04:51,2022-03-06 06:30:18,62,13.1,342,385,173,62,107,43,555,63,91,77,false
2022-03-04 23:02:04,2022-03-06 00:04:51,UTC+01:00,2022-03-04 23:02:04,2022-03-05 06:25:06,73,13.4,408,443,227,87,94,35,561,58,92,84,false
2022-03-03 22:07:52,2022-03-04 23:02:04,UTC+01:00,2022-03-03 22:07:52,2022-03-04 05:53:06,75,13.4,446,465,233,101,112,19,593,60,95,93,false
2022-03-02 22:08:59,2022-03-03 22:07:52,UTC+01:00,2022-03-02 22:08:59,2022-03-03 05:50:25,74,13.1,422,461,222,72,128,39,570,63,93,87,false
2022-03-01 22:38:24,2022-03-02 22:08:59,UTC+01:00,2022-03-01 22:38:24,2022-03-02 05:55:24,73,12.9,404,436,184,83,137,32,556,70,92,85,false
2022-02-28 22:21:58,2022-03-01 22:38:24,UTC+01:00,2022-02-28 22:21:58,2022-03-01 05:46:51,70,13.1,409,442,167,102,140,33,581,44,92,79,false
2022-02-27 22:40:54,2022-02-28 22:21:58,UTC+01:00,2022-02-27 22:40:54,2022-02-28 06:00:19,81,13.2,420,439,243,81,96,19,522,21,96,85,false
2022-02-26 22:42:23,2022-02-27 22:40:54,UTC+01:00,2022-02-26 22:42:23,2022-02-27 07:35:56,93,13.1,483,534,216,90,177,51,518,30,90,81,false
2022-02-25 23:03:02,2022-02-26 22:42:23,UTC+01:00,2022-02-25 23:03:02,2022-02-26 08:01:09,90,13.3,493,536,149,132,212,43,551,79,91,76,false
2022-02-24 23:12:13,2022-02-25 23:03:02,UTC+01:00,2022-02-24 23:12:13,2022-02-25 06:29:10,66,13.7,408,436,201,101,106,28,615,79,94,86,false
2022-02-23 23:01:48,2022-02-24 23:12:13,UTC+01:00,2022-02-23 23:01:48,2022-02-24 05:55:31,66,13.4,383,413,192,79,112,30,577,63,96,87,false
2022-02-22 22:29:32,2022-02-23 23:01:48,UTC+01:00,2022-02-22 22:29:32,2022-02-23 05:55:23,73,13.5,422,444,200,79,143,22,582,56,95,89,false
2022-02-21 22:30:21,2022-02-22 22:29:32,UTC+01:00,2022-02-21 22:30:21,2022-02-22 05:55:22,76,13.5,420,445,190,74,156,25,555,32,96,84,false
2022-02-20 22:22:50,2022-02-21 22:30:21,UTC+01:00,2022-02-20 22:22:50,2022-02-21 05:59:40,86,13.4,423,454,225,89,109,31,489,15,93,77,false
2022-02-19 21:58:59,2022-02-20 22:22:50,UTC+01:00,2022-02-19 21:58:59,2022-02-20 07:30:56,95,13.6,531,571,232,142,157,40,561,32,93,77,false
2022-02-18 21:33:59,2022-02-19 21:58:59,UTC+01:00,2022-02-18 21:33:59,2022-02-19 06:32:28,86,13.7,490,538,257,113,120,48,572,39,93,84,false
2022-02-17 21:39:50,2022-02-18 21:33:59,UTC+01:00,2022-02-17 21:39:50,2022-02-18 05:54:50,83,13.7,442,494,196,100,146,52,534,18,91,80,false
2022-02-16 20:31:44,2022-02-17 21:39:50,UTC+01:00,2022-02-16 20:31:44,2022-02-17 06:04:56,94,13.7,527,573,236,85,206,46,559,65,91,76,false
2022-02-15 23:30:14,2022-02-16 20:31:44,UTC+01:00,2022-02-15 23:30:14,2022-02-16 06:35:40,72,13.6,373,424,161,85,127,51,515,0,91,67,false
2022-02-14 20:08:27,2022-02-15 23:30:14,UTC+01:00,2022-02-14 20:08:27,2022-02-15 06:00:07,100,13.5,533,591,287,77,169,58,518,44,91,76,false
2022-02-13 21:37:00,2022-02-14 20:08:27,UTC+01:00,2022-02-13 21:37:00,2022-02-14 05:47:00,81,13.7,444,487,237,86,121,43,546,27,91,86,false
2022-02-12 21:04:52,2022-02-13 21:37:00,UTC+01:00,2022-02-12 21:04:52,2022-02-13 06:32:17,91,13.4,520,567,233,97,190,47,569,44,91,82,false
2022-02-11 22:30:00,2022-02-12 21:04:52,UTC+01:00,2022-02-11 22:30:00,2022-02-12 06:32:33,81,13.8,417,481,201,83,133,64,516,33,87,78,false
2022-02-10 22:08:17,2022-02-11 22:30:00,UTC+01:00,2022-02-10 22:08:17,2022-02-11 05:50:05,89,14.9,434,459,212,87,135,25,487,0,94,77,false
2022-02-09 20:34:56,2022-02-10 22:08:17,UTC+01:00,2022-02-09 20:34:56,2022-02-10 05:49:26,100,16.0,514,549,285,71,158,35,482,12,93,80,false
2022-02-08 21:11:25,2022-02-09 20:34:56,UTC+01:00,2022-02-08 21:11:25,2022-02-09 06:00:09,96,16.7,473,528,324,51,98,55,492,0,89,76,false
2022-02-07 20:28:59,2022-02-08 21:11:25,UTC+01:00,2022-02-07 20:28:59,2022-02-08 07:06:12,100,18.2,559,637,441,73,45,78,522,49,87,63,false
2022-02-06 21:37:11,2022-02-07 20:28:59,UTC+01:00,2022-02-06 21:37:11,2022-02-07 06:00:22,79,13.4,462,502,208,84,170,40,588,51,92,66,false
2022-02-05 23:32:53,2022-02-06 21:37:11,UTC+01:00,2022-02-05 23:32:53,2022-02-06 07:08:27,78,13.1,424,455,203,113,108,31,545,72,94,64,false
2022-02-05 00:37:46,2022-02-05 23:32:53,UTC+01:00,2022-02-05 00:37:46,2022-02-05 08:19:40,69,13.5,406,462,129,98,179,56,587,63,90,49,false
2022-02-03 22:37:52,2022-02-05 00:37:46,UTC+01:00,2022-02-03 22:37:52,2022-02-04 06:04:51,73,13.7,394,445,170,100,124,51,543,42,90,84,false
2022-02-02 21:18:11,2022-02-03 22:37:52,UTC+01:00,2022-02-02 21:18:11,2022-02-03 05:49:58,82,13.2,460,506,174,120,166,46,558,36,93,88,false
2022-02-01 21:27:11,2022-02-02 21:18:11,UTC+01:00,2022-02-01 21:27:11,2022-02-02 05:55:19,88,15.5,474,507,278,72,124,33,541,39,93,85,false
2022-01-31 21:47:06,2022-02-01 21:27:11,UTC+01:00,2022-01-31 21:47:06,2022-02-01 06:09:39,87,13.8,455,502,235,85,135,47,525,42,91,82,false
2022-01-30 22:36:35,2022-01-31 21:47:06,UTC+01:00,2022-01-30 22:36:35,2022-01-31 06:00:14,82,13.1,402,433,206,86,110,31,493,0,93,74,false
2022-01-29 18:55:06,2022-01-30 22:36:35,UTC+01:00,2022-01-29 18:55:06,2022-01-30 06:31:11,100,13.8,615,696,310,133,172,81,599,57,88,63,false
2022-01-28 22:04:03,2022-01-29 18:55:06,UTC+01:00,2022-01-28 22:04:03,2022-01-29 06:14:17,81,13.4,435,490,187,102,146,55,536,54,91,93,false
2022-01-27 21:40:33,2022-01-28 22:04:03,UTC+01:00,2022-01-27 21:40:33,2022-01-28 06:09:50,82,13.5,459,509,196,110,153,50,561,53,91,91,false
2022-01-26 22:09:48,2022-01-27 21:40:33,UTC+01:00,2022-01-26 22:09:48,2022-01-27 06:00:10,77,13.4,437,470,162,90,185,33,569,54,93,90,false
2022-01-25 21:56:06,2022-01-26 22:09:48,UTC+01:00,2022-01-25 21:56:06,2022-01-26 06:00:44,82,13.4,452,484,219,83,150,32,551,27,94,88,false
2022-01-24 20:28:20,2022-01-25 21:56:06,UTC+01:00,2022-01-24 20:28:20,2022-01-25 06:05:29,91,13.5,514,576,236,118,160,62,565,60,90,77,false
2022-01-23 22:05:44,2022-01-24 20:28:20,UTC+01:00,2022-01-23 22:05:44,2022-01-24 05:55:27,74,13.7,441,469,181,106,154,28,599,72,96,91,false
2022-01-22 22:38:29,2022-01-23 22:05:44,UTC+01:00,2022-01-22 22:38:29,2022-01-23 06:16:39,69,13.4,410,457,201,73,136,47,596,54,90,89,false
2022-01-21 22:19:32,2022-01-22 22:38:29,UTC+01:00,2022-01-21 22:19:32,2022-01-22 06:18:02,82,13.3,428,478,155,88,185,50,520,48,91,85,false
2022-01-20 21:07:55,2022-01-21 22:19:32,UTC+01:00,2022-01-20 21:07:55,2022-01-21 06:10:12,84,13.4,485,542,201,98,186,57,576,70,91,77,false
2022-01-19 22:54:46,2022-01-20 21:07:55,UTC+01:00,2022-01-19 22:54:46,2022-01-20 05:55:42,70,13.1,398,415,210,71,117,17,567,79,96,85,false
2022-01-18 23:33:36,2022-01-19 22:54:46,UTC+01:00,2022-01-18 23:33:36,2022-01-19 06:00:41,66,13.4,362,385,148,71,143,23,553,45,94,75,false
2022-01-17 21:47:02,2022-01-18 23:33:36,UTC+01:00,2022-01-17 21:47:02,2022-01-18 06:01:24,85,13.5,462,492,249,71,142,30,546,48,94,84,false
2022-01-16 22:04:20,2022-01-17 21:47:02,UTC+01:00,2022-01-16 22:04:20,2022-01-17 06:00:46,84,12.9,443,475,258,69,116,32,529,51,94,81,false
2022-01-15 22:29:53,2022-01-16 22:04:20,UTC+01:00,2022-01-15 22:29:53,2022-01-16 07:33:20,83,14.0,496,542,200,100,196,46,599,57,91,82,false
2022-01-14 22:08:17,2022-01-15 22:29:53,UTC+01:00,2022-01-14 22:08:17,2022-01-15 06:51:35,81,13.5,462,516,246,80,136,54,568,72,90,84,false
2022-01-13 22:29:42,2022-01-14 22:08:17,UTC+01:00,2022-01-13 22:29:42,2022-01-14 06:01:54,69,13.5,407,450,179,85,143,43,590,81,90,92,false
2022-01-12 23:26:14,2022-01-13 22:29:42,UTC+01:00,2022-01-12 23:26:14,2022-01-13 06:04:45,65,13.6,368,398,195,74,99,30,563,53,94,83,false
2022-01-11 22:36:37,2022-01-12 23:26:14,UTC+01:00,2022-01-11 22:36:37,2022-01-12 06:02:12,77,13.7,410,443,117,102,191,33,533,51,93,90,false
2022-01-10 22:21:25,2022-01-11 22:36:37,UTC+01:00,2022-01-10 22:21:25,2022-01-11 06:15:41,78,13.4,448,474,200,96,152,26,572,54,94,89,false
2022-01-09 22:20:19,2022-01-10 22:21:25,UTC+01:00,2022-01-09 22:20:19,2022-01-10 06:07:50,82,13.7,437,467,277,60,100,30,531,21,93,87,false
2022-01-08 21:27:36,2022-01-09 22:20:19,UTC+01:00,2022-01-08 21:27:36,2022-01-09 06:43:27,93,13.8,478,556,236,91,151,78,512,42,87,80,false
2022-01-07 22:42:12,2022-01-08 21:27:36,UTC+01:00,2022-01-07 22:42:12,2022-01-08 07:03:28,86,13.7,474,501,221,98,155,27,549,45,95,81,false
2022-01-06 22:03:30,2022-01-07 22:42:12,UTC+01:00,2022-01-06 22:03:30,2022-01-07 05:56:24,85,13.5,451,471,275,71,105,20,533,56,95,94,false
2022-01-05 22:10:44,2022-01-06 22:03:30,UTC+01:00,2022-01-05 22:10:44,2022-01-06 05:59:38,76,13.5,419,469,214,74,131,50,550,56,90,87,false
2022-01-04 22:16:47,2022-01-05 22:10:44,UTC+01:00,2022-01-04 22:16:47,2022-01-05 06:03:38,76,13.5,426,462,287,50,89,36,560,49,93,72,false
2022-01-03 22:27:44,2022-01-04 22:16:47,UTC+01:00,2022-01-03 22:27:44,2022-01-04 06:01:32,79,13.2,415,446,164,103,148,31,525,48,93,57,false
2022-01-02 21:47:14,2022-01-03 22:27:44,UTC+01:00,2022-01-02 21:47:14,2022-01-03 06:00:38,84,13.4,454,492,304,59,91,38,543,70,92,55,false
2022-01-02 00:08:31,2022-01-02 21:47:14,UTC+01:00,2022-01-02 00:08:31,2022-01-02 07:43:27,70,13.7,408,454,227,73,108,46,582,112,90,55,false
2022-01-01 04:04:42,2022-01-02 00:08:31,UTC+01:00,2022-01-01 04:04:42,2022-01-01 09:17:12,52,13.7,284,302,130,55,99,18,547,42,94,34,false
2021-12-30 23:29:15,2022-01-01 04:04:42,UTC+01:00,2021-12-30 23:29:15,2021-12-31 07:01:00,82,13.6,411,447,170,86,155,36,501,30,91,84,false
2021-12-29 22:33:00,2021-12-30 23:29:15,UTC+01:00,2021-12-29 22:33:00,2021-12-30 07:17:08,90,13.7,482,521,188,113,181,39,534,39,92,90,false
2021-12-28 22:12:05,2021-12-29 22:33:00,UTC+01:00,2021-12-28 22:12:05,2021-12-29 06:43:57,87,13.6,452,508,201,99,152,56,518,45,88,86,false
2021-12-27 23:03:13,2021-12-28 22:12:05,UTC+01:00,2021-12-27 23:03:13,2021-12-28 07:04:12,85,13.0,447,480,238,79,130,33,526,30,93,90,false
2021-12-26 22:39:19,2021-12-27 23:03:13,UTC+01:00,2021-12-26 22:39:19,2021-12-27 06:59:52,90,13.4,450,501,178,95,177,51,503,30,90,87,false
2021-12-25 23:14:11,2021-12-26 22:39:19,UTC+01:00,2021-12-25 23:14:11,2021-12-26 07:38:05,90,13.3,465,496,230,78,157,31,517,46,94,90,false
2021-12-24 23:46:06,2021-12-25 23:14:11,UTC+01:00,2021-12-24 23:46:06,2021-12-25 07:32:13,80,13.5,424,463,187,71,166,39,527,51,92,81,false
2021-12-23 23:04:58,2021-12-24 23:46:06,UTC+01:00,2021-12-23 23:04:58,2021-12-24 07:06:44,83,13.6,450,479,238,78,134,29,542,45,94,83,false
2021-12-22 23:08:56,2021-12-23 23:04:58,UTC+01:00,2021-12-22 23:08:56,2021-12-23 07:00:49,85,13.5,439,470,130,113,196,31,518,46,94,72,false
2021-12-21 22:19:05,2021-12-22 23:08:56,UTC+01:00,2021-12-21 22:19:05,2021-12-22 06:10:12,80,13.6,430,471,201,85,144,41,537,51,92,75,false
2021-12-20 22:06:01,2021-12-21 22:19:05,UTC+01:00,2021-12-20 22:06:01,2021-12-21 06:06:07,83,13.2,425,460,206,84,135,35,512,30,94,68,false
2021-12-19 20:35:33,2021-12-20 22:06:01,UTC+01:00,2021-12-19 20:35:33,2021-12-20 06:00:23,90,13.6,501,564,207,83,211,63,555,84,88,48,false
2021-12-19 01:31:47,2021-12-19 20:35:33,UTC+01:00,2021-12-19 01:31:47,2021-12-19 08:10:27,64,13.7,361,387,118,84,159,26,566,51,93,42,false
2021-12-17 21:37:38,2021-12-19 01:31:47,UTC+01:00,2021-12-17 21:37:38,2021-12-18 05:02:27,78,13.3,421,437,143,107,171,16,537,51,96,94,false
2021-12-16 22:21:49,2021-12-17 21:37:38,UTC+01:00,2021-12-16 22:21:49,2021-12-17 06:05:13,78,13.3,423,463,150,100,173,40,545,30,92,89,false
2021-12-15 21:44:02,2021-12-16 22:21:49,UTC+01:00,2021-12-15 21:44:02,2021-12-16 06:02:42,90,13.1,467,498,264,67,136,31,517,35,93,89,false
2021-12-14 21:39:34,2021-12-15 21:44:02,UTC+01:00,2021-12-14 21:39:34,2021-12-15 06:00:33,85,13.4,462,495,266,77,119,33,544,39,94,83,false
2021-12-13 21:27:50,2021-12-14 21:39:34,UTC+01:00,2021-12-13 21:27:50,2021-12-14 05:58:44,87,13.5,466,510,190,105,171,44,538,39,92,75,false
2021-12-12 22:12:22,2021-12-13 21:27:50,UTC+01:00,2021-12-12 22:12:22,2021-12-13 05:58:20,83,13.8,433,466,203,83,147,33,522,0,92,83,false
2021-12-11 22:40:20,2021-12-12 22:12:22,UTC+01:00,2021-12-11 22:40:20,2021-12-12 07:49:06,100,13.5,518,545,259,109,150,27,520,30,95,81,false
2021-12-10 22:16:21,2021-12-11 22:40:20,UTC+01:00,2021-12-10 22:16:21,2021-12-11 07:39:45,90,13.6,508,560,274,93,141,52,567,51,92,79,false
2021-12-09 22:07:35,2021-12-10 22:16:21,UTC+01:00,2021-12-09 22:07:35,2021-12-10 06:01:51,83,13.5,441,472,230,87,124,31,532,51,93,94,false
2021-12-08 22:06:12,2021-12-09 22:07:35,UTC+01:00,2021-12-08 22:06:12,2021-12-09 06:02:13,83,13.1,438,468,244,64,130,30,529,51,94,90,false
2021-12-07 21:48:23,2021-12-08 22:06:12,UTC+01:00,2021-12-07 21:48:23,2021-12-08 06:06:16,83,13.5,457,497,177,117,163,40,550,48,91,86,false
2021-12-06 22:05:14,2021-12-07 21:48:23,UTC+01:00,2021-12-06 22:05:14,2021-12-07 06:04:49,84,13.7,448,478,194,85,169,30,531,48,96,86,false
2021-12-05 21:35:11,2021-12-06 22:05:14,UTC+01:00,2021-12-05 21:35:11,2021-12-06 06:33:24,84,13.7,497,534,237,104,156,37,593,54,93,83,false
2021-12-04 22:53:46,2021-12-05 21:35:11,UTC+01:00,2021-12-04 22:53:46,2021-12-05 07:00:04,82,13.5,453,485,197,98,158,32,550,30,93,75,false
2021-12-03 22:03:40,2021-12-04 22:53:46,UTC+01:00,2021-12-03 22:03:40,2021-12-04 07:19:31,90,13.5,513,554,196,117,200,41,571,48,92,78,false
2021-12-02 21:03:59,2021-12-03 22:03:40,UTC+01:00,2021-12-02 21:03:59,2021-12-03 06:00:17,84,13.6,448,536,190,84,174,88,531,51,83,88,false
2021-12-01 21:27:11,2021-12-02 21:03:59,UTC+01:00,2021-12-01 21:27:11,2021-12-02 06:03:46,83,13.4,474,501,169,106,199,27,570,57,94,84,false
2021-11-30 22:01:11,2021-12-01 21:27:11,UTC+01:00,2021-11-30 22:01:11,2021-12-01 06:01:28,81,13.4,456,478,169,107,180,22,561,51,95,82,false
2021-11-29 22:16:48,2021-11-30 22:01:11,UTC+01:00,2021-11-29 22:16:48,2021-11-30 06:00:31,83,13.3,442,463,191,93,158,21,534,48,97,76,false
2021-11-28 21:52:27,2021-11-29 22:16:48,UTC+01:00,2021-11-28 21:52:27,2021-11-29 06:00:11,84,13.5,462,487,203,90,169,25,552,77,94,65,false
2021-11-27 23:59:09,2021-11-28 21:52:27,UTC+01:00,2021-11-27 23:59:09,2021-11-28 07:51:30,67,14.1,419,472,241,67,111,53,622,79,90,69,false
2021-11-26 23:54:40,2021-11-27 23:59:09,UTC+01:00,2021-11-26 23:54:40,2021-11-27 06:49:47,66,14.0,377,410,167,74,136,33,570,63,92,69,false
2021-11-25 22:35:35,2021-11-26 23:54:40,UTC+01:00,2021-11-25 22:35:35,2021-11-26 05:59:34,73,13.5,396,429,194,83,119,33,546,45,92,84,false
2021-11-24 21:07:45,2021-11-25 22:35:35,UTC+01:00,2021-11-24 21:07:45,2021-11-25 05:55:06,85,13.5,472,525,257,78,137,53,558,45,90,87,false
2021-11-23 21:47:20,2021-11-24 21:07:45,UTC+01:00,2021-11-23 21:47:20,2021-11-24 06:02:12,85,13.4,449,495,212,91,146,46,525,36,91,87,false
2021-11-22 21:41:21,2021-11-23 21:47:20,UTC+01:00,2021-11-22 21:41:21,2021-11-23 06:04:49,88,13.6,479,503,215,97,167,24,546,54,95,79,false
2021-11-21 21:47:36,2021-11-22 21:41:21,UTC+01:00,2021-11-21 21:47:36,2021-11-22 06:02:16,82,13.9,462,494,195,103,164,32,561,33,93,78,false
2021-11-20 22:12:51,2021-11-21 21:47:36,UTC+01:00,2021-11-20 22:12:51,2021-11-21 07:16:52,89,13.6,513,543,287,63,163,30,573,67,94,78,false
2021-11-19 23:59:25,2021-11-20 22:12:51,UTC+01:00,2021-11-19 23:59:25,2021-11-20 07:30:29,71,13.5,410,450,164,109,137,40,575,72,91,69,false
2021-11-18 22:40:18,2021-11-19 23:59:25,UTC+01:00,2021-11-18 22:40:18,2021-11-19 06:00:31,69,13.3,390,439,136,89,165,49,564,49,92,92,false
2021-11-17 22:37:44,2021-11-18 22:40:18,UTC+01:00,2021-11-17 22:37:44,2021-11-18 06:26:42,79,13.2,427,451,178,61,188,24,543,56,97,89,false
2021-11-16 22:36:13,2021-11-17 22:37:44,UTC+01:00,2021-11-16 22:36:13,2021-11-17 06:03:02,76,13.3,418,446,178,85,155,28,553,49,93,83,false
2021-11-15 22:11:28,2021-11-16 22:36:13,UTC+01:00,2021-11-15 22:11:28,2021-11-16 06:12:58,79,13.5,436,480,169,94,173,44,552,49,92,78,false
2021-11-14 22:16:16,2021-11-15 22:11:28,UTC+01:00,2021-11-14 22:16:16,2021-11-15 06:07:37,79,13.5,435,470,211,84,140,35,553,60,92,71,false
2021-11-14 00:17:38,2021-11-14 22:16:16,UTC+01:00,2021-11-14 00:17:38,2021-11-14 07:54:09,74,13.6,434,456,139,137,158,22,587,44,95,64,false
2021-11-12 22:57:46,2021-11-14 00:17:38,UTC+01:00,2021-11-12 22:57:46,2021-11-13 07:03:13,81,13.4,437,482,186,83,168,45,542,45,90,79,false
2021-11-11 21:55:07,2021-11-12 22:57:46,UTC+01:00,2021-11-11 21:55:07,2021-11-12 05:56:06,85,13.4,456,480,189,87,180,24,537,44,95,89,false
2021-11-10 22:23:56,2021-11-11 21:55:07,UTC+01:00,2021-11-10 22:23:56,2021-11-11 06:16:37,81,13.6,439,473,172,90,177,34,544,56,93,85,false
2021-11-09 22:35:22,2021-11-10 22:23:56,UTC+01:00,2021-11-09 22:35:22,2021-11-10 06:11:30,76,13.5,422,454,170,93,159,32,554,21,93,79,false
2021-11-08 20:48:27,2021-11-09 22:35:22,UTC+01:00,2021-11-08 20:48:27,2021-11-09 06:15:38,93,13.6,503,563,207,101,195,60,540,39,89,67,false
2021-11-07 22:06:03,2021-11-08 20:48:27,UTC+01:00,2021-11-07 22:06:03,2021-11-08 06:10:45,87,13.5,464,484,269,64,131,20,535,42,96,76,false
2021-11-06 23:25:25,2021-11-07 22:06:03,UTC+01:00,2021-11-06 23:25:25,2021-11-07 07:46:31,82,13.8,429,494,147,95,187,65,524,51,87,76,false
2021-11-05 22:42:55,2021-11-06 23:25:25,UTC+01:00,2021-11-05 22:42:55,2021-11-06 07:31:32,83,13.4,487,527,192,103,192,40,586,67,92,74,false
2021-11-04 22:55:35,2021-11-05 22:42:55,UTC+01:00,2021-11-04 22:55:35,2021-11-05 06:02:13,71,13.8,376,426,243,30,103,50,530,42,90,82,false
2021-11-03 21:28:32,2021-11-04 22:55:35,UTC+01:00,2021-11-03 21:28:32,2021-11-04 06:00:20,86,13.6,484,511,204,105,175,27,565,39,94,90,false
2021-11-02 21:49:02,2021-11-03 21:28:32,UTC+01:00,2021-11-02 21:49:02,2021-11-03 05:45:17,83,13.5,446,476,199,73,174,30,539,36,94,91,false
2021-11-01 21:36:58,2021-11-02 21:49:02,UTC+01:00,2021-11-01 21:36:58,2021-11-02 06:06:28,88,13.6,469,508,201,100,168,39,535,18,92,87,false
2021-10-31 23:01:23,2021-11-01 22:36:58,UTC+02:00,2021-10-31 23:01:23,2021-11-01 07:16:56,94,13.7,478,494,235,109,134,16,508,33,96,80,false
2021-10-30 23:34:34,2021-10-31 23:01:23,UTC+02:00,2021-10-30 23:34:34,2021-10-31 07:59:38,89,13.6,473,505,217,74,182,32,531,51,93,69,false
2021-10-29 22:50:52,2021-10-30 23:34:34,UTC+02:00,2021-10-29 22:50:52,2021-10-30 06:59:47,83,13.6,451,489,197,84,170,38,547,63,92,80,false
2021-10-28 22:13:48,2021-10-29 22:50:52,UTC+02:00,2021-10-28 22:13:48,2021-10-29 06:08:21,79,13.5,437,474,213,65,159,37,554,58,92,92,false
2021-10-27 22:11:59,2021-10-28 22:13:48,UTC+02:00,2021-10-27 22:11:59,2021-10-28 06:02:51,75,13.4,436,467,196,94,146,31,578,54,93,87,false
2021-10-26 21:31:25,2021-10-27 22:11:59,UTC+02:00,2021-10-26 21:31:25,2021-10-27 06:02:59,82,14.2,458,511,228,58,172,53,556,58,91,78,false
2021-10-25 22:21:53,2021-10-26 21:31:25,UTC+02:00,2021-10-25 22:21:53,2021-10-26 06:03:23,75,13.5,415,457,223,65,127,42,555,63,91,82,false
2021-10-24 23:13:51,2021-10-25 22:21:53,UTC+02:00,2021-10-24 23:13:51,2021-10-25 06:10:33,73,13.5,370,416,201,65,104,46,508,27,91,77,false
2021-10-23 22:08:22,2021-10-24 23:13:51,UTC+02:00,2021-10-23 22:08:22,2021-10-24 07:47:10,91,14.0,549,573,277,111,161,24,601,58,95,77,false
2021-10-22 23:11:22,2021-10-23 22:08:22,UTC+02:00,2021-10-22 23:11:22,2021-10-23 06:59:37,75,13.5,418,468,178,88,152,50,556,53,89,82,false
2021-10-21 22:26:07,2021-10-22 23:11:22,UTC+02:00,2021-10-21 22:26:07,2021-10-22 06:00:30,77,13.6,420,453,198,83,139,33,544,58,93,89,false
2021-10-20 22:22:50,2021-10-21 22:26:07,UTC+02:00,2021-10-20 22:22:50,2021-10-21 05:49:10,75,13.6,403,436,174,78,151,33,536,60,92,85,false
2021-10-19 23:20:52,2021-10-20 22:22:50,UTC+02:00,2021-10-19 23:20:52,2021-10-20 06:47:45,74,13.5,410,447,164,92,154,37,551,51,92,81,false
2021-10-18 22:23:53,2021-10-19 23:20:52,UTC+02:00,2021-10-18 22:23:53,2021-10-19 06:02:27,78,13.3,422,459,216,52,154,37,545,49,92,81,false
2021-10-17 22:25:25,2021-10-18 22:23:53,UTC+02:00,2021-10-17 22:25:25,2021-10-18 06:02:12,79,13.5,427,456,220,59,148,29,543,44,93,85,false
2021-10-16 23:29:29,2021-10-17 22:25:25,UTC+02:00,2021-10-16 23:29:29,2021-10-17 07:22:44,81,13.5,425,472,160,103,162,47,526,9,90,77,false
2021-10-15 22:30:15,2021-10-16 23:29:29,UTC+02:00,2021-10-15 22:30:15,2021-10-16 07:22:53,97,13.5,495,530,224,98,173,35,509,18,93,81,false
2021-10-14 21:30:14,2021-10-15 22:30:15,UTC+02:00,2021-10-14 21:30:14,2021-10-15 06:18:33,94,13.7,474,527,239,120,115,53,504,30,90,84,false
2021-10-13 21:43:05,2021-10-14 21:30:14,UTC+02:00,2021-10-13 21:43:05,2021-10-14 07:11:26,90,13.6,524,567,294,91,139,43,584,60,92,84,false
2021-10-12 21:58:49,2021-10-13 21:43:05,UTC+02:00,2021-10-12 21:58:49,2021-10-13 06:10:19,80,13.5,458,480,210,113,135,22,570,57,95,89,false
2021-10-11 22:04:52,2021-10-12 21:58:49,UTC+02:00,2021-10-11 22:04:52,2021-10-12 06:16:36,81,13.4,456,490,214,106,136,34,565,57,92,84,false
2021-10-10 21:59:47,2021-10-11 22:04:52,UTC+02:00,2021-10-10 21:59:47,2021-10-11 06:09:00,81,13.4,435,488,149,102,184,53,538,63,90,80,false
2021-10-09 23:02:56,2021-10-10 21:59:47,UTC+02:00,2021-10-09 23:02:56,2021-10-10 07:03:08,79,13.2,436,479,153,95,188,43,549,67,93,90,false
2021-10-08 23:14:52,2021-10-09 23:02:56,UTC+02:00,2021-10-08 23:14:52,2021-10-09 07:01:52,71,13.3,417,462,126,86,205,45,583,72,91,85,false
2021-10-07 23:12:09,2021-10-08 23:14:52,UTC+02:00,2021-10-07 23:12:09,2021-10-08 06:10:30,69,13.5,398,418,187,76,135,20,580,56,96,89,false
2021-10-06 22:53:00,2021-10-07 23:12:09,UTC+02:00,2021-10-06 22:53:00,2021-10-07 06:13:03,76,13.4,413,437,159,86,168,24,544,60,96,86,false
2021-10-05 21:51:34,2021-10-06 22:53:00,UTC+02:00,2021-10-05 21:51:34,2021-10-06 06:10:37,80,13.3,481,498,252,87,142,17,601,79,96,81,false
2021-10-04 23:14:02,2021-10-05 21:51:34,UTC+02:00,2021-10-04 23:14:02,2021-10-05 06:00:29,66,13.4,372,405,153,90,129,33,562,42,94,83,false
2021-10-03 21:59:09,2021-10-04 23:14:02,UTC+02:00,2021-10-03 21:59:09,2021-10-04 06:16:53,86,13.6,462,497,194,100,168,35,536,53,92,77,false
2021-10-02 23:11:33,2021-10-03 21:59:09,UTC+02:00,2021-10-02 23:11:33,2021-10-03 07:32:36,77,13.5,453,501,188,109,156,48,592,65,91,73,false
2021-10-01 22:49:28,2021-10-02 23:11:33,UTC+02:00,2021-10-01 22:49:28,2021-10-02 06:25:00,72,13.7,404,455,173,101,130,51,562,24,89,79,false
2021-09-30 21:40:00,2021-10-01 22:49:28,UTC+02:00,2021-09-30 21:40:00,2021-10-01 06:36:19,92,13.7,494,536,246,81,167,42,536,51,92,76,false
2021-09-29 21:23:38,2021-09-30 21:40:00,UTC+02:00,2021-09-29 21:23:38,2021-09-30 06:10:45,78,13.6,497,522,239,105,153,25,641,131,95,67,false
2021-09-29 01:24:02,2021-09-29 21:23:38,UTC+02:00,2021-09-29 01:24:02,2021-09-29 06:15:44,44,13.7,254,291,86,70,98,37,571,53,91,61,false
2021-09-27 22:40:30,2021-09-29 01:24:02,UTC+02:00,2021-09-27 22:40:30,2021-09-28 06:00:13,77,13.6,395,439,203,80,112,44,511,27,90,89,false
2021-09-26 22:32:32,2021-09-27 22:40:30,UTC+02:00,2021-09-26 22:32:32,2021-09-27 07:15:53,91,13.5,486,522,207,85,194,36,534,46,93,86,false
2021-09-25 22:47:44,2021-09-26 22:32:32,UTC+02:00,2021-09-25 22:47:44,2021-09-26 06:31:15,80,13.4,424,456,255,56,113,32,531,36,93,78,false
2021-09-24 21:56:18,2021-09-25 22:47:44,UTC+02:00,2021-09-24 21:56:18,2021-09-25 07:12:36,88,13.8,487,555,199,107,181,68,550,33,88,84,false
2021-09-23 21:57:58,2021-09-24 21:56:18,UTC+02:00,2021-09-23 21:57:58,2021-09-24 06:09:00,89,13.9,451,489,260,83,108,38,508,27,92,87,false
2021-09-22 21:20:53,2021-09-23 21:57:58,UTC+02:00,2021-09-22 21:20:53,2021-09-23 06:34:00,91,13.8,484,553,219,119,146,69,532,6,87,83,false
2021-09-21 20:37:00,2021-09-22 21:20:53,UTC+02:00,2021-09-21 20:37:00,2021-09-22 06:33:05,98,13.6,535,596,231,109,195,61,545,48,91,69,false
2021-09-20 21:42:18,2021-09-21 20:37:00,UTC+02:00,2021-09-20 21:42:18,2021-09-21 06:09:58,84,13.4,453,499,219,82,152,46,543,33,90,69,false
2021-09-19 21:56:49,2021-09-20 21:42:18,UTC+02:00,2021-09-19 21:56:49,2021-09-20 06:00:23,89,13.2,454,483,253,71,130,29,512,36,95,73,false
2021-09-18 23:17:01,2021-09-19 21:56:49,UTC+02:00,2021-09-18 23:17:01,2021-09-19 08:05:33,88,13.3,486,528,151,116,219,42,550,57,92,82,false
2021-09-17 23:33:55,2021-09-18 23:17:01,UTC+02:00,2021-09-17 23:33:55,2021-09-18 07:52:28,81,13.6,449,498,183,94,172,49,552,74,92,73,false
2021-09-16 23:27:04,2021-09-17 23:33:55,UTC+02:00,2021-09-16 23:27:04,2021-09-17 06:45:49,68,13.4,402,438,136,119,147,36,589,53,91,76,false
2021-09-15 22:25:49,2021-09-16 23:27:04,UTC+02:00,2021-09-15 22:25:49,2021-09-16 06:31:20,77,13.5,440,484,221,79,140,44,570,58,93,84,false
2021-09-14 21:59:00,2021-09-15 22:25:49,UTC+02:00,2021-09-14 21:59:00,2021-09-15 05:48:49,75,13.5,422,469,183,48,191,47,560,48,91,86,false
2021-09-13 21:24:01,2021-09-14 21:59:00,UTC+02:00,2021-09-13 21:24:01,2021-09-14 06:00:21,84,13.6,467,515,234,76,157,48,556,67,93,80,false
2021-09-12 22:35:39,2021-09-13 21:24:01,UTC+02:00,2021-09-12 22:35:39,2021-09-13 05:45:17,71,13.7,389,429,166,83,140,40,544,48,90,81,false
2021-09-11 21:26:46,2021-09-12 22:35:39,UTC+02:00,2021-09-11 21:26:46,2021-09-12 07:07:38,84,13.9,518,579,192,122,204,61,614,72,89,79,false
2021-09-10 23:22:41,2021-09-11 21:26:46,UTC+02:00,2021-09-10 23:22:41,2021-09-11 06:13:40,69,13.8,365,400,180,63,122,35,528,49,91,80,false
2021-09-09 21:44:46,2021-09-10 23:22:41,UTC+02:00,2021-09-09 21:44:46,2021-09-10 06:12:01,79,13.9,455,507,197,97,161,52,575,49,89,84,false
2021-09-08 22:19:51,2021-09-09 21:44:46,UTC+02:00,2021-09-08 22:19:51,2021-09-09 07:03:43,79,13.8,466,522,220,80,166,56,587,51,91,84,false
2021-09-07 21:48:54,2021-09-08 22:19:51,UTC+02:00,2021-09-07 21:48:54,2021-09-08 06:15:58,83,13.7,463,506,195,108,160,43,560,63,92,82,false
2021-09-06 22:49:12,2021-09-07 21:48:54,UTC+02:00,2021-09-06 22:49:12,2021-09-07 06:15:44,73,13.4,433,446,212,77,144,13,596,67,97,88,false
2021-09-05 23:00:11,2021-09-06 22:49:12,UTC+02:00,2021-09-05 23:00:11,2021-09-06 06:16:12,71,13.6,391,436,221,51,119,45,550,42,89,83,false
2021-09-04 23:18:31,2021-09-05 23:00:11,UTC+02:00,2021-09-04 23:18:31,2021-09-05 07:16:25,82,13.5,443,475,206,95,142,32,541,42,93,76,false
2021-09-03 22:26:14,2021-09-04 23:18:31,UTC+02:00,2021-09-03 22:26:14,2021-09-04 06:31:05,82,13.4,444,484,157,109,178,40,539,45,92,85,false
2021-09-02 22:11:43,2021-09-03 22:26:14,UTC+02:00,2021-09-02 22:11:43,2021-09-03 06:00:00,85,13.5,422,468,212,104,106,46,494,9,90,85,false
2021-09-01 20:58:53,2021-09-02 22:11:43,UTC+02:00,2021-09-01 20:58:53,2021-09-02 07:00:23,97,13.6,552,600,263,104,185,48,571,36,91,79,false
2021-08-31 21:51:51,2021-09-01 20:58:53,UTC+02:00,2021-08-31 21:51:51,2021-09-01 06:44:18,88,13.7,494,532,235,121,138,38,561,48,93,83,false
2021-08-30 21:51:16,2021-08-31 21:51:51,UTC+02:00,2021-08-30 21:51:16,2021-08-31 06:24:00,84,13.3,469,511,239,83,147,42,558,51,93,72,false
2021-08-29 22:23:44,2021-08-30 21:51:16,UTC+02:00,2021-08-29 22:23:44,2021-08-30 06:02:42,83,13.8,410,449,169,78,163,39,494,6,94,80,false
2021-08-28 22:04:45,2021-08-29 22:23:44,UTC+02:00,2021-08-28 22:04:45,2021-08-29 07:44:03,98,13.8,516,578,307,51,158,62,529,58,89,69,false
2021-08-28 00:47:00,2021-08-28 22:04:45,UTC+02:00,2021-08-28 00:47:00,2021-08-28 08:12:06,75,13.8,425,444,196,72,157,19,569,89,96,72,false
2021-08-26 23:56:27,2021-08-28 00:47:00,UTC+02:00,2021-08-26 23:56:27,2021-08-27 06:47:15,62,13.5,354,409,134,94,126,55,567,39,88,84,false
2021-08-25 22:41:28,2021-08-26 23:56:27,UTC+02:00,2021-08-25 22:41:28,2021-08-26 07:26:42,87,13.7,488,524,195,112,181,36,560,58,93,79,false
2021-08-24 23:22:51,2021-08-25 22:41:28,UTC+02:00,2021-08-24 23:22:51,2021-08-25 07:40:15,75,13.8,443,497,132,118,193,54,592,72,91,76,false
2021-08-23 23:25:39,2021-08-24 23:22:51,UTC+02:00,2021-08-23 23:25:39,2021-08-24 07:00:00,69,13.4,417,454,172,76,169,37,605,93,91,64,false
2021-08-23 01:13:58,2021-08-23 23:25:39,UTC+02:00,2021-08-23 01:13:58,2021-08-23 07:00:41,60,13.6,315,339,156,65,94,24,521,49,92,62,false
2021-08-22 01:14:19,2021-08-23 01:13:58,UTC+02:00,2021-08-22 01:14:19,2021-08-22 08:00:15,79,13.9,372,405,206,77,89,33,473,0,91,48,false
2021-08-20 22:54:19,2021-08-22 01:14:19,UTC+02:00,2021-08-20 22:54:19,2021-08-21 07:53:49,100,16.9,486,533,285,58,143,47,292,0,91,39,false
2021-08-19 21:20:00,2021-08-20 22:54:19,UTC+02:00,2021-08-20 12:47:55,2021-08-20 15:53:55,38,16.9,180,186,142,23,15,6,471,0,97,,true
2021-08-19 21:20:00,2021-08-20 22:54:19,UTC+02:00,2021-08-19 21:20:00,2021-08-20 09:00:00,100,18.1,591,700,519,51,21,109,554,36,84,58,false
2021-08-18 21:33:11,2021-08-19 21:20:00,UTC+02:00,2021-08-18 21:33:11,2021-08-19 06:19:53,88,13.7,486,518,177,101,208,32,554,74,93,75,false
2021-08-17 23:40:46,2021-08-18 21:33:11,UTC+02:00,2021-08-17 23:40:46,2021-08-18 06:17:21,68,13.4,375,394,112,95,168,19,548,66,95,86,false
2021-08-16 22:55:01,2021-08-17 23:40:46,UTC+02:00,2021-08-16 22:55:01,2021-08-17 06:38:09,78,13.6,432,463,207,68,157,31,552,67,93,88,false
2021-08-15 22:45:06,2021-08-16 22:55:01,UTC+02:00,2021-08-15 22:45:06,2021-08-16 06:00:23,71,13.7,391,434,170,62,159,43,548,53,92,87,false
2021-08-14 23:34:52,2021-08-15 22:45:06,UTC+02:00,2021-08-14 23:34:52,2021-08-15 06:59:54,77,13.3,420,444,163,82,175,24,548,66,94,86,false
2021-08-13 23:09:33,2021-08-14 23:34:52,UTC+02:00,2021-08-13 23:09:33,2021-08-14 07:11:17,78,13.4,433,480,203,81,149,47,552,72,90,87,false
2021-08-12 22:58:42,2021-08-13 23:09:33,UTC+02:00,2021-08-12 22:58:42,2021-08-13 06:00:14,69,13.6,392,421,164,77,151,29,568,57,93,87,false
2021-08-11 23:02:02,2021-08-12 22:58:42,UTC+02:00,2021-08-11 23:02:02,2021-08-12 06:59:12,81,13.7,439,476,186,88,165,37,542,63,92,84,false
2021-08-10 22:35:10,2021-08-11 23:02:02,UTC+02:00,2021-08-10 22:35:10,2021-08-11 06:00:21,73,13.6,403,444,208,69,126,41,550,58,91,84,false
2021-08-09 22:49:36,2021-08-10 22:35:10,UTC+02:00,2021-08-09 22:49:36,2021-08-10 07:07:23,75,13.6,438,495,145,114,179,57,582,39,90,82,false
2021-08-08 21:48:08,2021-08-09 22:49:36,UTC+02:00,2021-08-08 21:48:08,2021-08-09 06:00:21,87,13.3,454,491,148,118,188,37,523,15,92,70,false
2021-08-07 22:59:51,2021-08-08 21:48:08,UTC+02:00,2021-08-07 22:59:51,2021-08-08 07:54:09,95,13.7,500,534,201,97,202,34,528,57,93,79,false
2021-08-06 23:23:08,2021-08-07 22:59:51,UTC+02:00,2021-08-06 23:23:08,2021-08-07 07:11:06,81,13.5,438,466,184,106,148,28,542,65,93,77,false
2021-08-05 22:47:13,2021-08-06 23:23:08,UTC+02:00,2021-08-05 22:47:13,2021-08-06 06:00:13,72,13.4,408,433,135,85,188,25,565,65,94,92,false
2021-08-04 22:27:10,2021-08-05 22:47:13,UTC+02:00,2021-08-04 22:27:10,2021-08-05 06:09:18,72,13.4,416,457,134,107,175,41,577,66,91,88,false
2021-08-03 22:17:06,2021-08-04 22:27:10,UTC+02:00,2021-08-03 22:17:06,2021-08-04 06:09:33,78,13.5,429,462,147,102,180,33,549,58,92,79,false
2021-08-02 22:24:35,2021-08-03 22:17:06,UTC+02:00,2021-08-02 22:24:35,2021-08-03 06:01:03,75,13.2,425,455,145,101,179,30,568,58,93,74,false
2021-08-01 23:09:23,2021-08-02 22:24:35,UTC+02:00,2021-08-01 23:09:23,2021-08-02 06:08:51,75,13.8,388,414,154,74,160,26,517,42,93,80,false
2021-07-31 23:23:54,2021-08-01 23:09:23,UTC+02:00,2021-07-31 23:23:54,2021-08-01 08:05:00,86,13.6,475,521,192,110,173,46,554,48,91,77,false
2021-07-30 23:38:07,2021-07-31 23:23:54,UTC+02:00,2021-07-30 23:38:07,2021-07-31 08:00:24,84,13.5,446,501,224,74,148,55,532,58,90,65,false
2021-07-29 22:17:42,2021-07-30 23:38:07,UTC+02:00,2021-07-29 22:17:42,2021-07-30 06:04:09,75,13.2,424,465,177,83,164,41,565,82,91,94,false
2021-07-28 22:36:05,2021-07-29 22:17:42,UTC+02:00,2021-07-28 22:36:05,2021-07-29 06:00:18,65,14.1,393,443,194,71,128,50,608,65,89,88,false
2021-07-27 22:18:49,2021-07-28 22:36:05,UTC+02:00,2021-07-27 22:18:49,2021-07-28 06:00:18,72,13.5,406,460,236,71,99,54,567,56,91,78,false
2021-07-26 22:25:45,2021-07-27 22:18:49,UTC+02:00,2021-07-26 22:25:45,2021-07-27 06:00:53,76,13.4,419,454,218,58,143,35,550,67,92,67,false
2021-07-25 22:52:21,2021-07-26 22:25:45,UTC+02:00,2021-07-25 22:52:21,2021-07-26 06:00:19,71,13.7,384,427,184,81,119,43,542,46,90,88,false
2021-07-25 00:03:23,2021-07-25 22:52:21,UTC+02:00,2021-07-25 00:03:23,2021-07-25 07:50:56,80,13.9,413,466,175,83,155,53,516,42,90,88,false
2021-07-23 23:27:23,2021-07-25 00:03:23,UTC+02:00,2021-07-23 23:27:23,2021-07-24 08:02:25,82,14.0,450,512,192,121,137,62,550,30,88,91,false
2021-07-22 23:05:07,2021-07-23 23:27:23,UTC+02:00,2021-07-22 23:05:07,2021-07-23 07:59:47,90,13.8,456,532,219,95,142,76,505,6,85,94,false
2021-07-21 23:07:12,2021-07-22 23:05:07,UTC+02:00,2021-07-21 23:07:12,2021-07-22 08:12:40,98,13.8,497,542,252,97,148,45,505,27,91,90,false
2021-07-20 23:03:54,2021-07-21 23:07:12,UTC+02:00,2021-07-20 23:03:54,2021-07-21 08:24:05,91,13.4,527,558,262,86,179,31,578,51,94,86,false
2021-07-19 23:05:58,2021-07-20 23:03:54,UTC+02:00,2021-07-19 23:05:58,2021-07-20 07:03:30,83,13.8,439,477,202,95,142,38,530,21,92,88,false
2021-07-18 23:14:34,2021-07-19 23:05:58,UTC+02:00,2021-07-18 23:14:34,2021-07-19 07:55:13,93,13.6,491,519,174,114,203,28,530,54,94,86,false
2021-07-17 23:42:07,2021-07-18 23:14:34,UTC+02:00,2021-07-17 23:42:07,2021-07-18 07:54:08,82,13.7,451,489,179,107,165,38,549,60,92,79,false
2021-07-16 23:40:17,2021-07-17 23:42:07,UTC+02:00,2021-07-16 23:40:17,2021-07-17 07:14:21,74,14.4,423,451,234,66,123,28,575,98,94,78,false
2021-07-15 23:13:48,2021-07-16 23:40:17,UTC+02:00,2021-07-15 23:13:48,2021-07-16 05:45:38,58,13.9,342,390,132,74,136,48,591,63,89,88,false
2021-07-14 22:58:13,2021-07-15 23:13:48,UTC+02:00,2021-07-14 22:58:13,2021-07-15 06:25:36,73,13.5,395,447,167,77,151,52,542,56,89,86,false
2021-07-13 22:37:58,2021-07-14 22:58:13,UTC+02:00,2021-07-13 22:37:58,2021-07-14 06:08:29,76,13.5,410,446,191,90,129,36,538,49,93,81,false
2021-07-12 22:09:13,2021-07-13 22:37:58,UTC+02:00,2021-07-12 22:09:13,2021-07-13 06:05:47,79,14.1,424,470,195,76,153,46,539,48,92,87,false
2021-07-11 23:07:18,2021-07-12 22:09:13,UTC+02:00,2021-07-11 23:07:18,2021-07-12 07:05:08,84,13.7,448,474,150,112,186,26,534,24,94,87,false
2021-07-10 22:58:00,2021-07-11 23:07:18,UTC+02:00,2021-07-10 22:58:00,2021-07-11 07:38:08,92,13.7,491,519,262,107,122,28,532,48,94,84,false
2021-07-09 22:46:23,2021-07-10 22:58:00,UTC+02:00,2021-07-09 22:46:23,2021-07-10 07:00:24,84,13.7,461,493,172,85,204,32,546,45,93,86,false
2021-07-08 21:54:09,2021-07-09 22:46:23,UTC+02:00,2021-07-08 21:54:09,2021-07-09 07:05:03,85,13.7,504,550,264,103,137,46,592,67,91,80,false
2021-07-07 23:42:42,2021-07-08 21:54:09,UTC+02:00,2021-07-07 23:42:42,2021-07-08 07:14:05,71,13.5,400,451,170,79,151,51,562,75,91,77,false
2021-07-06 22:18:37,2021-07-07 23:42:42,UTC+02:00,2021-07-06 22:18:37,2021-07-07 06:00:13,75,13.8,415,458,198,73,144,43,554,69,91,88,false
2021-07-05 22:48:31,2021-07-06 22:18:37,UTC+02:00,2021-07-05 22:48:31,2021-07-06 06:26:27,77,12.9,422,445,192,81,149,23,548,54,94,86,false
2021-07-04 22:36:34,2021-07-05 22:48:31,UTC+02:00,2021-07-04 22:36:34,2021-07-05 07:09:41,82,13.4,463,510,203,81,179,47,561,79,91,84,false
2021-07-03 22:57:50,2021-07-04 22:36:34,UTC+02:00,2021-07-03 22:57:50,2021-07-04 06:15:48,66,13.7,409,437,177,73,159,28,619,77,93,89,false
2021-07-02 23:37:12,2021-07-03 22:57:50,UTC+02:00,2021-07-02 23:37:12,2021-07-03 06:28:45,67,13.4,375,409,203,61,111,34,558,67,91,84,false
2021-07-01 22:29:29,2021-07-02 23:37:12,UTC+02:00,2021-07-01 22:29:29,2021-07-02 06:15:27,71,13.5,431,464,271,74,86,33,605,77,94,76,false
2021-06-30 23:00:06,2021-07-01 22:29:29,UTC+02:00,2021-06-30 23:00:06,2021-07-01 06:16:09,67,13.4,398,426,184,87,127,28,598,82,93,84,false
2021-06-29 23:49:31,2021-06-30 23:00:06,UTC+02:00,2021-06-29 23:49:31,2021-06-30 07:14:50,65,13.4,399,441,205,66,128,42,611,78,90,86,false
2021-06-28 23:56:57,2021-06-29 23:49:31,UTC+02:00,2021-06-28 23:56:57,2021-06-29 07:18:00,74,13.2,410,441,195,69,146,31,554,69,93,80,false
2021-06-27 23:28:23,2021-06-28 23:56:57,UTC+02:00,2021-06-27 23:28:23,2021-06-28 06:58:29,77,13.3,421,450,179,76,166,29,549,57,93,79,false
2021-06-27 00:18:22,2021-06-27 23:28:23,UTC+02:00,2021-06-27 00:18:22,2021-06-27 08:11:19,81,13.3,443,472,189,108,146,29,547,72,93,79,false
2021-06-26 01:32:11,2021-06-27 00:18:22,UTC+02:00,2021-06-26 01:32:11,2021-06-26 08:38:00,69,13.9,387,425,197,84,106,38,561,72,92,62,false
2021-06-25 00:12:03,2021-06-26 01:32:11,UTC+02:00,2021-06-25 00:12:03,2021-06-25 08:15:52,76,13.7,450,483,191,101,158,33,589,65,93,67,false
2021-06-23 22:46:32,2021-06-25 00:12:03,UTC+02:00,2021-06-23 22:46:32,2021-06-24 06:46:41,72,13.7,430,480,173,94,163,50,597,91,90,84,false
2021-06-22 23:35:57,2021-06-23 22:46:32,UTC+02:00,2021-06-22 23:35:57,2021-06-23 06:11:25,61,13.4,357,395,197,58,102,38,584,56,90,73,false
2021-06-21 22:34:20,2021-06-22 23:35:57,UTC+02:00,2021-06-21 22:34:20,2021-06-22 06:03:50,76,13.6,405,449,208,85,112,44,537,63,90,74,false
2021-06-20 23:06:37,2021-06-21 22:34:20,UTC+02:00,2021-06-20 23:06:37,2021-06-21 06:50:58,73,13.8,408,464,215,96,97,56,561,57,89,70,false
2021-06-19 22:35:35,2021-06-20 23:06:37,UTC+02:00,2021-06-19 22:35:35,2021-06-20 07:40:15,81,16.9,497,544,306,68,123,47,614,119,92,60,false
2021-06-19 03:24:16,2021-06-19 22:35:35,UTC+02:00,2021-06-19 03:24:16,2021-06-19 08:23:02,49,13.4,277,298,99,74,104,21,560,70,92,34,false
2021-06-17 22:51:54,2021-06-19 03:24:16,UTC+02:00,2021-06-17 22:51:54,2021-06-18 05:59:29,70,13.6,402,427,175,95,132,25,575,42,94,84,false
2021-06-16 22:18:59,2021-06-17 22:51:54,UTC+02:00,2021-06-16 22:18:59,2021-06-17 06:03:29,82,13.4,439,464,203,101,135,25,536,49,94,80,false
2021-06-15 22:28:05,2021-06-16 22:18:59,UTC+02:00,2021-06-15 22:28:05,2021-06-16 06:59:45,79,13.5,465,511,173,89,203,46,592,51,92,77,false
2021-06-14 23:08:43,2021-06-15 22:28:05,UTC+02:00,2021-06-14 23:08:43,2021-06-15 06:03:59,78,13.6,377,415,222,72,83,38,485,42,90,61,false
2021-06-13 22:24:46,2021-06-14 23:08:43,UTC+02:00,2021-06-14 14:46:54,2021-06-14 16:28:02,15,13.5,84,101,33,40,11,17,554,42,93,,true
2021-06-13 22:24:46,2021-06-14 23:08:43,UTC+02:00,2021-06-13 22:24:46,2021-06-14 06:03:50,82,13.7,420,459,209,80,131,39,513,0,91,87,false
2021-06-12 22:10:58,2021-06-13 22:24:46,UTC+02:00,2021-06-12 22:10:58,2021-06-13 07:15:25,100,13.1,506,544,248,77,181,38,502,0,93,80,false
2021-06-11 22:57:28,2021-06-12 22:10:58,UTC+02:00,2021-06-11 22:57:28,2021-06-12 07:59:59,100,13.6,518,542,247,78,193,24,512,21,95,72,false
2021-06-10 22:30:39,2021-06-11 22:57:28,UTC+02:00,2021-06-10 22:30:39,2021-06-11 06:45:19,93,13.8,470,494,212,82,176,24,507,27,95,84,false
2021-06-09 21:57:02,2021-06-10 22:30:39,UTC+02:00,2021-06-09 21:57:02,2021-06-10 06:34:42,91,13.7,484,512,187,100,197,28,530,33,94,85,false
2021-06-08 21:17:20,2021-06-09 21:57:02,UTC+02:00,2021-06-08 21:17:20,2021-06-09 06:10:41,89,13.9,491,532,210,88,193,41,550,60,92,73,false
2021-06-07 22:01:32,2021-06-08 21:17:20,UTC+02:00,2021-06-07 22:01:32,2021-06-08 06:03:19,80,13.7,442,481,195,79,168,39,554,51,94,70,false
2021-06-06 22:22:02,2021-06-07 22:01:32,UTC+02:00,2021-06-06 22:22:02,2021-06-07 06:00:39,83,13.8,420,447,200,84,136,27,504,30,94,72,false
2021-06-05 22:54:26,2021-06-06 22:22:02,UTC+02:00,2021-06-05 22:54:26,2021-06-06 08:01:22,90,13.7,494,545,204,104,186,51,549,77,90,71,false
2021-06-05 00:47:27,2021-06-05 22:54:26,UTC+02:00,2021-06-05 00:47:27,2021-06-05 07:32:04,67,13.5,384,403,164,90,130,19,573,70,95,69,false
2021-06-04 00:05:30,2021-06-05 00:47:27,UTC+02:00,2021-06-04 00:05:30,2021-06-04 06:59:46,70,13.4,385,414,189,56,140,29,551,39,93,71,false
2021-06-02 21:30:18,2021-06-04 00:05:30,UTC+02:00,2021-06-02 21:30:18,2021-06-03 06:05:43,87,13.3,491,515,226,91,174,24,565,79,95,74,false
2021-06-02 00:00:06,2021-06-02 21:30:18,UTC+02:00,2021-06-02 00:00:06,2021-06-02 06:02:26,66,13.5,347,362,156,57,134,15,529,54,95,77,false
2021-05-31 22:11:41,2021-06-02 00:00:06,UTC+02:00,2021-05-31 22:11:41,2021-06-01 06:03:50,82,13.7,451,467,229,71,151,16,549,68,96,71,false
2021-05-30 23:03:26,2021-05-31 22:11:41,UTC+02:00,2021-05-30 23:03:26,2021-05-31 06:08:59,71,13.2,392,423,174,80,138,31,554,69,94,76,false
2021-05-29 23:51:44,2021-05-30 23:03:26,UTC+02:00,2021-05-29 23:51:44,2021-05-30 07:44:02,77,13.7,436,470,263,73,100,34,565,77,93,78,false
2021-05-29 00:51:35,2021-05-29 23:51:44,UTC+02:00,2021-05-29 00:51:35,2021-05-29 07:32:51,67,13.8,377,391,175,62,140,14,559,84,96,65,false
2021-05-27 23:32:10,2021-05-29 00:51:35,UTC+02:00,2021-05-27 23:32:10,2021-05-28 06:05:41,64,13.5,361,390,176,72,113,29,562,68,93,86,false
2021-05-26 22:42:53,2021-05-27 23:32:10,UTC+02:00,2021-05-26 22:42:53,2021-05-27 06:05:06,71,13.4,406,440,207,79,120,34,570,58,92,91,false
2021-05-25 22:49:51,2021-05-26 22:42:53,UTC+02:00,2021-05-25 22:49:51,2021-05-26 06:08:12,75,13.6,403,427,173,77,153,24,535,51,96,86,false
2021-05-24 22:10:57,2021-05-25 22:49:51,UTC+02:00,2021-05-24 22:10:57,2021-05-25 06:07:50,78,13.4,444,472,201,87,156,28,571,57,96,82,false
2021-05-23 22:35:05,2021-05-24 22:10:57,UTC+02:00,2021-05-23 22:35:05,2021-05-24 06:05:13,81,13.4,429,450,187,92,150,21,529,39,97,78,false
2021-05-22 23:09:52,2021-05-23 22:35:05,UTC+02:00,2021-05-22 23:09:52,2021-05-23 07:51:40,87,13.5,471,512,233,87,151,41,542,54,92,75,false
2021-05-21 22:33:55,2021-05-22 23:09:52,UTC+02:00,2021-05-21 22:33:55,2021-05-22 06:46:11,82,14.0,469,491,282,53,134,22,573,66,95,86,false
2021-05-20 22:10:34,2021-05-21 22:33:55,UTC+02:00,2021-05-20 22:10:34,2021-05-21 06:07:56,78,13.7,447,476,221,83,143,29,571,58,94,92,false
2021-05-19 21:59:52,2021-05-20 22:10:34,UTC+02:00,2021-05-19 21:59:52,2021-05-20 06:00:15,75,13.7,439,480,219,85,135,41,589,68,93,85,false
2021-05-18 22:48:02,2021-05-19 21:59:52,UTC+02:00,2021-05-18 22:48:02,2021-05-19 06:00:42,71,13.7,393,431,178,92,123,38,557,65,91,88,false
2021-05-17 22:45:14,2021-05-18 22:48:02,UTC+02:00,2021-05-17 22:45:14,2021-05-18 06:00:36,72,13.5,415,434,217,74,124,19,576,69,95,83,false
2021-05-16 22:31:54,2021-05-17 22:45:14,UTC+02:00,2021-05-16 22:31:54,2021-05-17 06:02:20,77,13.8,404,447,212,68,124,43,528,56,92,78,false
2021-05-15 23:40:50,2021-05-16 22:31:54,UTC+02:00,2021-05-15 23:40:50,2021-05-16 07:17:52,76,13.7,430,455,142,111,177,25,563,69,94,78,false
2021-05-14 23:09:12,2021-05-15 23:40:50,UTC+02:00,2021-05-14 23:09:12,2021-05-15 07:02:24,77,13.5,457,470,205,71,181,13,590,63,97,79,false
2021-05-13 23:00:58,2021-05-14 23:09:12,UTC+02:00,2021-05-13 23:00:58,2021-05-14 06:09:32,79,13.8,384,421,208,66,110,37,488,72,91,76,false
2021-05-12 23:03:57,2021-05-13 23:00:58,UTC+02:00,2021-05-13 10:17:09,2021-05-13 11:31:48,14,13.5,74,74,22,31,21,0,545,72,100,,true
2021-05-12 23:03:57,2021-05-13 23:00:58,UTC+02:00,2021-05-12 23:03:57,2021-05-13 06:05:06,69,13.6,393,419,97,113,183,26,568,66,95,84,false
2021-05-11 22:01:06,2021-05-12 23:03:57,UTC+02:00,2021-05-11 22:01:06,2021-05-12 06:01:49,78,13.6,437,469,248,90,99,32,557,60,93,82,false
2021-05-10 22:15:33,2021-05-11 22:01:06,UTC+02:00,2021-05-10 22:15:33,2021-05-11 06:02:11,74,13.3,427,464,169,87,171,37,574,57,94,78,false
2021-05-09 22:26:52,2021-05-10 22:15:33,UTC+02:00,2021-05-09 22:26:52,2021-05-10 06:01:07,81,13.7,422,453,215,67,140,31,524,51,93,72,false
2021-05-08 23:32:33,2021-05-09 22:26:52,UTC+02:00,2021-05-08 23:32:33,2021-05-09 08:02:21,83,13.1,474,509,207,117,150,35,571,60,93,73,false
2021-05-07 23:35:01,2021-05-08 23:32:33,UTC+02:00,2021-05-07 23:35:01,2021-05-08 07:00:24,74,13.5,419,442,180,84,155,23,564,63,95,75,false
2021-05-06 22:34:56,2021-05-07 23:35:01,UTC+02:00,2021-05-06 22:34:56,2021-05-07 06:02:28,79,13.5,427,447,260,64,103,20,539,60,95,93,false
2021-05-05 22:20:40,2021-05-06 22:34:56,UTC+02:00,2021-05-05 22:20:40,2021-05-06 06:03:24,74,13.6,432,462,225,73,134,30,580,63,93,90,false
2021-05-04 21:47:47,2021-05-05 22:20:40,UTC+02:00,2021-05-04 21:47:47,2021-05-05 06:02:10,79,13.5,457,490,209,93,155,33,581,72,94,82,false
2021-05-03 22:15:52,2021-05-04 21:47:47,UTC+02:00,2021-05-03 22:15:52,2021-05-04 06:02:01,76,13.2,441,465,204,95,142,24,577,69,94,81,false
2021-05-02 22:47:52,2021-05-03 22:15:52,UTC+02:00,2021-05-02 22:47:52,2021-05-03 06:01:50,77,13.4,406,432,162,87,157,26,529,57,94,83,false
2021-05-01 23:11:32,2021-05-02 22:47:52,UTC+02:00,2021-05-01 23:11:32,2021-05-02 07:00:18,81,13.5,434,467,150,88,196,33,537,63,92,78,false
2021-04-30 23:38:54,2021-05-01 23:11:32,UTC+02:00,2021-04-30 23:38:54,2021-05-01 07:15:46,79,13.6,434,456,222,58,154,22,552,65,95,66,false
2021-04-29 22:01:35,2021-04-30 23:38:54,UTC+02:00,2021-04-29 22:01:35,2021-04-30 05:30:59,72,13.4,402,436,178,59,165,34,555,66,92,95,false
2021-04-28 22:11:58,2021-04-29 22:01:35,UTC+02:00,2021-04-28 22:11:58,2021-04-29 06:00:18,78,13.3,430,468,158,112,160,38,549,75,91,89,false
2021-04-27 21:50:23,2021-04-28 22:11:58,UTC+02:00,2021-04-27 21:50:23,2021-04-28 06:01:46,75,13.6,444,490,203,88,153,46,593,65,90,80,false
2021-04-26 22:09:31,2021-04-27 21:50:23,UTC+02:00,2021-04-26 22:09:31,2021-04-27 06:00:23,72,13.4,429,470,217,56,156,41,600,81,91,78,false
2021-04-25 22:27:40,2021-04-26 22:09:31,UTC+02:00,2021-04-25 22:27:40,2021-04-26 06:04:39,73,13.4,420,456,182,72,166,36,574,100,92,76,false
2021-04-25 01:16:27,2021-04-25 22:27:40,UTC+02:00,2021-04-25 01:16:27,2021-04-25 07:11:59,57,13.7,325,354,194,43,88,29,571,75,92,59,false
2021-04-23 22:35:11,2021-04-25 01:16:27,UTC+02:00,2021-04-23 22:35:11,2021-04-24 07:00:23,75,13.4,449,504,137,123,189,55,603,75,89,81,false
2021-04-22 22:17:02,2021-04-23 22:35:11,UTC+02:00,2021-04-22 22:17:02,2021-04-23 06:00:43,75,13.3,419,461,207,79,133,42,561,63,90,93,false
2021-04-21 21:42:03,2021-04-22 22:17:02,UTC+02:00,2021-04-21 21:42:03,2021-04-22 06:00:43,79,13.6,456,498,218,65,173,42,575,54,91,92,false
2021-04-20 21:31:42,2021-04-21 21:42:03,UTC+02:00,2021-04-20 21:31:42,2021-04-21 06:01:37,82,13.5,480,508,253,82,145,28,583,75,94,80,false
2021-04-19 22:11:27,2021-04-20 21:31:42,UTC+02:00,2021-04-19 22:11:27,2021-04-20 06:04:23,75,13.5,425,471,237,73,115,46,566,54,90,71,false
2021-04-18 21:38:49,2021-04-19 22:11:27,UTC+02:00,2021-04-18 21:38:49,2021-04-19 06:00:27,82,13.3,476,501,224,75,177,25,583,100,95,56,false
2021-04-17 23:53:45,2021-04-18 21:38:49,UTC+02:00,2021-04-17 23:53:45,2021-04-18 05:53:02,57,13.4,322,355,119,64,139,33,563,77,91,82,false
2021-04-17 00:36:58,2021-04-17 23:53:45,UTC+02:00,2021-04-17 00:36:58,2021-04-17 07:30:13,67,13.6,372,410,190,40,142,38,557,84,90,80,false
2021-04-16 01:16:23,2021-04-17 00:36:58,UTC+02:00,2021-04-16 01:16:23,2021-04-16 07:57:27,64,13.8,341,400,105,89,147,59,536,54,85,78,false
2021-04-14 22:44:35,2021-04-16 01:16:23,UTC+02:00,2021-04-14 22:44:35,2021-04-15 07:00:42,82,13.4,479,495,154,117,208,16,586,103,96,67,false
2021-04-14 01:43:01,2021-04-14 22:44:35,UTC+02:00,2021-04-14 01:43:01,2021-04-14 07:31:10,56,14.3,321,346,140,80,101,25,573,86,93,76,false
2021-04-13 01:17:32,2021-04-14 01:43:01,UTC+02:00,2021-04-13 01:17:32,2021-04-13 07:49:48,63,13.8,360,389,170,77,113,29,574,82,93,69,false
2021-04-12 00:33:15,2021-04-13 01:17:32,UTC+02:00,2021-04-12 00:33:15,2021-04-12 07:01:14,65,13.8,352,386,202,30,120,34,544,68,91,70,false
2021-04-10 23:11:04,2021-04-12 00:33:15,UTC+02:00,2021-04-10 23:11:04,2021-04-11 05:59:52,71,13.4,379,408,137,88,154,29,532,42,92,65,false
2021-04-09 23:41:03,2021-04-10 23:11:04,UTC+02:00,2021-04-09 23:41:03,2021-04-10 08:16:12,86,13.7,476,514,155,133,188,38,554,46,92,57,false
2021-04-08 22:11:21,2021-04-09 23:41:03,UTC+02:00,2021-04-08 22:11:21,2021-04-09 06:01:28,80,13.5,424,468,174,105,145,44,528,46,90,82,false
2021-04-07 22:37:19,2021-04-08 22:11:21,UTC+02:00,2021-04-07 22:37:19,2021-04-08 06:05:03,80,13.6,418,442,154,112,152,24,525,3,94,72,false
2021-04-06 19:38:29,2021-04-07 22:37:19,UTC+02:00,2021-04-06 19:38:29,2021-04-07 06:00:33,99,13.7,549,621,284,94,171,72,556,56,88,51,false
2021-04-05 22:49:59,2021-04-06 19:38:29,UTC+02:00,2021-04-05 22:49:59,2021-04-06 06:05:42,76,13.7,408,430,143,104,161,22,534,18,95,82,false
2021-04-04 22:18:36,2021-04-05 22:49:59,UTC+02:00,2021-04-04 22:18:36,2021-04-05 07:05:00,94,13.6,479,525,247,110,122,46,511,36,91,76,false
2021-04-04 00:07:30,2021-04-04 22:18:36,UTC+02:00,2021-04-04 00:07:30,2021-04-04 08:02:27,88,13.4,447,472,224,97,126,25,509,36,94,79,false
2021-04-02 23:14:44,2021-04-04 00:07:30,UTC+02:00,2021-04-02 23:14:44,2021-04-03 07:59:58,88,13.7,490,525,181,124,185,35,555,68,93,80,false
2021-04-01 23:27:39,2021-04-02 23:14:44,UTC+02:00,2021-04-01 23:27:39,2021-04-02 06:32:14,71,13.6,397,422,191,63,143,25,560,56,94,86,false
2021-03-31 22:46:56,2021-04-01 23:27:39,UTC+02:00,2021-03-31 22:46:56,2021-04-01 06:51:25,76,14.0,423,484,214,92,117,61,558,56,87,87,false
2021-03-30 22:44:46,2021-03-31 22:46:56,UTC+02:00,2021-03-30 22:44:46,2021-03-31 06:31:37,76,14.0,443,465,262,71,110,22,581,45,95,81,false
2021-03-29 22:41:41,2021-03-30 22:44:46,UTC+02:00,2021-03-29 22:41:41,2021-03-30 07:03:09,85,13.9,461,501,262,75,124,40,543,53,92,73,false
2021-03-28 22:23:53,2021-03-29 22:41:41,UTC+02:00,2021-03-28 22:23:53,2021-03-29 06:09:31,77,13.7,409,465,215,74,120,56,528,48,87,73,false
2021-03-27 23:00:06,2021-03-28 21:23:53,UTC+01:00,2021-03-27 23:00:06,2021-03-28 07:02:43,84,13.6,450,473,204,77,169,23,537,61,95,80,false
2021-03-26 23:43:00,2021-03-27 23:00:06,UTC+01:00,2021-03-26 23:43:00,2021-03-27 07:40:28,74,13.5,419,476,119,115,185,57,569,51,88,72,false
2021-03-25 22:50:42,2021-03-26 23:43:00,UTC+01:00,2021-03-25 22:50:42,2021-03-26 06:30:13,83,13.4,432,459,201,97,134,27,523,51,94,83,false
2021-03-24 21:59:42,2021-03-25 22:50:42,UTC+01:00,2021-03-24 21:59:42,2021-03-25 06:00:17,83,13.6,461,480,219,92,150,19,554,54,96,79,false
2021-03-23 22:21:17,2021-03-24 21:59:42,UTC+01:00,2021-03-23 22:21:17,2021-03-24 06:32:04,82,13.7,460,480,237,122,101,20,562,56,95,72,false
2021-03-23 00:01:06,2021-03-23 22:21:17,UTC+01:00,2021-03-23 00:01:06,2021-03-23 07:00:13,76,14.1,406,418,152,75,179,12,531,9,97,69,false
2021-03-21 21:00:20,2021-03-23 00:01:06,UTC+01:00,2021-03-21 21:00:20,2021-03-22 06:30:31,97,13.9,523,569,251,89,183,46,541,66,91,58,false
2021-03-20 23:55:53,2021-03-21 21:00:20,UTC+01:00,2021-03-20 23:55:53,2021-03-21 07:55:09,78,13.8,441,476,191,95,155,35,568,93,92,70,false
2021-03-20 01:59:57,2021-03-20 23:55:53,UTC+01:00,2021-03-20 01:59:57,2021-03-20 08:00:57,60,13.7,332,360,113,98,121,28,553,45,93,50,false
2021-03-18 22:38:26,2021-03-20 01:59:57,UTC+01:00,2021-03-18 22:38:26,2021-03-19 06:24:27,85,13.7,446,465,215,76,155,19,524,39,95,91,false
2021-03-17 22:06:15,2021-03-18 22:38:26,UTC+01:00,2021-03-17 22:06:15,2021-03-18 06:45:00,87,13.9,472,518,192,108,172,46,546,57,91,85,false
2021-03-16 22:32:50,2021-03-17 22:06:15,UTC+01:00,2021-03-16 22:32:50,2021-03-17 06:59:26,81,13.8,468,506,224,97,147,38,576,61,92,83,false
2021-03-15 23:31:36,2021-03-16 22:32:50,UTC+01:00,2021-03-15 23:31:36,2021-03-16 06:32:38,74,13.3,396,421,218,57,121,25,537,39,94,82,false
2021-03-14 22:31:40,2021-03-15 23:31:36,UTC+01:00,2021-03-14 22:31:40,2021-03-15 07:02:00,87,13.9,464,508,192,111,161,44,534,57,91,77,false
2021-03-13 23:30:31,2021-03-14 22:31:40,UTC+01:00,2021-03-13 23:30:31,2021-03-14 07:31:43,81,14.1,443,480,222,75,146,37,545,72,92,72,false
2021-03-13 01:14:12,2021-03-13 23:30:31,UTC+01:00,2021-03-13 01:14:12,2021-03-13 08:01:52,69,14.1,389,405,183,47,159,16,564,42,96,60,false
2021-03-11 22:33:47,2021-03-13 01:14:12,UTC+01:00,2021-03-11 22:33:47,2021-03-12 06:35:13,82,13.6,444,478,219,78,147,34,544,51,92,74,false
2021-03-10 21:46:30,2021-03-11 22:33:47,UTC+01:00,2021-03-10 21:46:30,2021-03-11 06:16:04,83,13.8,467,509,264,76,127,42,561,68,91,69,false
2021-03-10 00:15:49,2021-03-10 21:46:30,UTC+01:00,2021-03-10 00:15:49,2021-03-10 07:09:09,71,13.8,390,410,125,97,168,20,550,77,95,87,false
2021-03-09 00:41:24,2021-03-10 00:15:49,UTC+01:00,2021-03-09 00:41:24,2021-03-09 07:31:04,67,13.8,381,409,194,60,127,28,565,39,93,78,false
2021-03-07 23:34:00,2021-03-09 00:41:24,UTC+01:00,2021-03-07 23:34:00,2021-03-08 07:02:50,83,13.7,407,448,139,95,173,41,489,15,91,83,false
2021-03-06 23:15:37,2021-03-07 23:34:00,UTC+01:00,2021-03-06 23:15:37,2021-03-07 08:03:59,95,13.5,499,528,163,131,205,29,526,37,94,82,false
2021-03-05 23:19:13,2021-03-06 23:15:37,UTC+01:00,2021-03-05 23:19:13,2021-03-06 07:33:02,84,13.8,447,486,245,99,103,39,530,33,91,79,false
2021-03-04 22:01:58,2021-03-05 23:19:13,UTC+01:00,2021-03-04 22:01:58,2021-03-05 07:04:40,89,13.6,491,538,240,108,143,47,550,42,91,84,false
2021-03-03 22:48:30,2021-03-04 22:01:58,UTC+01:00,2021-03-03 22:48:30,2021-03-04 06:32:11,86,13.5,444,463,204,86,154,19,516,42,96,81,false
2021-03-02 22:29:45,2021-03-03 22:48:30,UTC+01:00,2021-03-02 22:29:45,2021-03-03 06:36:25,86,13.6,444,480,213,106,125,36,519,0,92,72,false
2021-03-01 20:39:58,2021-03-02 22:29:45,UTC+01:00,2021-03-01 20:39:58,2021-03-02 06:34:17,100,13.7,536,588,230,111,195,52,500,9,91,64,false
2021-02-28 21:01:55,2021-03-01 20:39:58,UTC+01:00,2021-02-28 21:01:55,2021-03-01 06:36:55,97,13.6,513,574,217,95,201,61,529,46,89,61,false
2021-02-27 23:33:27,2021-02-28 21:01:55,UTC+01:00,2021-02-27 23:33:27,2021-02-28 07:27:52,80,13.6,450,474,203,74,173,24,565,89,94,67,false
2021-02-27 01:53:27,2021-02-27 23:33:27,UTC+01:00,2021-02-27 01:53:27,2021-02-27 08:15:39,62,13.9,358,381,244,37,77,23,576,44,94,47,false
2021-02-25 22:41:36,2021-02-27 01:53:27,UTC+01:00,2021-02-25 22:41:36,2021-02-26 07:14:04,81,13.7,435,512,187,94,154,77,537,44,85,79,false
2021-02-24 22:01:10,2021-02-25 22:41:36,UTC+01:00,2021-02-24 22:01:10,2021-02-25 06:01:51,81,13.7,460,478,215,96,149,18,565,37,96,74,false
2021-02-23 22:04:38,2021-02-24 22:01:10,UTC+01:00,2021-02-23 22:04:38,2021-02-24 05:45:40,84,13.4,422,460,189,71,162,38,504,30,91,77,false
2021-02-22 22:16:00,2021-02-23 22:04:38,UTC+01:00,2021-02-22 22:16:00,2021-02-23 07:01:56,87,13.6,485,525,198,106,181,40,559,42,92,68,false
2021-02-21 23:33:02,2021-02-22 22:16:00,UTC+01:00,2021-02-21 23:33:02,2021-02-22 07:00:20,82,13.8,428,446,180,88,160,18,520,42,96,69,false
2021-02-21 00:37:14,2021-02-21 23:33:02,UTC+01:00,2021-02-21 00:37:14,2021-02-21 08:38:48,82,13.8,432,480,203,86,143,48,524,49,90,63,false
2021-02-20 00:47:22,2021-02-21 00:37:14,UTC+01:00,2021-02-20 00:47:22,2021-02-20 08:01:48,79,13.7,406,432,200,70,136,26,511,0,93,53,false
2021-02-18 20:56:11,2021-02-20 00:47:22,UTC+01:00,2021-02-18 20:56:11,2021-02-19 07:00:15,100,13.9,542,604,302,95,145,62,480,0,89,88,false
2021-02-17 21:16:32,2021-02-18 20:56:11,UTC+01:00,2021-02-17 21:16:32,2021-02-18 07:00:27,100,13.8,541,583,305,96,140,42,483,0,92,84,false
2021-02-16 21:24:01,2021-02-17 21:16:32,UTC+01:00,2021-02-16 21:24:01,2021-02-17 07:03:56,100,13.7,525,575,240,115,170,50,504,0,91,76,false
2021-02-15 21:31:52,2021-02-16 21:24:01,UTC+01:00,2021-02-15 21:31:52,2021-02-16 07:18:33,100,13.7,541,583,262,113,166,42,539,37,92,68,false
2021-02-14 23:40:12,2021-02-15 21:31:52,UTC+01:00,2021-02-14 23:40:12,2021-02-15 07:02:41,84,13.7,401,438,177,97,127,37,479,6,91,83,false
2021-02-13 23:37:34,2021-02-14 23:40:12,UTC+01:00,2021-02-13 23:37:34,2021-02-14 08:32:43,98,13.6,497,534,239,87,171,37,509,28,93,80,false
2021-02-12 23:48:52,2021-02-13 23:37:34,UTC+01:00,2021-02-12 23:48:52,2021-02-13 08:11:59,88,13.9,467,503,192,85,190,36,531,9,92,74,false
2021-02-11 21:42:09,2021-02-12 23:48:52,UTC+01:00,2021-02-11 21:42:09,2021-02-12 07:25:55,97,13.5,532,579,208,134,190,47,547,37,91,81,false
2021-02-10 23:10:21,2021-02-11 21:42:09,UTC+01:00,2021-02-10 23:10:21,2021-02-11 07:11:07,84,13.5,447,480,222,76,149,33,535,30,93,86,false
2021-02-09 22:31:59,2021-02-10 23:10:21,UTC+01:00,2021-02-09 22:31:59,2021-02-10 07:16:21,90,13.7,463,520,161,102,200,57,514,12,88,78,false
2021-02-08 22:52:12,2021-02-09 22:31:59,UTC+01:00,2021-02-08 22:52:12,2021-02-09 07:15:42,96,13.6,478,502,212,109,157,24,498,24,95,80,false
2021-02-07 22:59:42,2021-02-08 22:52:12,UTC+01:00,2021-02-07 22:59:42,2021-02-08 07:59:34,92,13.7,493,539,245,93,155,46,535,58,91,71,false
2021-02-07 01:27:31,2021-02-07 22:59:42,UTC+01:00,2021-02-07 01:27:31,2021-02-07 08:31:44,75,13.9,399,424,183,73,143,25,532,54,94,66,false
2021-02-06 00:33:04,2021-02-07 01:27:31,UTC+01:00,2021-02-06 00:33:04,2021-02-06 07:45:58,77,13.7,404,432,210,86,108,28,524,12,93,70,false
2021-02-04 22:24:36,2021-02-06 00:33:04,UTC+01:00,2021-02-04 22:24:36,2021-02-05 07:05:00,96,13.7,466,520,195,125,146,54,486,0,89,82,false
2021-02-03 21:18:52,2021-02-04 22:24:36,UTC+01:00,2021-02-03 21:18:52,2021-02-04 08:00:16,100,13.8,590,641,275,116,199,51,565,35,92,72,false
2021-02-03 00:28:20,2021-02-03 21:18:52,UTC+01:00,2021-02-03 00:28:20,2021-02-03 08:07:55,85,13.4,425,459,145,106,174,34,503,27,93,73,false
2021-02-01 22:32:46,2021-02-03 00:28:20,UTC+01:00,2021-02-01 22:32:46,2021-02-02 07:02:25,91,13.7,470,507,180,118,172,37,515,3,92,85,false
2021-01-31 22:22:15,2021-02-01 22:32:46,UTC+01:00,2021-01-31 22:22:15,2021-02-01 08:00:40,99,13.6,503,561,189,107,207,58,510,37,89,81,false
2021-01-30 23:05:54,2021-01-31 22:22:15,UTC+01:00,2021-01-30 23:05:54,2021-01-31 07:31:07,84,13.5,458,504,219,70,169,46,544,49,90,74,false
2021-01-30 01:14:12,2021-01-30 23:05:54,UTC+01:00,2021-01-30 01:14:12,2021-01-30 08:06:57,79,13.5,375,412,162,73,140,37,474,0,90,58,false
2021-01-28 22:19:34,2021-01-30 01:14:12,UTC+01:00,2021-01-28 22:19:34,2021-01-29 07:33:15,100,13.8,501,552,177,140,184,51,492,0,90,85,false
2021-01-27 21:19:26,2021-01-28 22:19:34,UTC+01:00,2021-01-27 21:19:26,2021-01-28 06:59:02,100,13.8,538,579,270,125,143,41,383,131,92,71,false
2021-01-26 22:32:35,2021-01-27 21:19:26,UTC+01:00,2021-01-27 02:47:17,2021-01-27 07:34:36,43,13.8,260,285,158,40,62,25,601,131,91,,true
2021-01-26 22:32:35,2021-01-27 21:19:26,UTC+01:00,2021-01-26 22:32:35,2021-01-27 02:31:35,44,13.5,222,238,119,45,58,16,507,12,93,74,false
2021-01-25 22:29:28,2021-01-26 22:32:35,UTC+01:00,2021-01-25 22:29:28,2021-01-26 07:16:43,96,13.5,485,519,203,108,174,34,504,0,93,70,false
2021-01-24 22:33:26,2021-01-25 22:29:28,UTC+01:00,2021-01-24 22:33:26,2021-01-25 08:06:35,100,13.8,540,571,235,121,184,31,542,68,94,54,false
2021-01-24 02:55:39,2021-01-24 22:33:26,UTC+01:00,2021-01-24 02:55:39,2021-01-24 09:59:47,71,13.8,382,420,174,92,116,38,536,58,91,40,false
2021-01-22 23:24:19,2021-01-24 02:55:39,UTC+01:00,2021-01-22 23:24:19,2021-01-23 07:15:36,75,13.9,413,468,178,95,140,55,553,21,88,88,false
2021-01-21 22:59:22,2021-01-22 23:24:19,UTC+01:00,2021-01-21 22:59:22,2021-01-22 07:59:50,93,14.1,457,540,238,94,125,83,491,18,84,92,false
2021-01-20 22:44:03,2021-01-21 22:59:22,UTC+01:00,2021-01-20 22:44:03,2021-01-21 07:34:47,94,13.8,489,530,254,105,130,41,521,30,92,93,false
2021-01-19 22:44:53,2021-01-20 22:44:03,UTC+01:00,2021-01-19 22:44:53,2021-01-20 07:36:37,90,13.7,492,529,176,134,182,37,547,24,93,83,false
2021-01-18 22:47:51,2021-01-19 22:44:53,UTC+01:00,2021-01-18 22:47:51,2021-01-19 07:32:49,92,13.9,479,518,213,103,163,39,523,15,92,75,false
2021-01-17 22:57:31,2021-01-18 22:47:51,UTC+01:00,2021-01-17 22:57:31,2021-01-18 08:08:36,95,13.7,522,546,185,133,204,24,549,75,95,66,false
2021-01-17 00:23:10,2021-01-17 22:57:31,UTC+01:00,2021-01-17 00:23:10,2021-01-17 08:16:02,68,13.7,430,471,182,85,163,41,630,140,91,63,false
2021-01-16 03:25:28,2021-01-17 00:23:10,UTC+01:00,2021-01-16 03:25:28,2021-01-16 07:00:29,40,13.5,207,214,102,34,71,7,512,37,96,47,false
2021-01-14 23:31:04,2021-01-16 03:25:28,UTC+01:00,2021-01-14 23:31:04,2021-01-15 07:01:11,84,13.9,424,448,203,94,127,24,505,33,94,76,false
2021-01-13 22:18:07,2021-01-14 23:31:04,UTC+01:00,2021-01-13 22:18:07,2021-01-14 06:01:22,89,13.5,441,461,184,81,176,20,495,6,95,75,false
2021-01-12 22:44:28,2021-01-13 22:18:07,UTC+01:00,2021-01-12 22:44:28,2021-01-13 08:00:47,98,13.7,508,555,219,102,187,47,516,36,91,69,false
2021-01-11 21:52:14,2021-01-12 22:44:28,UTC+01:00,2021-01-11 21:52:14,2021-01-12 06:45:43,88,13.7,496,532,210,87,199,36,565,54,93,59,false
2021-01-10 23:49:07,2021-01-11 21:52:14,UTC+01:00,2021-01-10 23:49:07,2021-01-11 06:33:31,77,13.4,383,404,162,91,130,21,495,82,95,77,false
2021-01-10 00:10:44,2021-01-10 23:49:07,UTC+01:00,2021-01-10 07:28:02,2021-01-10 08:30:12,11,13.7,62,62,51,10,1,0,552,82,100,,true
2021-01-10 00:10:44,2021-01-10 23:49:07,UTC+01:00,2021-01-10 00:10:44,2021-01-10 06:16:14,65,13.6,328,343,186,60,82,15,504,30,95,81,false
2021-01-09 01:07:55,2021-01-10 00:10:44,UTC+01:00,2021-01-09 01:07:55,2021-01-09 08:38:36,87,13.5,420,450,169,84,167,30,484,9,93,75,false
2021-01-07 23:09:27,2021-01-09 01:07:55,UTC+01:00,2021-01-07 23:09:27,2021-01-08 08:36:03,97,13.6,537,564,268,107,162,27,556,37,95,,false
2021-01-06 23:43:21,2021-01-07 23:09:27,UTC+01:00,2021-01-06 23:43:21,2021-01-07 06:59:39,84,13.8,411,436,192,90,129,25,489,11,94,,false
2021-01-06 00:02:21,2021-01-06 23:43:21,UTC+01:00,2021-01-06 00:02:21,2021-01-06 08:43:31,95,13.9,488,520,194,120,174,32,511,0,93,,false
